keyword_id,ranking_date,google_rank
1,2024-01-01,36
1,2024-02-01,33
1,2024-03-01,31
1,2024-04-01,30
1,2024-05-01,28
1,2024-06-01,27
1,2024-07-01,26
1,2024-08-01,24
1,2024-09-01,21
1,2024-10-01,21
1,2024-11-01,21
1,2024-12-01,19
1,2025-01-01,17
1,2025-02-01,16
1,2025-03-01,14
1,2025-04-01,13
1,2025-05-01,10
1,2025-06-01,8
1,2025-07-01,8
1,2025-08-01,8
1,2025-09-01,6
1,2025-10-01,5
1,2025-11-01,5
1,2025-12-01,4
2,2024-01-01,76
2,2024-02-01,76
2,2024-03-01,74
2,2024-04-01,71
2,2024-05-01,68
2,2024-06-01,68
2,2024-07-01,65
2,2024-08-01,64
2,2024-09-01,64
2,2024-10-01,64
2,2024-11-01,63
2,2024-12-01,60
2,2025-01-01,57
2,2025-02-01,54
2,2025-03-01,54
2,2025-04-01,54
2,2025-05-01,51
2,2025-06-01,49
2,2025-07-01,46
2,2025-08-01,45
2,2025-09-01,45
2,2025-10-01,44
2,2025-11-01,43
2,2025-12-01,43
3,2024-01-01,35
3,2024-02-01,34
3,2024-03-01,34
3,2024-04-01,33
3,2024-05-01,30
3,2024-06-01,28
3,2024-07-01,26
3,2024-08-01,24
3,2024-09-01,24
3,2024-10-01,24
3,2024-11-01,22
3,2024-12-01,19
3,2025-01-01,16
3,2025-02-01,16
3,2025-03-01,14
3,2025-04-01,11
3,2025-05-01,8
3,2025-06-01,5
3,2025-07-01,5
3,2025-08-01,3
3,2025-09-01,2
3,2025-10-01,1
3,2025-11-01,1
3,2025-12-01,1
4,2024-01-01,28
4,2024-02-01,28
4,2024-03-01,28
4,2024-04-01,28
4,2024-05-01,28
4,2024-06-01,28
4,2024-07-01,27
4,2024-08-01,25
4,2024-09-01,23
4,2024-10-01,21
4,2024-11-01,18
4,2024-12-01,17
4,2025-01-01,15
4,2025-02-01,12
4,2025-03-01,11
4,2025-04-01,10
4,2025-05-01,7
4,2025-06-01,6
4,2025-07-01,3
4,2025-08-01,1
4,2025-09-01,1
4,2025-10-01,1
4,2025-11-01,1
4,2025-12-01,1
5,2024-01-01,68
5,2024-02-01,67
5,2024-03-01,64
5,2024-04-01,61
5,2024-05-01,60
5,2024-06-01,58
5,2024-07-01,57
5,2024-08-01,56
5,2024-09-01,54
5,2024-10-01,51
5,2024-11-01,50
5,2024-12-01,47
5,2025-01-01,46
5,2025-02-01,44
5,2025-03-01,42
5,2025-04-01,42
5,2025-05-01,40
5,2025-06-01,40
5,2025-07-01,39
5,2025-08-01,36
5,2025-09-01,34
5,2025-10-01,32
5,2025-11-01,30
5,2025-12-01,29
6,2024-01-01,23
6,2024-02-01,20
6,2024-03-01,19
6,2024-04-01,16
6,2024-05-01,14
6,2024-06-01,11
6,2024-07-01,8
6,2024-08-01,8
6,2024-09-01,5
6,2024-10-01,2
6,2024-11-01,1
6,2024-12-01,1
6,2025-01-01,1
6,2025-02-01,1
6,2025-03-01,1
6,2025-04-01,1
6,2025-05-01,1
6,2025-06-01,1
6,2025-07-01,1
6,2025-08-01,1
6,2025-09-01,1
6,2025-10-01,1
6,2025-11-01,1
6,2025-12-01,1
7,2024-01-01,44
7,2024-02-01,42
7,2024-03-01,42
7,2024-04-01,40
7,2024-05-01,37
7,2024-06-01,36
7,2024-07-01,36
7,2024-08-01,33
7,2024-09-01,32
7,2024-10-01,31
7,2024-11-01,30
7,2024-12-01,27
7,2025-01-01,24
7,2025-02-01,22
7,2025-03-01,21
7,2025-04-01,20
7,2025-05-01,19
7,2025-06-01,17
7,2025-07-01,16
7,2025-08-01,13
7,2025-09-01,12
7,2025-10-01,12
7,2025-11-01,9
7,2025-12-01,7
8,2024-01-01,58
8,2024-02-01,56
8,2024-03-01,53
8,2024-04-01,51
8,2024-05-01,49
8,2024-06-01,47
8,2024-07-01,45
8,2024-08-01,44
8,2024-09-01,43
8,2024-10-01,42
8,2024-11-01,41
8,2024-12-01,41
8,2025-01-01,40
8,2025-02-01,38
8,2025-03-01,37
8,2025-04-01,36
8,2025-05-01,33
8,2025-06-01,31
8,2025-07-01,30
8,2025-08-01,29
8,2025-09-01,28
8,2025-10-01,28
8,2025-11-01,27
8,2025-12-01,24
9,2024-01-01,20
9,2024-02-01,19
9,2024-03-01,18
9,2024-04-01,17
9,2024-05-01,15
9,2024-06-01,13
9,2024-07-01,13
9,2024-08-01,10
9,2024-09-01,10
9,2024-10-01,7
9,2024-11-01,7
9,2024-12-01,5
9,2025-01-01,5
9,2025-02-01,2
9,2025-03-01,1
9,2025-04-01,1
9,2025-05-01,1
9,2025-06-01,1
9,2025-07-01,1
9,2025-08-01,1
9,2025-09-01,1
9,2025-10-01,1
9,2025-11-01,1
9,2025-12-01,1
10,2024-01-01,50
10,2024-02-01,50
10,2024-03-01,48
10,2024-04-01,48
10,2024-05-01,46
10,2024-06-01,46
10,2024-07-01,43
10,2024-08-01,42
10,2024-09-01,39
10,2024-10-01,36
10,2024-11-01,34
10,2024-12-01,32
10,2025-01-01,30
10,2025-02-01,27
10,2025-03-01,27
10,2025-04-01,27
10,2025-05-01,24
10,2025-06-01,21
10,2025-07-01,20
10,2025-08-01,18
10,2025-09-01,16
10,2025-10-01,13
10,2025-11-01,10
10,2025-12-01,10
11,2024-01-01,59
11,2024-02-01,56
11,2024-03-01,55
11,2024-04-01,54
11,2024-05-01,54
11,2024-06-01,52
11,2024-07-01,51
11,2024-08-01,51
11,2024-09-01,48
11,2024-10-01,45
11,2024-11-01,45
11,2024-12-01,43
11,2025-01-01,43
11,2025-02-01,43
11,2025-03-01,42
11,2025-04-01,42
11,2025-05-01,42
11,2025-06-01,39
11,2025-07-01,38
11,2025-08-01,35
11,2025-09-01,32
11,2025-10-01,30
11,2025-11-01,28
11,2025-12-01,27
12,2024-01-01,39
12,2024-02-01,37
12,2024-03-01,35
12,2024-04-01,33
12,2024-05-01,31
12,2024-06-01,28
12,2024-07-01,27
12,2024-08-01,24
12,2024-09-01,21
12,2024-10-01,21
12,2024-11-01,18
12,2024-12-01,16
12,2025-01-01,14
12,2025-02-01,14
12,2025-03-01,14
12,2025-04-01,14
12,2025-05-01,14
12,2025-06-01,14
12,2025-07-01,11
12,2025-08-01,11
12,2025-09-01,8
12,2025-10-01,7
12,2025-11-01,7
12,2025-12-01,7
13,2024-01-01,58
13,2024-02-01,55
13,2024-03-01,52
13,2024-04-01,52
13,2024-05-01,50
13,2024-06-01,48
13,2024-07-01,45
13,2024-08-01,45
13,2024-09-01,44
13,2024-10-01,42
13,2024-11-01,41
13,2024-12-01,39
13,2025-01-01,39
13,2025-02-01,36
13,2025-03-01,35
13,2025-04-01,34
13,2025-05-01,31
13,2025-06-01,30
13,2025-07-01,28
13,2025-08-01,25
13,2025-09-01,23
13,2025-10-01,21
13,2025-11-01,21
13,2025-12-01,19
14,2024-01-01,63
14,2024-02-01,62
14,2024-03-01,62
14,2024-04-01,60
14,2024-05-01,57
14,2024-06-01,54
14,2024-07-01,54
14,2024-08-01,53
14,2024-09-01,52
14,2024-10-01,49
14,2024-11-01,49
14,2024-12-01,46
14,2025-01-01,44
14,2025-02-01,42
14,2025-03-01,42
14,2025-04-01,42
14,2025-05-01,40
14,2025-06-01,39
14,2025-07-01,39
14,2025-08-01,37
14,2025-09-01,35
14,2025-10-01,34
14,2025-11-01,33
14,2025-12-01,32
15,2024-01-01,18
15,2024-02-01,17
15,2024-03-01,14
15,2024-04-01,14
15,2024-05-01,12
15,2024-06-01,9
15,2024-07-01,9
15,2024-08-01,9
15,2024-09-01,6
15,2024-10-01,6
15,2024-11-01,6
15,2024-12-01,3
15,2025-01-01,3
15,2025-02-01,2
15,2025-03-01,1
15,2025-04-01,1
15,2025-05-01,1
15,2025-06-01,1
15,2025-07-01,1
15,2025-08-01,1
15,2025-09-01,1
15,2025-10-01,1
15,2025-11-01,1
15,2025-12-01,1
16,2024-01-01,68
16,2024-02-01,65
16,2024-03-01,64
16,2024-04-01,62
16,2024-05-01,61
16,2024-06-01,59
16,2024-07-01,56
16,2024-08-01,53
16,2024-09-01,52
16,2024-10-01,50
16,2024-11-01,50
16,2024-12-01,47
16,2025-01-01,46
16,2025-02-01,45
16,2025-03-01,43
16,2025-04-01,42
16,2025-05-01,39
16,2025-06-01,38
16,2025-07-01,37
16,2025-08-01,37
16,2025-09-01,37
16,2025-10-01,34
16,2025-11-01,32
16,2025-12-01,32
17,2024-01-01,71
17,2024-02-01,71
17,2024-03-01,69
17,2024-04-01,69
17,2024-05-01,66
17,2024-06-01,63
17,2024-07-01,63
17,2024-08-01,61
17,2024-09-01,60
17,2024-10-01,59
17,2024-11-01,59
17,2024-12-01,57
17,2025-01-01,56
17,2025-02-01,53
17,2025-03-01,51
17,2025-04-01,50
17,2025-05-01,48
17,2025-06-01,48
17,2025-07-01,46
17,2025-08-01,45
17,2025-09-01,45
17,2025-10-01,43
17,2025-11-01,40
17,2025-12-01,39
18,2024-01-01,70
18,2024-02-01,67
18,2024-03-01,66
18,2024-04-01,63
18,2024-05-01,61
18,2024-06-01,59
18,2024-07-01,59
18,2024-08-01,56
18,2024-09-01,56
18,2024-10-01,55
18,2024-11-01,55
18,2024-12-01,54
18,2025-01-01,52
18,2025-02-01,50
18,2025-03-01,47
18,2025-04-01,46
18,2025-05-01,44
18,2025-06-01,41
18,2025-07-01,38
18,2025-08-01,38
18,2025-09-01,35
18,2025-10-01,33
18,2025-11-01,33
18,2025-12-01,32
19,2024-01-01,75
19,2024-02-01,73
19,2024-03-01,73
19,2024-04-01,73
19,2024-05-01,71
19,2024-06-01,69
19,2024-07-01,68
19,2024-08-01,67
19,2024-09-01,66
19,2024-10-01,64
19,2024-11-01,61
19,2024-12-01,59
19,2025-01-01,57
19,2025-02-01,56
19,2025-03-01,54
19,2025-04-01,54
19,2025-05-01,52
19,2025-06-01,50
19,2025-07-01,48
19,2025-08-01,46
19,2025-09-01,43
19,2025-10-01,41
19,2025-11-01,41
19,2025-12-01,41
20,2024-01-01,61
20,2024-02-01,58
20,2024-03-01,56
20,2024-04-01,54
20,2024-05-01,52
20,2024-06-01,51
20,2024-07-01,50
20,2024-08-01,49
20,2024-09-01,46
20,2024-10-01,46
20,2024-11-01,43
20,2024-12-01,42
20,2025-01-01,42
20,2025-02-01,42
20,2025-03-01,41
20,2025-04-01,40
20,2025-05-01,37
20,2025-06-01,36
20,2025-07-01,36
20,2025-08-01,34
20,2025-09-01,33
20,2025-10-01,32
20,2025-11-01,29
20,2025-12-01,26
21,2024-01-01,73
21,2024-02-01,73
21,2024-03-01,71
21,2024-04-01,70
21,2024-05-01,67
21,2024-06-01,67
21,2024-07-01,65
21,2024-08-01,64
21,2024-09-01,64
21,2024-10-01,63
21,2024-11-01,62
21,2024-12-01,62
21,2025-01-01,62
21,2025-02-01,62
21,2025-03-01,61
21,2025-04-01,60
21,2025-05-01,58
21,2025-06-01,55
21,2025-07-01,54
21,2025-08-01,51
21,2025-09-01,51
21,2025-10-01,50
21,2025-11-01,48
21,2025-12-01,46
22,2024-01-01,35
22,2024-02-01,32
22,2024-03-01,32
22,2024-04-01,30
22,2024-05-01,27
22,2024-06-01,25
22,2024-07-01,23
22,2024-08-01,23
22,2024-09-01,20
22,2024-10-01,17
22,2024-11-01,15
22,2024-12-01,13
22,2025-01-01,13
22,2025-02-01,12
22,2025-03-01,11
22,2025-04-01,9
22,2025-05-01,8
22,2025-06-01,7
22,2025-07-01,6
22,2025-08-01,5
22,2025-09-01,3
22,2025-10-01,2
22,2025-11-01,1
22,2025-12-01,1
23,2024-01-01,27
23,2024-02-01,24
23,2024-03-01,24
23,2024-04-01,24
23,2024-05-01,22
23,2024-06-01,19
23,2024-07-01,18
23,2024-08-01,18
23,2024-09-01,15
23,2024-10-01,13
23,2024-11-01,12
23,2024-12-01,10
23,2025-01-01,10
23,2025-02-01,7
23,2025-03-01,4
23,2025-04-01,1
23,2025-05-01,1
23,2025-06-01,1
23,2025-07-01,1
23,2025-08-01,1
23,2025-09-01,1
23,2025-10-01,1
23,2025-11-01,1
23,2025-12-01,1
24,2024-01-01,26
24,2024-02-01,25
24,2024-03-01,24
24,2024-04-01,23
24,2024-05-01,23
24,2024-06-01,22
24,2024-07-01,19
24,2024-08-01,16
24,2024-09-01,13
24,2024-10-01,13
24,2024-11-01,12
24,2024-12-01,12
24,2025-01-01,11
24,2025-02-01,9
24,2025-03-01,7
24,2025-04-01,7
24,2025-05-01,4
24,2025-06-01,4
24,2025-07-01,1
24,2025-08-01,1
24,2025-09-01,1
24,2025-10-01,1
24,2025-11-01,1
24,2025-12-01,1
25,2024-01-01,33
25,2024-02-01,33
25,2024-03-01,33
25,2024-04-01,33
25,2024-05-01,33
25,2024-06-01,31
25,2024-07-01,29
25,2024-08-01,26
25,2024-09-01,26
25,2024-10-01,25
25,2024-11-01,25
25,2024-12-01,23
25,2025-01-01,23
25,2025-02-01,21
25,2025-03-01,18
25,2025-04-01,15
25,2025-05-01,12
25,2025-06-01,10
25,2025-07-01,10
25,2025-08-01,10
25,2025-09-01,9
25,2025-10-01,7
25,2025-11-01,6
25,2025-12-01,3
26,2024-01-01,58
26,2024-02-01,57
26,2024-03-01,56
26,2024-04-01,55
26,2024-05-01,55
26,2024-06-01,55
26,2024-07-01,55
26,2024-08-01,53
26,2024-09-01,53
26,2024-10-01,51
26,2024-11-01,50
26,2024-12-01,49
26,2025-01-01,46
26,2025-02-01,46
26,2025-03-01,45
26,2025-04-01,45
26,2025-05-01,43
26,2025-06-01,42
26,2025-07-01,42
26,2025-08-01,41
26,2025-09-01,40
26,2025-10-01,40
26,2025-11-01,39
26,2025-12-01,38
27,2024-01-01,76
27,2024-02-01,74
27,2024-03-01,73
27,2024-04-01,70
27,2024-05-01,69
27,2024-06-01,69
27,2024-07-01,66
27,2024-08-01,64
27,2024-09-01,61
27,2024-10-01,58
27,2024-11-01,55
27,2024-12-01,55
27,2025-01-01,55
27,2025-02-01,55
27,2025-03-01,53
27,2025-04-01,53
27,2025-05-01,53
27,2025-06-01,50
27,2025-07-01,50
27,2025-08-01,49
27,2025-09-01,49
27,2025-10-01,47
27,2025-11-01,45
27,2025-12-01,44
28,2024-01-01,72
28,2024-02-01,69
28,2024-03-01,68
28,2024-04-01,65
28,2024-05-01,62
28,2024-06-01,62
28,2024-07-01,61
28,2024-08-01,61
28,2024-09-01,61
28,2024-10-01,58
28,2024-11-01,56
28,2024-12-01,55
28,2025-01-01,53
28,2025-02-01,50
28,2025-03-01,47
28,2025-04-01,44
28,2025-05-01,41
28,2025-06-01,38
28,2025-07-01,35
28,2025-08-01,33
28,2025-09-01,33
28,2025-10-01,31
28,2025-11-01,30
28,2025-12-01,28
29,2024-01-01,33
29,2024-02-01,33
29,2024-03-01,32
29,2024-04-01,30
29,2024-05-01,30
29,2024-06-01,28
29,2024-07-01,27
29,2024-08-01,25
29,2024-09-01,22
29,2024-10-01,20
29,2024-11-01,20
29,2024-12-01,18
29,2025-01-01,18
29,2025-02-01,17
29,2025-03-01,15
29,2025-04-01,14
29,2025-05-01,13
29,2025-06-01,11
29,2025-07-01,11
29,2025-08-01,10
29,2025-09-01,9
29,2025-10-01,7
29,2025-11-01,5
29,2025-12-01,3
30,2024-01-01,56
30,2024-02-01,53
30,2024-03-01,51
30,2024-04-01,51
30,2024-05-01,50
30,2024-06-01,50
30,2024-07-01,50
30,2024-08-01,47
30,2024-09-01,45
30,2024-10-01,44
30,2024-11-01,44
30,2024-12-01,42
30,2025-01-01,40
30,2025-02-01,37
30,2025-03-01,34
30,2025-04-01,31
30,2025-05-01,30
30,2025-06-01,30
30,2025-07-01,27
30,2025-08-01,24
30,2025-09-01,21
30,2025-10-01,21
30,2025-11-01,21
30,2025-12-01,18
31,2024-01-01,73
31,2024-02-01,70
31,2024-03-01,69
31,2024-04-01,68
31,2024-05-01,65
31,2024-06-01,65
31,2024-07-01,63
31,2024-08-01,63
31,2024-09-01,60
31,2024-10-01,59
31,2024-11-01,57
31,2024-12-01,57
31,2025-01-01,57
31,2025-02-01,54
31,2025-03-01,52
31,2025-04-01,51
31,2025-05-01,48
31,2025-06-01,46
31,2025-07-01,46
31,2025-08-01,43
31,2025-09-01,43
31,2025-10-01,43
31,2025-11-01,40
31,2025-12-01,37
32,2024-01-01,20
32,2024-02-01,17
32,2024-03-01,17
32,2024-04-01,16
32,2024-05-01,15
32,2024-06-01,12
32,2024-07-01,12
32,2024-08-01,11
32,2024-09-01,10
32,2024-10-01,9
32,2024-11-01,9
32,2024-12-01,6
32,2025-01-01,3
32,2025-02-01,1
32,2025-03-01,1
32,2025-04-01,1
32,2025-05-01,1
32,2025-06-01,1
32,2025-07-01,1
32,2025-08-01,1
32,2025-09-01,1
32,2025-10-01,1
32,2025-11-01,1
32,2025-12-01,1
33,2024-01-01,48
33,2024-02-01,48
33,2024-03-01,46
33,2024-04-01,45
33,2024-05-01,45
33,2024-06-01,45
33,2024-07-01,44
33,2024-08-01,41
33,2024-09-01,38
33,2024-10-01,37
33,2024-11-01,36
33,2024-12-01,34
33,2025-01-01,34
33,2025-02-01,32
33,2025-03-01,31
33,2025-04-01,29
33,2025-05-01,28
33,2025-06-01,26
33,2025-07-01,24
33,2025-08-01,21
33,2025-09-01,20
33,2025-10-01,18
33,2025-11-01,18
33,2025-12-01,16
34,2024-01-01,78
34,2024-02-01,77
34,2024-03-01,74
34,2024-04-01,71
34,2024-05-01,68
34,2024-06-01,68
34,2024-07-01,66
34,2024-08-01,65
34,2024-09-01,63
34,2024-10-01,60
34,2024-11-01,58
34,2024-12-01,58
34,2025-01-01,58
34,2025-02-01,57
34,2025-03-01,56
34,2025-04-01,53
34,2025-05-01,52
34,2025-06-01,50
34,2025-07-01,50
34,2025-08-01,50
34,2025-09-01,50
34,2025-10-01,49
34,2025-11-01,49
34,2025-12-01,49
35,2024-01-01,49
35,2024-02-01,46
35,2024-03-01,45
35,2024-04-01,45
35,2024-05-01,44
35,2024-06-01,44
35,2024-07-01,44
35,2024-08-01,44
35,2024-09-01,43
35,2024-10-01,42
35,2024-11-01,42
35,2024-12-01,40
35,2025-01-01,39
35,2025-02-01,36
35,2025-03-01,35
35,2025-04-01,35
35,2025-05-01,33
35,2025-06-01,33
35,2025-07-01,30
35,2025-08-01,29
35,2025-09-01,28
35,2025-10-01,28
35,2025-11-01,28
35,2025-12-01,25
36,2024-01-01,55
36,2024-02-01,53
36,2024-03-01,52
36,2024-04-01,50
36,2024-05-01,48
36,2024-06-01,47
36,2024-07-01,46
36,2024-08-01,45
36,2024-09-01,42
36,2024-10-01,41
36,2024-11-01,41
36,2024-12-01,40
36,2025-01-01,39
36,2025-02-01,38
36,2025-03-01,36
36,2025-04-01,33
36,2025-05-01,32
36,2025-06-01,29
36,2025-07-01,29
36,2025-08-01,29
36,2025-09-01,28
36,2025-10-01,28
36,2025-11-01,25
36,2025-12-01,23
37,2024-01-01,33
37,2024-02-01,30
37,2024-03-01,27
37,2024-04-01,27
37,2024-05-01,24
37,2024-06-01,21
37,2024-07-01,20
37,2024-08-01,17
37,2024-09-01,17
37,2024-10-01,16
37,2024-11-01,16
37,2024-12-01,14
37,2025-01-01,14
37,2025-02-01,14
37,2025-03-01,13
37,2025-04-01,10
37,2025-05-01,10
37,2025-06-01,9
37,2025-07-01,7
37,2025-08-01,6
37,2025-09-01,5
37,2025-10-01,2
37,2025-11-01,2
37,2025-12-01,1
38,2024-01-01,45
38,2024-02-01,45
38,2024-03-01,44
38,2024-04-01,44
38,2024-05-01,43
38,2024-06-01,42
38,2024-07-01,41
38,2024-08-01,39
38,2024-09-01,38
38,2024-10-01,35
38,2024-11-01,35
38,2024-12-01,33
38,2025-01-01,33
38,2025-02-01,31
38,2025-03-01,28
38,2025-04-01,26
38,2025-05-01,24
38,2025-06-01,22
38,2025-07-01,22
38,2025-08-01,21
38,2025-09-01,21
38,2025-10-01,20
38,2025-11-01,20
38,2025-12-01,17
39,2024-01-01,47
39,2024-02-01,45
39,2024-03-01,44
39,2024-04-01,41
39,2024-05-01,40
39,2024-06-01,40
39,2024-07-01,39
39,2024-08-01,39
39,2024-09-01,38
39,2024-10-01,37
39,2024-11-01,34
39,2024-12-01,33
39,2025-01-01,30
39,2025-02-01,27
39,2025-03-01,25
39,2025-04-01,23
39,2025-05-01,23
39,2025-06-01,22
39,2025-07-01,22
39,2025-08-01,21
39,2025-09-01,19
39,2025-10-01,17
39,2025-11-01,16
39,2025-12-01,15
40,2024-01-01,72
40,2024-02-01,72
40,2024-03-01,70
40,2024-04-01,69
40,2024-05-01,69
40,2024-06-01,68
40,2024-07-01,65
40,2024-08-01,65
40,2024-09-01,64
40,2024-10-01,62
40,2024-11-01,59
40,2024-12-01,58
40,2025-01-01,58
40,2025-02-01,57
40,2025-03-01,54
40,2025-04-01,54
40,2025-05-01,51
40,2025-06-01,50
40,2025-07-01,48
40,2025-08-01,46
40,2025-09-01,45
40,2025-10-01,44
40,2025-11-01,43
40,2025-12-01,43
41,2024-01-01,52
41,2024-02-01,49
41,2024-03-01,48
41,2024-04-01,45
41,2024-05-01,44
41,2024-06-01,44
41,2024-07-01,42
41,2024-08-01,41
41,2024-09-01,40
41,2024-10-01,38
41,2024-11-01,36
41,2024-12-01,36
41,2025-01-01,33
41,2025-02-01,32
41,2025-03-01,29
41,2025-04-01,28
41,2025-05-01,28
41,2025-06-01,26
41,2025-07-01,26
41,2025-08-01,24
41,2025-09-01,21
41,2025-10-01,18
41,2025-11-01,18
41,2025-12-01,16
42,2024-01-01,22
42,2024-02-01,20
42,2024-03-01,17
42,2024-04-01,14
42,2024-05-01,12
42,2024-06-01,10
42,2024-07-01,8
42,2024-08-01,5
42,2024-09-01,2
42,2024-10-01,1
42,2024-11-01,1
42,2024-12-01,1
42,2025-01-01,1
42,2025-02-01,1
42,2025-03-01,1
42,2025-04-01,1
42,2025-05-01,1
42,2025-06-01,1
42,2025-07-01,1
42,2025-08-01,1
42,2025-09-01,1
42,2025-10-01,1
42,2025-11-01,1
42,2025-12-01,1
43,2024-01-01,50
43,2024-02-01,47
43,2024-03-01,45
43,2024-04-01,43
43,2024-05-01,42
43,2024-06-01,39
43,2024-07-01,36
43,2024-08-01,33
43,2024-09-01,33
43,2024-10-01,32
43,2024-11-01,29
43,2024-12-01,29
43,2025-01-01,29
43,2025-02-01,29
43,2025-03-01,28
43,2025-04-01,28
43,2025-05-01,27
43,2025-06-01,25
43,2025-07-01,25
43,2025-08-01,22
43,2025-09-01,22
43,2025-10-01,20
43,2025-11-01,18
43,2025-12-01,18
44,2024-01-01,61
44,2024-02-01,60
44,2024-03-01,60
44,2024-04-01,59
44,2024-05-01,58
44,2024-06-01,55
44,2024-07-01,55
44,2024-08-01,53
44,2024-09-01,53
44,2024-10-01,52
44,2024-11-01,49
44,2024-12-01,49
44,2025-01-01,49
44,2025-02-01,48
44,2025-03-01,47
44,2025-04-01,47
44,2025-05-01,46
44,2025-06-01,45
44,2025-07-01,44
44,2025-08-01,43
44,2025-09-01,42
44,2025-10-01,39
44,2025-11-01,38
44,2025-12-01,36
45,2024-01-01,57
45,2024-02-01,54
45,2024-03-01,53
45,2024-04-01,53
45,2024-05-01,51
45,2024-06-01,50
45,2024-07-01,50
45,2024-08-01,49
45,2024-09-01,48
45,2024-10-01,47
45,2024-11-01,46
45,2024-12-01,45
45,2025-01-01,44
45,2025-02-01,43
45,2025-03-01,41
45,2025-04-01,38
45,2025-05-01,36
45,2025-06-01,35
45,2025-07-01,34
45,2025-08-01,32
45,2025-09-01,30
45,2025-10-01,27
45,2025-11-01,25
45,2025-12-01,22
46,2024-01-01,69
46,2024-02-01,69
46,2024-03-01,69
46,2024-04-01,69
46,2024-05-01,68
46,2024-06-01,68
46,2024-07-01,66
46,2024-08-01,64
46,2024-09-01,64
46,2024-10-01,62
46,2024-11-01,59
46,2024-12-01,58
46,2025-01-01,58
46,2025-02-01,58
46,2025-03-01,57
46,2025-04-01,55
46,2025-05-01,54
46,2025-06-01,53
46,2025-07-01,51
46,2025-08-01,50
46,2025-09-01,48
46,2025-10-01,46
46,2025-11-01,45
46,2025-12-01,42
47,2024-01-01,77
47,2024-02-01,75
47,2024-03-01,72
47,2024-04-01,69
47,2024-05-01,69
47,2024-06-01,67
47,2024-07-01,65
47,2024-08-01,64
47,2024-09-01,62
47,2024-10-01,62
47,2024-11-01,59
47,2024-12-01,56
47,2025-01-01,56
47,2025-02-01,54
47,2025-03-01,52
47,2025-04-01,52
47,2025-05-01,51
47,2025-06-01,48
47,2025-07-01,48
47,2025-08-01,48
47,2025-09-01,46
47,2025-10-01,43
47,2025-11-01,41
47,2025-12-01,41
48,2024-01-01,34
48,2024-02-01,34
48,2024-03-01,34
48,2024-04-01,33
48,2024-05-01,33
48,2024-06-01,33
48,2024-07-01,30
48,2024-08-01,27
48,2024-09-01,24
48,2024-10-01,22
48,2024-11-01,21
48,2024-12-01,18
48,2025-01-01,16
48,2025-02-01,14
48,2025-03-01,13
48,2025-04-01,12
48,2025-05-01,12
48,2025-06-01,10
48,2025-07-01,7
48,2025-08-01,6
48,2025-09-01,4
48,2025-10-01,1
48,2025-11-01,1
48,2025-12-01,1
49,2024-01-01,58
49,2024-02-01,55
49,2024-03-01,54
49,2024-04-01,54
49,2024-05-01,51
49,2024-06-01,48
49,2024-07-01,45
49,2024-08-01,43
49,2024-09-01,42
49,2024-10-01,39
49,2024-11-01,37
49,2024-12-01,36
49,2025-01-01,35
49,2025-02-01,33
49,2025-03-01,31
49,2025-04-01,28
49,2025-05-01,27
49,2025-06-01,27
49,2025-07-01,25
49,2025-08-01,24
49,2025-09-01,23
49,2025-10-01,20
49,2025-11-01,20
49,2025-12-01,17
50,2024-01-01,20
50,2024-02-01,18
50,2024-03-01,17
50,2024-04-01,16
50,2024-05-01,15
50,2024-06-01,15
50,2024-07-01,14
50,2024-08-01,12
50,2024-09-01,12
50,2024-10-01,12
50,2024-11-01,12
50,2024-12-01,12
50,2025-01-01,10
50,2025-02-01,9
50,2025-03-01,7
50,2025-04-01,6
50,2025-05-01,4
50,2025-06-01,1
50,2025-07-01,1
50,2025-08-01,1
50,2025-09-01,1
50,2025-10-01,1
50,2025-11-01,1
50,2025-12-01,1
51,2024-01-01,75
51,2024-02-01,74
51,2024-03-01,71
51,2024-04-01,69
51,2024-05-01,66
51,2024-06-01,64
51,2024-07-01,61
51,2024-08-01,60
51,2024-09-01,57
51,2024-10-01,56
51,2024-11-01,55
51,2024-12-01,53
51,2025-01-01,52
51,2025-02-01,52
51,2025-03-01,52
51,2025-04-01,52
51,2025-05-01,50
51,2025-06-01,50
51,2025-07-01,48
51,2025-08-01,46
51,2025-09-01,46
51,2025-10-01,45
51,2025-11-01,42
51,2025-12-01,40
52,2024-01-01,50
52,2024-02-01,49
52,2024-03-01,48
52,2024-04-01,48
52,2024-05-01,46
52,2024-06-01,43
52,2024-07-01,40
52,2024-08-01,38
52,2024-09-01,36
52,2024-10-01,34
52,2024-11-01,34
52,2024-12-01,33
52,2025-01-01,30
52,2025-02-01,30
52,2025-03-01,28
52,2025-04-01,26
52,2025-05-01,25
52,2025-06-01,23
52,2025-07-01,23
52,2025-08-01,23
52,2025-09-01,22
52,2025-10-01,22
52,2025-11-01,19
52,2025-12-01,19
53,2024-01-01,40
53,2024-02-01,37
53,2024-03-01,35
53,2024-04-01,35
53,2024-05-01,34
53,2024-06-01,31
53,2024-07-01,30
53,2024-08-01,30
53,2024-09-01,29
53,2024-10-01,29
53,2024-11-01,26
53,2024-12-01,25
53,2025-01-01,24
53,2025-02-01,24
53,2025-03-01,24
53,2025-04-01,22
53,2025-05-01,22
53,2025-06-01,22
53,2025-07-01,20
53,2025-08-01,20
53,2025-09-01,20
53,2025-10-01,18
53,2025-11-01,15
53,2025-12-01,12
54,2024-01-01,44
54,2024-02-01,42
54,2024-03-01,40
54,2024-04-01,37
54,2024-05-01,36
54,2024-06-01,36
54,2024-07-01,35
54,2024-08-01,34
54,2024-09-01,32
54,2024-10-01,32
54,2024-11-01,32
54,2024-12-01,30
54,2025-01-01,29
54,2025-02-01,27
54,2025-03-01,24
54,2025-04-01,24
54,2025-05-01,21
54,2025-06-01,19
54,2025-07-01,19
54,2025-08-01,16
54,2025-09-01,13
54,2025-10-01,12
54,2025-11-01,12
54,2025-12-01,9
55,2024-01-01,42
55,2024-02-01,39
55,2024-03-01,36
55,2024-04-01,33
55,2024-05-01,32
55,2024-06-01,29
55,2024-07-01,26
55,2024-08-01,26
55,2024-09-01,26
55,2024-10-01,25
55,2024-11-01,23
55,2024-12-01,23
55,2025-01-01,22
55,2025-02-01,19
55,2025-03-01,16
55,2025-04-01,15
55,2025-05-01,12
55,2025-06-01,9
55,2025-07-01,7
55,2025-08-01,4
55,2025-09-01,4
55,2025-10-01,1
55,2025-11-01,1
55,2025-12-01,1
56,2024-01-01,69
56,2024-02-01,66
56,2024-03-01,64
56,2024-04-01,61
56,2024-05-01,60
56,2024-06-01,58
56,2024-07-01,55
56,2024-08-01,55
56,2024-09-01,53
56,2024-10-01,53
56,2024-11-01,52
56,2024-12-01,49
56,2025-01-01,49
56,2025-02-01,48
56,2025-03-01,45
56,2025-04-01,44
56,2025-05-01,44
56,2025-06-01,43
56,2025-07-01,41
56,2025-08-01,38
56,2025-09-01,37
56,2025-10-01,37
56,2025-11-01,34
56,2025-12-01,32
57,2024-01-01,33
57,2024-02-01,30
57,2024-03-01,29
57,2024-04-01,28
57,2024-05-01,28
57,2024-06-01,26
57,2024-07-01,26
57,2024-08-01,25
57,2024-09-01,23
57,2024-10-01,23
57,2024-11-01,23
57,2024-12-01,23
57,2025-01-01,23
57,2025-02-01,23
57,2025-03-01,21
57,2025-04-01,21
57,2025-05-01,19
57,2025-06-01,19
57,2025-07-01,18
57,2025-08-01,17
57,2025-09-01,17
57,2025-10-01,14
57,2025-11-01,13
57,2025-12-01,11
58,2024-01-01,70
58,2024-02-01,67
58,2024-03-01,67
58,2024-04-01,66
58,2024-05-01,64
58,2024-06-01,63
58,2024-07-01,62
58,2024-08-01,62
58,2024-09-01,60
58,2024-10-01,57
58,2024-11-01,56
58,2024-12-01,56
58,2025-01-01,56
58,2025-02-01,53
58,2025-03-01,53
58,2025-04-01,52
58,2025-05-01,52
58,2025-06-01,50
58,2025-07-01,48
58,2025-08-01,47
58,2025-09-01,45
58,2025-10-01,42
58,2025-11-01,42
58,2025-12-01,41
59,2024-01-01,39
59,2024-02-01,36
59,2024-03-01,35
59,2024-04-01,34
59,2024-05-01,31
59,2024-06-01,31
59,2024-07-01,29
59,2024-08-01,27
59,2024-09-01,24
59,2024-10-01,23
59,2024-11-01,23
59,2024-12-01,23
59,2025-01-01,22
59,2025-02-01,20
59,2025-03-01,20
59,2025-04-01,17
59,2025-05-01,15
59,2025-06-01,12
59,2025-07-01,10
59,2025-08-01,9
59,2025-09-01,6
59,2025-10-01,3
59,2025-11-01,2
59,2025-12-01,1
60,2024-01-01,54
60,2024-02-01,54
60,2024-03-01,53
60,2024-04-01,51
60,2024-05-01,48
60,2024-06-01,45
60,2024-07-01,45
60,2024-08-01,42
60,2024-09-01,42
60,2024-10-01,41
60,2024-11-01,38
60,2024-12-01,36
60,2025-01-01,33
60,2025-02-01,33
60,2025-03-01,32
60,2025-04-01,32
60,2025-05-01,29
60,2025-06-01,29
60,2025-07-01,29
60,2025-08-01,28
60,2025-09-01,26
60,2025-10-01,23
60,2025-11-01,22
60,2025-12-01,20
61,2024-01-01,50
61,2024-02-01,50
61,2024-03-01,50
61,2024-04-01,49
61,2024-05-01,49
61,2024-06-01,48
61,2024-07-01,46
61,2024-08-01,44
61,2024-09-01,44
61,2024-10-01,43
61,2024-11-01,43
61,2024-12-01,42
61,2025-01-01,41
61,2025-02-01,40
61,2025-03-01,38
61,2025-04-01,37
61,2025-05-01,35
61,2025-06-01,34
61,2025-07-01,32
61,2025-08-01,29
61,2025-09-01,27
61,2025-10-01,25
61,2025-11-01,25
61,2025-12-01,24
62,2024-01-01,51
62,2024-02-01,50
62,2024-03-01,47
62,2024-04-01,44
62,2024-05-01,41
62,2024-06-01,40
62,2024-07-01,37
62,2024-08-01,34
62,2024-09-01,34
62,2024-10-01,32
62,2024-11-01,31
62,2024-12-01,29
62,2025-01-01,29
62,2025-02-01,27
62,2025-03-01,24
62,2025-04-01,21
62,2025-05-01,20
62,2025-06-01,19
62,2025-07-01,18
62,2025-08-01,18
62,2025-09-01,17
62,2025-10-01,17
62,2025-11-01,14
62,2025-12-01,12
63,2024-01-01,24
63,2024-02-01,23
63,2024-03-01,22
63,2024-04-01,21
63,2024-05-01,19
63,2024-06-01,18
63,2024-07-01,18
63,2024-08-01,15
63,2024-09-01,13
63,2024-10-01,11
63,2024-11-01,9
63,2024-12-01,7
63,2025-01-01,5
63,2025-02-01,5
63,2025-03-01,2
63,2025-04-01,1
63,2025-05-01,1
63,2025-06-01,1
63,2025-07-01,1
63,2025-08-01,1
63,2025-09-01,1
63,2025-10-01,1
63,2025-11-01,1
63,2025-12-01,1
64,2024-01-01,56
64,2024-02-01,54
64,2024-03-01,54
64,2024-04-01,53
64,2024-05-01,51
64,2024-06-01,50
64,2024-07-01,47
64,2024-08-01,46
64,2024-09-01,43
64,2024-10-01,41
64,2024-11-01,38
64,2024-12-01,35
64,2025-01-01,34
64,2025-02-01,33
64,2025-03-01,32
64,2025-04-01,30
64,2025-05-01,28
64,2025-06-01,27
64,2025-07-01,25
64,2025-08-01,23
64,2025-09-01,20
64,2025-10-01,17
64,2025-11-01,16
64,2025-12-01,14
65,2024-01-01,27
65,2024-02-01,25
65,2024-03-01,25
65,2024-04-01,24
65,2024-05-01,22
65,2024-06-01,21
65,2024-07-01,20
65,2024-08-01,19
65,2024-09-01,18
65,2024-10-01,17
65,2024-11-01,15
65,2024-12-01,15
65,2025-01-01,13
65,2025-02-01,11
65,2025-03-01,9
65,2025-04-01,6
65,2025-05-01,3
65,2025-06-01,1
65,2025-07-01,1
65,2025-08-01,1
65,2025-09-01,1
65,2025-10-01,1
65,2025-11-01,1
65,2025-12-01,1
66,2024-01-01,58
66,2024-02-01,58
66,2024-03-01,57
66,2024-04-01,55
66,2024-05-01,53
66,2024-06-01,51
66,2024-07-01,48
66,2024-08-01,47
66,2024-09-01,47
66,2024-10-01,44
66,2024-11-01,41
66,2024-12-01,38
66,2025-01-01,35
66,2025-02-01,34
66,2025-03-01,32
66,2025-04-01,32
66,2025-05-01,32
66,2025-06-01,29
66,2025-07-01,26
66,2025-08-01,25
66,2025-09-01,22
66,2025-10-01,22
66,2025-11-01,22
66,2025-12-01,20
67,2024-01-01,54
67,2024-02-01,54
67,2024-03-01,53
67,2024-04-01,52
67,2024-05-01,52
67,2024-06-01,49
67,2024-07-01,47
67,2024-08-01,47
67,2024-09-01,44
67,2024-10-01,44
67,2024-11-01,42
67,2024-12-01,40
67,2025-01-01,39
67,2025-02-01,38
67,2025-03-01,37
67,2025-04-01,36
67,2025-05-01,34
67,2025-06-01,31
67,2025-07-01,28
67,2025-08-01,25
67,2025-09-01,25
67,2025-10-01,24
67,2025-11-01,23
67,2025-12-01,21
68,2024-01-01,42
68,2024-02-01,42
68,2024-03-01,39
68,2024-04-01,37
68,2024-05-01,36
68,2024-06-01,33
68,2024-07-01,32
68,2024-08-01,29
68,2024-09-01,28
68,2024-10-01,28
68,2024-11-01,25
68,2024-12-01,24
68,2025-01-01,23
68,2025-02-01,21
68,2025-03-01,18
68,2025-04-01,17
68,2025-05-01,15
68,2025-06-01,14
68,2025-07-01,11
68,2025-08-01,11
68,2025-09-01,8
68,2025-10-01,5
68,2025-11-01,4
68,2025-12-01,3
69,2024-01-01,57
69,2024-02-01,55
69,2024-03-01,53
69,2024-04-01,52
69,2024-05-01,51
69,2024-06-01,48
69,2024-07-01,48
69,2024-08-01,47
69,2024-09-01,44
69,2024-10-01,41
69,2024-11-01,41
69,2024-12-01,39
69,2025-01-01,36
69,2025-02-01,33
69,2025-03-01,30
69,2025-04-01,28
69,2025-05-01,26
69,2025-06-01,26
69,2025-07-01,25
69,2025-08-01,23
69,2025-09-01,22
69,2025-10-01,21
69,2025-11-01,19
69,2025-12-01,16
70,2024-01-01,47
70,2024-02-01,44
70,2024-03-01,42
70,2024-04-01,41
70,2024-05-01,40
70,2024-06-01,39
70,2024-07-01,36
70,2024-08-01,33
70,2024-09-01,30
70,2024-10-01,29
70,2024-11-01,28
70,2024-12-01,28
70,2025-01-01,28
70,2025-02-01,25
70,2025-03-01,22
70,2025-04-01,20
70,2025-05-01,17
70,2025-06-01,17
70,2025-07-01,17
70,2025-08-01,17
70,2025-09-01,16
70,2025-10-01,15
70,2025-11-01,12
70,2025-12-01,10
71,2024-01-01,65
71,2024-02-01,65
71,2024-03-01,65
71,2024-04-01,64
71,2024-05-01,62
71,2024-06-01,60
71,2024-07-01,57
71,2024-08-01,54
71,2024-09-01,52
71,2024-10-01,51
71,2024-11-01,49
71,2024-12-01,46
71,2025-01-01,44
71,2025-02-01,43
71,2025-03-01,43
71,2025-04-01,42
71,2025-05-01,41
71,2025-06-01,38
71,2025-07-01,37
71,2025-08-01,36
71,2025-09-01,33
71,2025-10-01,30
71,2025-11-01,30
71,2025-12-01,28
72,2024-01-01,54
72,2024-02-01,54
72,2024-03-01,52
72,2024-04-01,49
72,2024-05-01,47
72,2024-06-01,45
72,2024-07-01,44
72,2024-08-01,43
72,2024-09-01,40
72,2024-10-01,38
72,2024-11-01,35
72,2024-12-01,32
72,2025-01-01,30
72,2025-02-01,27
72,2025-03-01,25
72,2025-04-01,23
72,2025-05-01,21
72,2025-06-01,19
72,2025-07-01,19
72,2025-08-01,17
72,2025-09-01,16
72,2025-10-01,15
72,2025-11-01,14
72,2025-12-01,12
73,2024-01-01,77
73,2024-02-01,74
73,2024-03-01,72
73,2024-04-01,71
73,2024-05-01,71
73,2024-06-01,68
73,2024-07-01,68
73,2024-08-01,67
73,2024-09-01,67
73,2024-10-01,64
73,2024-11-01,63
73,2024-12-01,60
73,2025-01-01,60
73,2025-02-01,58
73,2025-03-01,56
73,2025-04-01,54
73,2025-05-01,52
73,2025-06-01,49
73,2025-07-01,47
73,2025-08-01,44
73,2025-09-01,43
73,2025-10-01,41
73,2025-11-01,38
73,2025-12-01,36
74,2024-01-01,36
74,2024-02-01,33
74,2024-03-01,33
74,2024-04-01,31
74,2024-05-01,29
74,2024-06-01,28
74,2024-07-01,28
74,2024-08-01,25
74,2024-09-01,24
74,2024-10-01,22
74,2024-11-01,21
74,2024-12-01,20
74,2025-01-01,18
74,2025-02-01,18
74,2025-03-01,18
74,2025-04-01,17
74,2025-05-01,15
74,2025-06-01,12
74,2025-07-01,11
74,2025-08-01,8
74,2025-09-01,7
74,2025-10-01,6
74,2025-11-01,4
74,2025-12-01,2
75,2024-01-01,56
75,2024-02-01,56
75,2024-03-01,54
75,2024-04-01,53
75,2024-05-01,52
75,2024-06-01,52
75,2024-07-01,50
75,2024-08-01,49
75,2024-09-01,49
75,2024-10-01,49
75,2024-11-01,48
75,2024-12-01,47
75,2025-01-01,44
75,2025-02-01,42
75,2025-03-01,39
75,2025-04-01,39
75,2025-05-01,38
75,2025-06-01,35
75,2025-07-01,35
75,2025-08-01,33
75,2025-09-01,32
75,2025-10-01,29
75,2025-11-01,27
75,2025-12-01,24
76,2024-01-01,62
76,2024-02-01,59
76,2024-03-01,57
76,2024-04-01,57
76,2024-05-01,55
76,2024-06-01,52
76,2024-07-01,52
76,2024-08-01,51
76,2024-09-01,48
76,2024-10-01,45
76,2024-11-01,45
76,2024-12-01,45
76,2025-01-01,44
76,2025-02-01,41
76,2025-03-01,41
76,2025-04-01,40
76,2025-05-01,39
76,2025-06-01,39
76,2025-07-01,36
76,2025-08-01,34
76,2025-09-01,32
76,2025-10-01,31
76,2025-11-01,29
76,2025-12-01,27
77,2024-01-01,71
77,2024-02-01,68
77,2024-03-01,67
77,2024-04-01,67
77,2024-05-01,65
77,2024-06-01,62
77,2024-07-01,61
77,2024-08-01,59
77,2024-09-01,58
77,2024-10-01,55
77,2024-11-01,54
77,2024-12-01,53
77,2025-01-01,52
77,2025-02-01,50
77,2025-03-01,47
77,2025-04-01,44
77,2025-05-01,42
77,2025-06-01,40
77,2025-07-01,38
77,2025-08-01,38
77,2025-09-01,37
77,2025-10-01,36
77,2025-11-01,33
77,2025-12-01,32
78,2024-01-01,54
78,2024-02-01,51
78,2024-03-01,48
78,2024-04-01,47
78,2024-05-01,44
78,2024-06-01,42
78,2024-07-01,39
78,2024-08-01,37
78,2024-09-01,37
78,2024-10-01,37
78,2024-11-01,35
78,2024-12-01,34
78,2025-01-01,31
78,2025-02-01,30
78,2025-03-01,27
78,2025-04-01,27
78,2025-05-01,27
78,2025-06-01,27
78,2025-07-01,24
78,2025-08-01,24
78,2025-09-01,24
78,2025-10-01,24
78,2025-11-01,24
78,2025-12-01,23
79,2024-01-01,40
79,2024-02-01,39
79,2024-03-01,38
79,2024-04-01,35
79,2024-05-01,33
79,2024-06-01,33
79,2024-07-01,33
79,2024-08-01,33
79,2024-09-01,30
79,2024-10-01,30
79,2024-11-01,28
79,2024-12-01,27
79,2025-01-01,24
79,2025-02-01,23
79,2025-03-01,23
79,2025-04-01,23
79,2025-05-01,23
79,2025-06-01,21
79,2025-07-01,19
79,2025-08-01,16
79,2025-09-01,15
79,2025-10-01,15
79,2025-11-01,15
79,2025-12-01,15
80,2024-01-01,42
80,2024-02-01,41
80,2024-03-01,40
80,2024-04-01,37
80,2024-05-01,35
80,2024-06-01,35
80,2024-07-01,34
80,2024-08-01,33
80,2024-09-01,31
80,2024-10-01,28
80,2024-11-01,25
80,2024-12-01,25
80,2025-01-01,22
80,2025-02-01,21
80,2025-03-01,18
80,2025-04-01,18
80,2025-05-01,17
80,2025-06-01,14
80,2025-07-01,11
80,2025-08-01,9
80,2025-09-01,9
80,2025-10-01,6
80,2025-11-01,4
80,2025-12-01,3
81,2024-01-01,60
81,2024-02-01,57
81,2024-03-01,54
81,2024-04-01,51
81,2024-05-01,49
81,2024-06-01,48
81,2024-07-01,48
81,2024-08-01,46
81,2024-09-01,43
81,2024-10-01,43
81,2024-11-01,42
81,2024-12-01,42
81,2025-01-01,39
81,2025-02-01,37
81,2025-03-01,35
81,2025-04-01,32
81,2025-05-01,30
81,2025-06-01,27
81,2025-07-01,25
81,2025-08-01,23
81,2025-09-01,21
81,2025-10-01,20
81,2025-11-01,19
81,2025-12-01,16
82,2024-01-01,42
82,2024-02-01,42
82,2024-03-01,42
82,2024-04-01,41
82,2024-05-01,41
82,2024-06-01,41
82,2024-07-01,39
82,2024-08-01,37
82,2024-09-01,34
82,2024-10-01,34
82,2024-11-01,31
82,2024-12-01,28
82,2025-01-01,28
82,2025-02-01,27
82,2025-03-01,27
82,2025-04-01,25
82,2025-05-01,25
82,2025-06-01,24
82,2025-07-01,21
82,2025-08-01,18
82,2025-09-01,16
82,2025-10-01,14
82,2025-11-01,12
82,2025-12-01,9
83,2024-01-01,34
83,2024-02-01,31
83,2024-03-01,30
83,2024-04-01,27
83,2024-05-01,27
83,2024-06-01,27
83,2024-07-01,25
83,2024-08-01,22
83,2024-09-01,19
83,2024-10-01,16
83,2024-11-01,15
83,2024-12-01,13
83,2025-01-01,13
83,2025-02-01,13
83,2025-03-01,11
83,2025-04-01,11
83,2025-05-01,11
83,2025-06-01,9
83,2025-07-01,9
83,2025-08-01,6
83,2025-09-01,5
83,2025-10-01,3
83,2025-11-01,2
83,2025-12-01,2
84,2024-01-01,29
84,2024-02-01,27
84,2024-03-01,27
84,2024-04-01,25
84,2024-05-01,23
84,2024-06-01,21
84,2024-07-01,19
84,2024-08-01,17
84,2024-09-01,16
84,2024-10-01,13
84,2024-11-01,11
84,2024-12-01,10
84,2025-01-01,10
84,2025-02-01,8
84,2025-03-01,8
84,2025-04-01,6
84,2025-05-01,5
84,2025-06-01,4
84,2025-07-01,3
84,2025-08-01,1
84,2025-09-01,1
84,2025-10-01,1
84,2025-11-01,1
84,2025-12-01,1
85,2024-01-01,65
85,2024-02-01,64
85,2024-03-01,61
85,2024-04-01,58
85,2024-05-01,57
85,2024-06-01,56
85,2024-07-01,54
85,2024-08-01,51
85,2024-09-01,48
85,2024-10-01,46
85,2024-11-01,43
85,2024-12-01,42
85,2025-01-01,42
85,2025-02-01,42
85,2025-03-01,39
85,2025-04-01,37
85,2025-05-01,36
85,2025-06-01,36
85,2025-07-01,35
85,2025-08-01,32
85,2025-09-01,29
85,2025-10-01,29
85,2025-11-01,26
85,2025-12-01,24
86,2024-01-01,72
86,2024-02-01,69
86,2024-03-01,68
86,2024-04-01,67
86,2024-05-01,67
86,2024-06-01,67
86,2024-07-01,67
86,2024-08-01,64
86,2024-09-01,63
86,2024-10-01,61
86,2024-11-01,58
86,2024-12-01,55
86,2025-01-01,52
86,2025-02-01,50
86,2025-03-01,50
86,2025-04-01,48
86,2025-05-01,48
86,2025-06-01,46
86,2025-07-01,45
86,2025-08-01,42
86,2025-09-01,39
86,2025-10-01,36
86,2025-11-01,36
86,2025-12-01,34
87,2024-01-01,35
87,2024-02-01,32
87,2024-03-01,31
87,2024-04-01,30
87,2024-05-01,27
87,2024-06-01,25
87,2024-07-01,22
87,2024-08-01,20
87,2024-09-01,19
87,2024-10-01,18
87,2024-11-01,15
87,2024-12-01,14
87,2025-01-01,14
87,2025-02-01,13
87,2025-03-01,13
87,2025-04-01,12
87,2025-05-01,9
87,2025-06-01,6
87,2025-07-01,6
87,2025-08-01,3
87,2025-09-01,2
87,2025-10-01,1
87,2025-11-01,1
87,2025-12-01,1
88,2024-01-01,48
88,2024-02-01,47
88,2024-03-01,44
88,2024-04-01,44
88,2024-05-01,41
88,2024-06-01,41
88,2024-07-01,38
88,2024-08-01,37
88,2024-09-01,35
88,2024-10-01,32
88,2024-11-01,32
88,2024-12-01,30
88,2025-01-01,30
88,2025-02-01,29
88,2025-03-01,27
88,2025-04-01,27
88,2025-05-01,24
88,2025-06-01,23
88,2025-07-01,22
88,2025-08-01,21
88,2025-09-01,18
88,2025-10-01,15
88,2025-11-01,13
88,2025-12-01,10
89,2024-01-01,69
89,2024-02-01,67
89,2024-03-01,67
89,2024-04-01,66
89,2024-05-01,65
89,2024-06-01,63
89,2024-07-01,62
89,2024-08-01,59
89,2024-09-01,59
89,2024-10-01,57
89,2024-11-01,55
89,2024-12-01,54
89,2025-01-01,51
89,2025-02-01,50
89,2025-03-01,49
89,2025-04-01,47
89,2025-05-01,46
89,2025-06-01,46
89,2025-07-01,45
89,2025-08-01,44
89,2025-09-01,42
89,2025-10-01,41
89,2025-11-01,38
89,2025-12-01,36
90,2024-01-01,73
90,2024-02-01,73
90,2024-03-01,71
90,2024-04-01,69
90,2024-05-01,68
90,2024-06-01,65
90,2024-07-01,64
90,2024-08-01,64
90,2024-09-01,61
90,2024-10-01,58
90,2024-11-01,55
90,2024-12-01,54
90,2025-01-01,54
90,2025-02-01,52
90,2025-03-01,51
90,2025-04-01,49
90,2025-05-01,46
90,2025-06-01,43
90,2025-07-01,42
90,2025-08-01,42
90,2025-09-01,39
90,2025-10-01,37
90,2025-11-01,35
90,2025-12-01,34
91,2024-01-01,78
91,2024-02-01,75
91,2024-03-01,73
91,2024-04-01,71
91,2024-05-01,68
91,2024-06-01,67
91,2024-07-01,65
91,2024-08-01,64
91,2024-09-01,63
91,2024-10-01,61
91,2024-11-01,61
91,2024-12-01,60
91,2025-01-01,58
91,2025-02-01,57
91,2025-03-01,54
91,2025-04-01,54
91,2025-05-01,54
91,2025-06-01,51
91,2025-07-01,48
91,2025-08-01,47
91,2025-09-01,44
91,2025-10-01,44
91,2025-11-01,41
91,2025-12-01,39
92,2024-01-01,21
92,2024-02-01,21
92,2024-03-01,19
92,2024-04-01,16
92,2024-05-01,14
92,2024-06-01,12
92,2024-07-01,11
92,2024-08-01,8
92,2024-09-01,5
92,2024-10-01,2
92,2024-11-01,1
92,2024-12-01,1
92,2025-01-01,1
92,2025-02-01,1
92,2025-03-01,1
92,2025-04-01,1
92,2025-05-01,1
92,2025-06-01,1
92,2025-07-01,1
92,2025-08-01,1
92,2025-09-01,1
92,2025-10-01,1
92,2025-11-01,1
92,2025-12-01,1
93,2024-01-01,20
93,2024-02-01,17
93,2024-03-01,17
93,2024-04-01,17
93,2024-05-01,14
93,2024-06-01,11
93,2024-07-01,9
93,2024-08-01,9
93,2024-09-01,7
93,2024-10-01,5
93,2024-11-01,4
93,2024-12-01,4
93,2025-01-01,4
93,2025-02-01,3
93,2025-03-01,1
93,2025-04-01,1
93,2025-05-01,1
93,2025-06-01,1
93,2025-07-01,1
93,2025-08-01,1
93,2025-09-01,1
93,2025-10-01,1
93,2025-11-01,1
93,2025-12-01,1
94,2024-01-01,20
94,2024-02-01,17
94,2024-03-01,17
94,2024-04-01,17
94,2024-05-01,15
94,2024-06-01,13
94,2024-07-01,12
94,2024-08-01,12
94,2024-09-01,10
94,2024-10-01,7
94,2024-11-01,4
94,2024-12-01,4
94,2025-01-01,1
94,2025-02-01,1
94,2025-03-01,1
94,2025-04-01,1
94,2025-05-01,1
94,2025-06-01,1
94,2025-07-01,1
94,2025-08-01,1
94,2025-09-01,1
94,2025-10-01,1
94,2025-11-01,1
94,2025-12-01,1
95,2024-01-01,34
95,2024-02-01,32
95,2024-03-01,31
95,2024-04-01,29
95,2024-05-01,26
95,2024-06-01,24
95,2024-07-01,24
95,2024-08-01,23
95,2024-09-01,23
95,2024-10-01,20
95,2024-11-01,18
95,2024-12-01,18
95,2025-01-01,18
95,2025-02-01,18
95,2025-03-01,18
95,2025-04-01,15
95,2025-05-01,12
95,2025-06-01,10
95,2025-07-01,8
95,2025-08-01,7
95,2025-09-01,4
95,2025-10-01,4
95,2025-11-01,4
95,2025-12-01,3
96,2024-01-01,59
96,2024-02-01,57
96,2024-03-01,54
96,2024-04-01,53
96,2024-05-01,53
96,2024-06-01,52
96,2024-07-01,50
96,2024-08-01,50
96,2024-09-01,48
96,2024-10-01,46
96,2024-11-01,45
96,2024-12-01,43
96,2025-01-01,43
96,2025-02-01,41
96,2025-03-01,39
96,2025-04-01,38
96,2025-05-01,36
96,2025-06-01,33
96,2025-07-01,32
96,2025-08-01,31
96,2025-09-01,31
96,2025-10-01,31
96,2025-11-01,31
96,2025-12-01,31
97,2024-01-01,46
97,2024-02-01,44
97,2024-03-01,44
97,2024-04-01,44
97,2024-05-01,44
97,2024-06-01,42
97,2024-07-01,42
97,2024-08-01,40
97,2024-09-01,39
97,2024-10-01,38
97,2024-11-01,37
97,2024-12-01,34
97,2025-01-01,32
97,2025-02-01,32
97,2025-03-01,32
97,2025-04-01,32
97,2025-05-01,32
97,2025-06-01,29
97,2025-07-01,29
97,2025-08-01,26
97,2025-09-01,24
97,2025-10-01,23
97,2025-11-01,23
97,2025-12-01,22
98,2024-01-01,48
98,2024-02-01,48
98,2024-03-01,46
98,2024-04-01,45
98,2024-05-01,45
98,2024-06-01,42
98,2024-07-01,42
98,2024-08-01,41
98,2024-09-01,41
98,2024-10-01,41
98,2024-11-01,40
98,2024-12-01,40
98,2025-01-01,40
98,2025-02-01,39
98,2025-03-01,37
98,2025-04-01,36
98,2025-05-01,36
98,2025-06-01,33
98,2025-07-01,30
98,2025-08-01,29
98,2025-09-01,26
98,2025-10-01,26
98,2025-11-01,26
98,2025-12-01,25
99,2024-01-01,54
99,2024-02-01,54
99,2024-03-01,53
99,2024-04-01,51
99,2024-05-01,49
99,2024-06-01,46
99,2024-07-01,46
99,2024-08-01,45
99,2024-09-01,42
99,2024-10-01,39
99,2024-11-01,39
99,2024-12-01,39
99,2025-01-01,38
99,2025-02-01,35
99,2025-03-01,34
99,2025-04-01,31
99,2025-05-01,28
99,2025-06-01,25
99,2025-07-01,25
99,2025-08-01,22
99,2025-09-01,19
99,2025-10-01,16
99,2025-11-01,14
99,2025-12-01,14
100,2024-01-01,38
100,2024-02-01,37
100,2024-03-01,35
100,2024-04-01,34
100,2024-05-01,31
100,2024-06-01,30
100,2024-07-01,29
100,2024-08-01,28
100,2024-09-01,27
100,2024-10-01,27
100,2024-11-01,25
100,2024-12-01,25
100,2025-01-01,25
100,2025-02-01,25
100,2025-03-01,24
100,2025-04-01,24
100,2025-05-01,22
100,2025-06-01,22
100,2025-07-01,19
100,2025-08-01,18
100,2025-09-01,15
100,2025-10-01,13
100,2025-11-01,11
100,2025-12-01,9
101,2024-01-01,67
101,2024-02-01,65
101,2024-03-01,62
101,2024-04-01,60
101,2024-05-01,59
101,2024-06-01,56
101,2024-07-01,53
101,2024-08-01,50
101,2024-09-01,50
101,2024-10-01,48
101,2024-11-01,48
101,2024-12-01,45
101,2025-01-01,45
101,2025-02-01,45
101,2025-03-01,45
101,2025-04-01,43
101,2025-05-01,40
101,2025-06-01,37
101,2025-07-01,35
101,2025-08-01,35
101,2025-09-01,35
101,2025-10-01,34
101,2025-11-01,33
101,2025-12-01,32
102,2024-01-01,59
102,2024-02-01,58
102,2024-03-01,55
102,2024-04-01,52
102,2024-05-01,49
102,2024-06-01,47
102,2024-07-01,45
102,2024-08-01,43
102,2024-09-01,41
102,2024-10-01,40
102,2024-11-01,40
102,2024-12-01,40
102,2025-01-01,40
102,2025-02-01,39
102,2025-03-01,39
102,2025-04-01,38
102,2025-05-01,37
102,2025-06-01,36
102,2025-07-01,36
102,2025-08-01,33
102,2025-09-01,33
102,2025-10-01,33
102,2025-11-01,31
102,2025-12-01,30
103,2024-01-01,25
103,2024-02-01,22
103,2024-03-01,19
103,2024-04-01,18
103,2024-05-01,18
103,2024-06-01,17
103,2024-07-01,16
103,2024-08-01,14
103,2024-09-01,13
103,2024-10-01,13
103,2024-11-01,10
103,2024-12-01,9
103,2025-01-01,6
103,2025-02-01,5
103,2025-03-01,2
103,2025-04-01,1
103,2025-05-01,1
103,2025-06-01,1
103,2025-07-01,1
103,2025-08-01,1
103,2025-09-01,1
103,2025-10-01,1
103,2025-11-01,1
103,2025-12-01,1
104,2024-01-01,69
104,2024-02-01,69
104,2024-03-01,69
104,2024-04-01,68
104,2024-05-01,68
104,2024-06-01,67
104,2024-07-01,64
104,2024-08-01,61
104,2024-09-01,61
104,2024-10-01,58
104,2024-11-01,56
104,2024-12-01,54
104,2025-01-01,54
104,2025-02-01,54
104,2025-03-01,53
104,2025-04-01,50
104,2025-05-01,49
104,2025-06-01,48
104,2025-07-01,46
104,2025-08-01,44
104,2025-09-01,42
104,2025-10-01,40
104,2025-11-01,39
104,2025-12-01,37
105,2024-01-01,73
105,2024-02-01,71
105,2024-03-01,69
105,2024-04-01,69
105,2024-05-01,66
105,2024-06-01,63
105,2024-07-01,62
105,2024-08-01,61
105,2024-09-01,59
105,2024-10-01,59
105,2024-11-01,58
105,2024-12-01,57
105,2025-01-01,55
105,2025-02-01,53
105,2025-03-01,52
105,2025-04-01,51
105,2025-05-01,48
105,2025-06-01,48
105,2025-07-01,45
105,2025-08-01,44
105,2025-09-01,41
105,2025-10-01,38
105,2025-11-01,37
105,2025-12-01,35
106,2024-01-01,43
106,2024-02-01,42
106,2024-03-01,41
106,2024-04-01,40
106,2024-05-01,40
106,2024-06-01,38
106,2024-07-01,38
106,2024-08-01,37
106,2024-09-01,34
106,2024-10-01,34
106,2024-11-01,32
106,2024-12-01,31
106,2025-01-01,31
106,2025-02-01,28
106,2025-03-01,28
106,2025-04-01,26
106,2025-05-01,26
106,2025-06-01,23
106,2025-07-01,20
106,2025-08-01,18
106,2025-09-01,15
106,2025-10-01,14
106,2025-11-01,11
106,2025-12-01,10
107,2024-01-01,19
107,2024-02-01,18
107,2024-03-01,18
107,2024-04-01,15
107,2024-05-01,14
107,2024-06-01,11
107,2024-07-01,11
107,2024-08-01,9
107,2024-09-01,6
107,2024-10-01,3
107,2024-11-01,1
107,2024-12-01,1
107,2025-01-01,1
107,2025-02-01,1
107,2025-03-01,1
107,2025-04-01,1
107,2025-05-01,1
107,2025-06-01,1
107,2025-07-01,1
107,2025-08-01,1
107,2025-09-01,1
107,2025-10-01,1
107,2025-11-01,1
107,2025-12-01,1
108,2024-01-01,66
108,2024-02-01,64
108,2024-03-01,62
108,2024-04-01,60
108,2024-05-01,60
108,2024-06-01,60
108,2024-07-01,60
108,2024-08-01,59
108,2024-09-01,58
108,2024-10-01,56
108,2024-11-01,55
108,2024-12-01,52
108,2025-01-01,52
108,2025-02-01,50
108,2025-03-01,48
108,2025-04-01,45
108,2025-05-01,44
108,2025-06-01,42
108,2025-07-01,41
108,2025-08-01,40
108,2025-09-01,37
108,2025-10-01,35
108,2025-11-01,34
108,2025-12-01,33
109,2024-01-01,48
109,2024-02-01,47
109,2024-03-01,44
109,2024-04-01,43
109,2024-05-01,41
109,2024-06-01,41
109,2024-07-01,38
109,2024-08-01,38
109,2024-09-01,37
109,2024-10-01,36
109,2024-11-01,35
109,2024-12-01,35
109,2025-01-01,34
109,2025-02-01,31
109,2025-03-01,29
109,2025-04-01,27
109,2025-05-01,24
109,2025-06-01,22
109,2025-07-01,22
109,2025-08-01,21
109,2025-09-01,20
109,2025-10-01,19
109,2025-11-01,19
109,2025-12-01,19
110,2024-01-01,25
110,2024-02-01,25
110,2024-03-01,23
110,2024-04-01,20
110,2024-05-01,17
110,2024-06-01,14
110,2024-07-01,14
110,2024-08-01,11
110,2024-09-01,11
110,2024-10-01,11
110,2024-11-01,8
110,2024-12-01,7
110,2025-01-01,6
110,2025-02-01,3
110,2025-03-01,2
110,2025-04-01,1
110,2025-05-01,1
110,2025-06-01,1
110,2025-07-01,1
110,2025-08-01,1
110,2025-09-01,1
110,2025-10-01,1
110,2025-11-01,1
110,2025-12-01,1
111,2024-01-01,35
111,2024-02-01,32
111,2024-03-01,32
111,2024-04-01,30
111,2024-05-01,30
111,2024-06-01,28
111,2024-07-01,26
111,2024-08-01,25
111,2024-09-01,25
111,2024-10-01,25
111,2024-11-01,25
111,2024-12-01,22
111,2025-01-01,21
111,2025-02-01,20
111,2025-03-01,19
111,2025-04-01,16
111,2025-05-01,16
111,2025-06-01,16
111,2025-07-01,16
111,2025-08-01,15
111,2025-09-01,14
111,2025-10-01,12
111,2025-11-01,9
111,2025-12-01,6
112,2024-01-01,35
112,2024-02-01,35
112,2024-03-01,34
112,2024-04-01,31
112,2024-05-01,28
112,2024-06-01,25
112,2024-07-01,25
112,2024-08-01,22
112,2024-09-01,22
112,2024-10-01,22
112,2024-11-01,22
112,2024-12-01,21
112,2025-01-01,21
112,2025-02-01,19
112,2025-03-01,16
112,2025-04-01,15
112,2025-05-01,12
112,2025-06-01,12
112,2025-07-01,11
112,2025-08-01,9
112,2025-09-01,9
112,2025-10-01,6
112,2025-11-01,4
112,2025-12-01,4
113,2024-01-01,58
113,2024-02-01,57
113,2024-03-01,57
113,2024-04-01,56
113,2024-05-01,56
113,2024-06-01,56
113,2024-07-01,53
113,2024-08-01,51
113,2024-09-01,49
113,2024-10-01,47
113,2024-11-01,47
113,2024-12-01,47
113,2025-01-01,47
113,2025-02-01,46
113,2025-03-01,45
113,2025-04-01,42
113,2025-05-01,42
113,2025-06-01,40
113,2025-07-01,38
113,2025-08-01,35
113,2025-09-01,33
113,2025-10-01,30
113,2025-11-01,30
113,2025-12-01,28
114,2024-01-01,59
114,2024-02-01,57
114,2024-03-01,56
114,2024-04-01,54
114,2024-05-01,54
114,2024-06-01,51
114,2024-07-01,51
114,2024-08-01,51
114,2024-09-01,51
114,2024-10-01,49
114,2024-11-01,46
114,2024-12-01,45
114,2025-01-01,45
114,2025-02-01,43
114,2025-03-01,42
114,2025-04-01,42
114,2025-05-01,41
114,2025-06-01,41
114,2025-07-01,40
114,2025-08-01,39
114,2025-09-01,36
114,2025-10-01,33
114,2025-11-01,33
114,2025-12-01,31
115,2024-01-01,26
115,2024-02-01,23
115,2024-03-01,20
115,2024-04-01,20
115,2024-05-01,17
115,2024-06-01,14
115,2024-07-01,13
115,2024-08-01,10
115,2024-09-01,9
115,2024-10-01,6
115,2024-11-01,3
115,2024-12-01,1
115,2025-01-01,1
115,2025-02-01,1
115,2025-03-01,1
115,2025-04-01,1
115,2025-05-01,1
115,2025-06-01,1
115,2025-07-01,1
115,2025-08-01,1
115,2025-09-01,1
115,2025-10-01,1
115,2025-11-01,1
115,2025-12-01,1
116,2024-01-01,58
116,2024-02-01,58
116,2024-03-01,56
116,2024-04-01,53
116,2024-05-01,50
116,2024-06-01,50
116,2024-07-01,47
116,2024-08-01,46
116,2024-09-01,44
116,2024-10-01,44
116,2024-11-01,43
116,2024-12-01,40
116,2025-01-01,39
116,2025-02-01,36
116,2025-03-01,36
116,2025-04-01,35
116,2025-05-01,33
116,2025-06-01,33
116,2025-07-01,32
116,2025-08-01,31
116,2025-09-01,28
116,2025-10-01,28
116,2025-11-01,28
116,2025-12-01,28
117,2024-01-01,21
117,2024-02-01,19
117,2024-03-01,19
117,2024-04-01,16
117,2024-05-01,14
117,2024-06-01,12
117,2024-07-01,9
117,2024-08-01,9
117,2024-09-01,7
117,2024-10-01,7
117,2024-11-01,7
117,2024-12-01,6
117,2025-01-01,6
117,2025-02-01,5
117,2025-03-01,3
117,2025-04-01,1
117,2025-05-01,1
117,2025-06-01,1
117,2025-07-01,1
117,2025-08-01,1
117,2025-09-01,1
117,2025-10-01,1
117,2025-11-01,1
117,2025-12-01,1
118,2024-01-01,66
118,2024-02-01,65
118,2024-03-01,62
118,2024-04-01,62
118,2024-05-01,62
118,2024-06-01,60
118,2024-07-01,59
118,2024-08-01,59
118,2024-09-01,58
118,2024-10-01,57
118,2024-11-01,55
118,2024-12-01,55
118,2025-01-01,53
118,2025-02-01,50
118,2025-03-01,47
118,2025-04-01,47
118,2025-05-01,46
118,2025-06-01,46
118,2025-07-01,46
118,2025-08-01,43
118,2025-09-01,40
118,2025-10-01,39
118,2025-11-01,38
118,2025-12-01,38
119,2024-01-01,22
119,2024-02-01,21
119,2024-03-01,19
119,2024-04-01,16
119,2024-05-01,15
119,2024-06-01,14
119,2024-07-01,12
119,2024-08-01,11
119,2024-09-01,10
119,2024-10-01,9
119,2024-11-01,8
119,2024-12-01,7
119,2025-01-01,6
119,2025-02-01,5
119,2025-03-01,4
119,2025-04-01,1
119,2025-05-01,1
119,2025-06-01,1
119,2025-07-01,1
119,2025-08-01,1
119,2025-09-01,1
119,2025-10-01,1
119,2025-11-01,1
119,2025-12-01,1
120,2024-01-01,30
120,2024-02-01,30
120,2024-03-01,27
120,2024-04-01,24
120,2024-05-01,23
120,2024-06-01,22
120,2024-07-01,22
120,2024-08-01,21
120,2024-09-01,19
120,2024-10-01,17
120,2024-11-01,16
120,2024-12-01,14
120,2025-01-01,12
120,2025-02-01,12
120,2025-03-01,10
120,2025-04-01,7
120,2025-05-01,4
120,2025-06-01,4
120,2025-07-01,3
120,2025-08-01,3
120,2025-09-01,2
120,2025-10-01,1
120,2025-11-01,1
120,2025-12-01,1
121,2024-01-01,49
121,2024-02-01,48
121,2024-03-01,46
121,2024-04-01,44
121,2024-05-01,43
121,2024-06-01,41
121,2024-07-01,38
121,2024-08-01,38
121,2024-09-01,38
121,2024-10-01,37
121,2024-11-01,36
121,2024-12-01,33
121,2025-01-01,32
121,2025-02-01,30
121,2025-03-01,27
121,2025-04-01,25
121,2025-05-01,25
121,2025-06-01,23
121,2025-07-01,23
121,2025-08-01,21
121,2025-09-01,21
121,2025-10-01,20
121,2025-11-01,18
121,2025-12-01,18
122,2024-01-01,27
122,2024-02-01,26
122,2024-03-01,26
122,2024-04-01,23
122,2024-05-01,21
122,2024-06-01,18
122,2024-07-01,16
122,2024-08-01,15
122,2024-09-01,12
122,2024-10-01,11
122,2024-11-01,11
122,2024-12-01,9
122,2025-01-01,7
122,2025-02-01,6
122,2025-03-01,5
122,2025-04-01,5
122,2025-05-01,2
122,2025-06-01,1
122,2025-07-01,1
122,2025-08-01,1
122,2025-09-01,1
122,2025-10-01,1
122,2025-11-01,1
122,2025-12-01,1
123,2024-01-01,25
123,2024-02-01,25
123,2024-03-01,23
123,2024-04-01,23
123,2024-05-01,23
123,2024-06-01,21
123,2024-07-01,21
123,2024-08-01,18
123,2024-09-01,17
123,2024-10-01,16
123,2024-11-01,13
123,2024-12-01,11
123,2025-01-01,11
123,2025-02-01,8
123,2025-03-01,7
123,2025-04-01,6
123,2025-05-01,3
123,2025-06-01,2
123,2025-07-01,1
123,2025-08-01,1
123,2025-09-01,1
123,2025-10-01,1
123,2025-11-01,1
123,2025-12-01,1
124,2024-01-01,59
124,2024-02-01,57
124,2024-03-01,54
124,2024-04-01,52
124,2024-05-01,51
124,2024-06-01,50
124,2024-07-01,48
124,2024-08-01,46
124,2024-09-01,45
124,2024-10-01,44
124,2024-11-01,41
124,2024-12-01,41
124,2025-01-01,41
124,2025-02-01,38
124,2025-03-01,36
124,2025-04-01,35
124,2025-05-01,33
124,2025-06-01,33
124,2025-07-01,33
124,2025-08-01,31
124,2025-09-01,31
124,2025-10-01,30
124,2025-11-01,27
124,2025-12-01,25
125,2024-01-01,32
125,2024-02-01,32
125,2024-03-01,31
125,2024-04-01,29
125,2024-05-01,28
125,2024-06-01,25
125,2024-07-01,24
125,2024-08-01,23
125,2024-09-01,20
125,2024-10-01,19
125,2024-11-01,18
125,2024-12-01,18
125,2025-01-01,16
125,2025-02-01,16
125,2025-03-01,14
125,2025-04-01,11
125,2025-05-01,8
125,2025-06-01,5
125,2025-07-01,3
125,2025-08-01,1
125,2025-09-01,1
125,2025-10-01,1
125,2025-11-01,1
125,2025-12-01,1
126,2024-01-01,33
126,2024-02-01,33
126,2024-03-01,32
126,2024-04-01,30
126,2024-05-01,30
126,2024-06-01,29
126,2024-07-01,28
126,2024-08-01,28
126,2024-09-01,25
126,2024-10-01,25
126,2024-11-01,22
126,2024-12-01,20
126,2025-01-01,17
126,2025-02-01,15
126,2025-03-01,15
126,2025-04-01,13
126,2025-05-01,12
126,2025-06-01,10
126,2025-07-01,7
126,2025-08-01,4
126,2025-09-01,1
126,2025-10-01,1
126,2025-11-01,1
126,2025-12-01,1
127,2024-01-01,55
127,2024-02-01,54
127,2024-03-01,51
127,2024-04-01,48
127,2024-05-01,45
127,2024-06-01,43
127,2024-07-01,43
127,2024-08-01,40
127,2024-09-01,37
127,2024-10-01,34
127,2024-11-01,31
127,2024-12-01,29
127,2025-01-01,29
127,2025-02-01,29
127,2025-03-01,29
127,2025-04-01,26
127,2025-05-01,23
127,2025-06-01,23
127,2025-07-01,23
127,2025-08-01,20
127,2025-09-01,17
127,2025-10-01,16
127,2025-11-01,15
127,2025-12-01,14
128,2024-01-01,30
128,2024-02-01,27
128,2024-03-01,26
128,2024-04-01,24
128,2024-05-01,21
128,2024-06-01,19
128,2024-07-01,19
128,2024-08-01,19
128,2024-09-01,19
128,2024-10-01,18
128,2024-11-01,15
128,2024-12-01,15
128,2025-01-01,14
128,2025-02-01,13
128,2025-03-01,12
128,2025-04-01,11
128,2025-05-01,11
128,2025-06-01,10
128,2025-07-01,10
128,2025-08-01,10
128,2025-09-01,9
128,2025-10-01,9
128,2025-11-01,6
128,2025-12-01,3
129,2024-01-01,31
129,2024-02-01,31
129,2024-03-01,31
129,2024-04-01,28
129,2024-05-01,27
129,2024-06-01,26
129,2024-07-01,26
129,2024-08-01,25
129,2024-09-01,23
129,2024-10-01,21
129,2024-11-01,18
129,2024-12-01,15
129,2025-01-01,14
129,2025-02-01,14
129,2025-03-01,11
129,2025-04-01,9
129,2025-05-01,6
129,2025-06-01,3
129,2025-07-01,1
129,2025-08-01,1
129,2025-09-01,1
129,2025-10-01,1
129,2025-11-01,1
129,2025-12-01,1
130,2024-01-01,33
130,2024-02-01,33
130,2024-03-01,33
130,2024-04-01,31
130,2024-05-01,30
130,2024-06-01,28
130,2024-07-01,28
130,2024-08-01,26
130,2024-09-01,25
130,2024-10-01,25
130,2024-11-01,24
130,2024-12-01,22
130,2025-01-01,19
130,2025-02-01,17
130,2025-03-01,16
130,2025-04-01,14
130,2025-05-01,11
130,2025-06-01,10
130,2025-07-01,8
130,2025-08-01,7
130,2025-09-01,6
130,2025-10-01,6
130,2025-11-01,6
130,2025-12-01,5
131,2024-01-01,32
131,2024-02-01,30
131,2024-03-01,27
131,2024-04-01,26
131,2024-05-01,25
131,2024-06-01,22
131,2024-07-01,21
131,2024-08-01,20
131,2024-09-01,17
131,2024-10-01,17
131,2024-11-01,16
131,2024-12-01,13
131,2025-01-01,11
131,2025-02-01,11
131,2025-03-01,9
131,2025-04-01,8
131,2025-05-01,8
131,2025-06-01,5
131,2025-07-01,4
131,2025-08-01,1
131,2025-09-01,1
131,2025-10-01,1
131,2025-11-01,1
131,2025-12-01,1
132,2024-01-01,39
132,2024-02-01,36
132,2024-03-01,36
132,2024-04-01,35
132,2024-05-01,35
132,2024-06-01,34
132,2024-07-01,34
132,2024-08-01,32
132,2024-09-01,32
132,2024-10-01,30
132,2024-11-01,30
132,2024-12-01,30
132,2025-01-01,27
132,2025-02-01,24
132,2025-03-01,23
132,2025-04-01,20
132,2025-05-01,20
132,2025-06-01,17
132,2025-07-01,17
132,2025-08-01,15
132,2025-09-01,15
132,2025-10-01,14
132,2025-11-01,12
132,2025-12-01,11
133,2024-01-01,72
133,2024-02-01,69
133,2024-03-01,68
133,2024-04-01,66
133,2024-05-01,66
133,2024-06-01,65
133,2024-07-01,63
133,2024-08-01,62
133,2024-09-01,62
133,2024-10-01,60
133,2024-11-01,58
133,2024-12-01,58
133,2025-01-01,56
133,2025-02-01,56
133,2025-03-01,54
133,2025-04-01,52
133,2025-05-01,52
133,2025-06-01,52
133,2025-07-01,50
133,2025-08-01,48
133,2025-09-01,48
133,2025-10-01,45
133,2025-11-01,45
133,2025-12-01,43
134,2024-01-01,52
134,2024-02-01,52
134,2024-03-01,50
134,2024-04-01,47
134,2024-05-01,46
134,2024-06-01,43
134,2024-07-01,43
134,2024-08-01,41
134,2024-09-01,41
134,2024-10-01,40
134,2024-11-01,40
134,2024-12-01,38
134,2025-01-01,37
134,2025-02-01,36
134,2025-03-01,34
134,2025-04-01,32
134,2025-05-01,30
134,2025-06-01,30
134,2025-07-01,27
134,2025-08-01,27
134,2025-09-01,27
134,2025-10-01,24
134,2025-11-01,22
134,2025-12-01,20
135,2024-01-01,71
135,2024-02-01,70
135,2024-03-01,67
135,2024-04-01,67
135,2024-05-01,66
135,2024-06-01,64
135,2024-07-01,62
135,2024-08-01,62
135,2024-09-01,62
135,2024-10-01,59
135,2024-11-01,57
135,2024-12-01,57
135,2025-01-01,55
135,2025-02-01,53
135,2025-03-01,50
135,2025-04-01,49
135,2025-05-01,46
135,2025-06-01,46
135,2025-07-01,43
135,2025-08-01,40
135,2025-09-01,38
135,2025-10-01,35
135,2025-11-01,35
135,2025-12-01,34
136,2024-01-01,52
136,2024-02-01,51
136,2024-03-01,51
136,2024-04-01,51
136,2024-05-01,48
136,2024-06-01,46
136,2024-07-01,43
136,2024-08-01,42
136,2024-09-01,41
136,2024-10-01,40
136,2024-11-01,37
136,2024-12-01,34
136,2025-01-01,34
136,2025-02-01,32
136,2025-03-01,29
136,2025-04-01,29
136,2025-05-01,26
136,2025-06-01,26
136,2025-07-01,26
136,2025-08-01,24
136,2025-09-01,21
136,2025-10-01,21
136,2025-11-01,20
136,2025-12-01,19
137,2024-01-01,42
137,2024-02-01,39
137,2024-03-01,36
137,2024-04-01,36
137,2024-05-01,35
137,2024-06-01,35
137,2024-07-01,35
137,2024-08-01,35
137,2024-09-01,33
137,2024-10-01,30
137,2024-11-01,30
137,2024-12-01,30
137,2025-01-01,30
137,2025-02-01,28
137,2025-03-01,26
137,2025-04-01,24
137,2025-05-01,24
137,2025-06-01,23
137,2025-07-01,22
137,2025-08-01,21
137,2025-09-01,18
137,2025-10-01,18
137,2025-11-01,17
137,2025-12-01,16
138,2024-01-01,65
138,2024-02-01,64
138,2024-03-01,63
138,2024-04-01,63
138,2024-05-01,60
138,2024-06-01,58
138,2024-07-01,57
138,2024-08-01,55
138,2024-09-01,52
138,2024-10-01,49
138,2024-11-01,48
138,2024-12-01,48
138,2025-01-01,45
138,2025-02-01,43
138,2025-03-01,41
138,2025-04-01,39
138,2025-05-01,37
138,2025-06-01,34
138,2025-07-01,33
138,2025-08-01,32
138,2025-09-01,30
138,2025-10-01,29
138,2025-11-01,27
138,2025-12-01,25
139,2024-01-01,65
139,2024-02-01,62
139,2024-03-01,60
139,2024-04-01,57
139,2024-05-01,56
139,2024-06-01,54
139,2024-07-01,54
139,2024-08-01,53
139,2024-09-01,53
139,2024-10-01,53
139,2024-11-01,50
139,2024-12-01,47
139,2025-01-01,45
139,2025-02-01,42
139,2025-03-01,42
139,2025-04-01,42
139,2025-05-01,41
139,2025-06-01,41
139,2025-07-01,39
139,2025-08-01,37
139,2025-09-01,34
139,2025-10-01,31
139,2025-11-01,28
139,2025-12-01,26
140,2024-01-01,29
140,2024-02-01,28
140,2024-03-01,25
140,2024-04-01,23
140,2024-05-01,20
140,2024-06-01,20
140,2024-07-01,17
140,2024-08-01,15
140,2024-09-01,13
140,2024-10-01,12
140,2024-11-01,10
140,2024-12-01,9
140,2025-01-01,9
140,2025-02-01,7
140,2025-03-01,4
140,2025-04-01,4
140,2025-05-01,1
140,2025-06-01,1
140,2025-07-01,1
140,2025-08-01,1
140,2025-09-01,1
140,2025-10-01,1
140,2025-11-01,1
140,2025-12-01,1
141,2024-01-01,55
141,2024-02-01,55
141,2024-03-01,54
141,2024-04-01,52
141,2024-05-01,51
141,2024-06-01,49
141,2024-07-01,49
141,2024-08-01,48
141,2024-09-01,45
141,2024-10-01,42
141,2024-11-01,42
141,2024-12-01,41
141,2025-01-01,38
141,2025-02-01,36
141,2025-03-01,35
141,2025-04-01,34
141,2025-05-01,31
141,2025-06-01,29
141,2025-07-01,27
141,2025-08-01,25
141,2025-09-01,24
141,2025-10-01,24
141,2025-11-01,23
141,2025-12-01,22
142,2024-01-01,67
142,2024-02-01,65
142,2024-03-01,62
142,2024-04-01,61
142,2024-05-01,61
142,2024-06-01,59
142,2024-07-01,57
142,2024-08-01,56
142,2024-09-01,54
142,2024-10-01,52
142,2024-11-01,52
142,2024-12-01,49
142,2025-01-01,49
142,2025-02-01,46
142,2025-03-01,43
142,2025-04-01,40
142,2025-05-01,38
142,2025-06-01,38
142,2025-07-01,36
142,2025-08-01,35
142,2025-09-01,35
142,2025-10-01,32
142,2025-11-01,30
142,2025-12-01,28
143,2024-01-01,64
143,2024-02-01,61
143,2024-03-01,58
143,2024-04-01,57
143,2024-05-01,54
143,2024-06-01,52
143,2024-07-01,51
143,2024-08-01,50
143,2024-09-01,49
143,2024-10-01,49
143,2024-11-01,46
143,2024-12-01,45
143,2025-01-01,45
143,2025-02-01,45
143,2025-03-01,44
143,2025-04-01,43
143,2025-05-01,41
143,2025-06-01,40
143,2025-07-01,38
143,2025-08-01,37
143,2025-09-01,36
143,2025-10-01,33
143,2025-11-01,32
143,2025-12-01,31
144,2024-01-01,56
144,2024-02-01,53
144,2024-03-01,52
144,2024-04-01,51
144,2024-05-01,49
144,2024-06-01,49
144,2024-07-01,49
144,2024-08-01,49
144,2024-09-01,47
144,2024-10-01,45
144,2024-11-01,45
144,2024-12-01,45
144,2025-01-01,44
144,2025-02-01,42
144,2025-03-01,40
144,2025-04-01,40
144,2025-05-01,40
144,2025-06-01,37
144,2025-07-01,35
144,2025-08-01,32
144,2025-09-01,31
144,2025-10-01,28
144,2025-11-01,28
144,2025-12-01,26
145,2024-01-01,31
145,2024-02-01,28
145,2024-03-01,27
145,2024-04-01,26
145,2024-05-01,26
145,2024-06-01,26
145,2024-07-01,26
145,2024-08-01,23
145,2024-09-01,20
145,2024-10-01,18
145,2024-11-01,18
145,2024-12-01,15
145,2025-01-01,13
145,2025-02-01,13
145,2025-03-01,12
145,2025-04-01,11
145,2025-05-01,8
145,2025-06-01,6
145,2025-07-01,5
145,2025-08-01,3
145,2025-09-01,1
145,2025-10-01,1
145,2025-11-01,1
145,2025-12-01,1
146,2024-01-01,71
146,2024-02-01,71
146,2024-03-01,68
146,2024-04-01,67
146,2024-05-01,66
146,2024-06-01,65
146,2024-07-01,64
146,2024-08-01,61
146,2024-09-01,61
146,2024-10-01,59
146,2024-11-01,57
146,2024-12-01,57
146,2025-01-01,54
146,2025-02-01,52
146,2025-03-01,52
146,2025-04-01,49
146,2025-05-01,47
146,2025-06-01,46
146,2025-07-01,45
146,2025-08-01,42
146,2025-09-01,41
146,2025-10-01,38
146,2025-11-01,38
146,2025-12-01,38
147,2024-01-01,59
147,2024-02-01,57
147,2024-03-01,55
147,2024-04-01,55
147,2024-05-01,53
147,2024-06-01,52
147,2024-07-01,50
147,2024-08-01,47
147,2024-09-01,46
147,2024-10-01,46
147,2024-11-01,43
147,2024-12-01,42
147,2025-01-01,39
147,2025-02-01,38
147,2025-03-01,35
147,2025-04-01,32
147,2025-05-01,31
147,2025-06-01,31
147,2025-07-01,31
147,2025-08-01,28
147,2025-09-01,25
147,2025-10-01,25
147,2025-11-01,25
147,2025-12-01,23
148,2024-01-01,45
148,2024-02-01,44
148,2024-03-01,44
148,2024-04-01,42
148,2024-05-01,40
148,2024-06-01,38
148,2024-07-01,37
148,2024-08-01,37
148,2024-09-01,37
148,2024-10-01,37
148,2024-11-01,36
148,2024-12-01,35
148,2025-01-01,32
148,2025-02-01,30
148,2025-03-01,28
148,2025-04-01,28
148,2025-05-01,27
148,2025-06-01,26
148,2025-07-01,26
148,2025-08-01,26
148,2025-09-01,23
148,2025-10-01,21
148,2025-11-01,19
148,2025-12-01,17
149,2024-01-01,23
149,2024-02-01,23
149,2024-03-01,21
149,2024-04-01,19
149,2024-05-01,16
149,2024-06-01,15
149,2024-07-01,14
149,2024-08-01,12
149,2024-09-01,9
149,2024-10-01,7
149,2024-11-01,6
149,2024-12-01,4
149,2025-01-01,3
149,2025-02-01,2
149,2025-03-01,1
149,2025-04-01,1
149,2025-05-01,1
149,2025-06-01,1
149,2025-07-01,1
149,2025-08-01,1
149,2025-09-01,1
149,2025-10-01,1
149,2025-11-01,1
149,2025-12-01,1
150,2024-01-01,47
150,2024-02-01,46
150,2024-03-01,44
150,2024-04-01,41
150,2024-05-01,40
150,2024-06-01,40
150,2024-07-01,38
150,2024-08-01,35
150,2024-09-01,35
150,2024-10-01,32
150,2024-11-01,31
150,2024-12-01,30
150,2025-01-01,30
150,2025-02-01,27
150,2025-03-01,25
150,2025-04-01,23
150,2025-05-01,23
150,2025-06-01,23
150,2025-07-01,23
150,2025-08-01,20
150,2025-09-01,18
150,2025-10-01,16
150,2025-11-01,14
150,2025-12-01,14
151,2024-01-01,33
151,2024-02-01,33
151,2024-03-01,31
151,2024-04-01,28
151,2024-05-01,28
151,2024-06-01,27
151,2024-07-01,26
151,2024-08-01,23
151,2024-09-01,20
151,2024-10-01,20
151,2024-11-01,20
151,2024-12-01,19
151,2025-01-01,16
151,2025-02-01,16
151,2025-03-01,15
151,2025-04-01,12
151,2025-05-01,11
151,2025-06-01,9
151,2025-07-01,6
151,2025-08-01,6
151,2025-09-01,6
151,2025-10-01,4
151,2025-11-01,1
151,2025-12-01,1
152,2024-01-01,26
152,2024-02-01,24
152,2024-03-01,21
152,2024-04-01,18
152,2024-05-01,18
152,2024-06-01,16
152,2024-07-01,15
152,2024-08-01,13
152,2024-09-01,12
152,2024-10-01,11
152,2024-11-01,11
152,2024-12-01,9
152,2025-01-01,8
152,2025-02-01,5
152,2025-03-01,4
152,2025-04-01,1
152,2025-05-01,1
152,2025-06-01,1
152,2025-07-01,1
152,2025-08-01,1
152,2025-09-01,1
152,2025-10-01,1
152,2025-11-01,1
152,2025-12-01,1
153,2024-01-01,47
153,2024-02-01,45
153,2024-03-01,43
153,2024-04-01,41
153,2024-05-01,40
153,2024-06-01,40
153,2024-07-01,37
153,2024-08-01,34
153,2024-09-01,34
153,2024-10-01,34
153,2024-11-01,34
153,2024-12-01,32
153,2025-01-01,31
153,2025-02-01,30
153,2025-03-01,29
153,2025-04-01,27
153,2025-05-01,26
153,2025-06-01,24
153,2025-07-01,23
153,2025-08-01,23
153,2025-09-01,20
153,2025-10-01,17
153,2025-11-01,15
153,2025-12-01,14
154,2024-01-01,67
154,2024-02-01,67
154,2024-03-01,67
154,2024-04-01,65
154,2024-05-01,63
154,2024-06-01,62
154,2024-07-01,62
154,2024-08-01,61
154,2024-09-01,60
154,2024-10-01,60
154,2024-11-01,59
154,2024-12-01,56
154,2025-01-01,54
154,2025-02-01,53
154,2025-03-01,53
154,2025-04-01,51
154,2025-05-01,49
154,2025-06-01,48
154,2025-07-01,45
154,2025-08-01,44
154,2025-09-01,41
154,2025-10-01,39
154,2025-11-01,38
154,2025-12-01,38
155,2024-01-01,74
155,2024-02-01,71
155,2024-03-01,70
155,2024-04-01,67
155,2024-05-01,65
155,2024-06-01,64
155,2024-07-01,61
155,2024-08-01,60
155,2024-09-01,59
155,2024-10-01,59
155,2024-11-01,58
155,2024-12-01,58
155,2025-01-01,55
155,2025-02-01,55
155,2025-03-01,55
155,2025-04-01,55
155,2025-05-01,53
155,2025-06-01,53
155,2025-07-01,52
155,2025-08-01,52
155,2025-09-01,51
155,2025-10-01,51
155,2025-11-01,49
155,2025-12-01,46
156,2024-01-01,52
156,2024-02-01,50
156,2024-03-01,50
156,2024-04-01,49
156,2024-05-01,49
156,2024-06-01,49
156,2024-07-01,46
156,2024-08-01,43
156,2024-09-01,43
156,2024-10-01,41
156,2024-11-01,38
156,2024-12-01,38
156,2025-01-01,35
156,2025-02-01,35
156,2025-03-01,32
156,2025-04-01,29
156,2025-05-01,28
156,2025-06-01,28
156,2025-07-01,28
156,2025-08-01,28
156,2025-09-01,28
156,2025-10-01,25
156,2025-11-01,24
156,2025-12-01,23
157,2024-01-01,22
157,2024-02-01,20
157,2024-03-01,17
157,2024-04-01,15
157,2024-05-01,15
157,2024-06-01,14
157,2024-07-01,13
157,2024-08-01,13
157,2024-09-01,10
157,2024-10-01,10
157,2024-11-01,7
157,2024-12-01,6
157,2025-01-01,3
157,2025-02-01,3
157,2025-03-01,3
157,2025-04-01,3
157,2025-05-01,1
157,2025-06-01,1
157,2025-07-01,1
157,2025-08-01,1
157,2025-09-01,1
157,2025-10-01,1
157,2025-11-01,1
157,2025-12-01,1
158,2024-01-01,23
158,2024-02-01,22
158,2024-03-01,22
158,2024-04-01,21
158,2024-05-01,20
158,2024-06-01,18
158,2024-07-01,18
158,2024-08-01,15
158,2024-09-01,13
158,2024-10-01,11
158,2024-11-01,8
158,2024-12-01,7
158,2025-01-01,4
158,2025-02-01,4
158,2025-03-01,1
158,2025-04-01,1
158,2025-05-01,1
158,2025-06-01,1
158,2025-07-01,1
158,2025-08-01,1
158,2025-09-01,1
158,2025-10-01,1
158,2025-11-01,1
158,2025-12-01,1
159,2024-01-01,31
159,2024-02-01,30
159,2024-03-01,30
159,2024-04-01,27
159,2024-05-01,27
159,2024-06-01,25
159,2024-07-01,24
159,2024-08-01,22
159,2024-09-01,20
159,2024-10-01,19
159,2024-11-01,18
159,2024-12-01,18
159,2025-01-01,17
159,2025-02-01,15
159,2025-03-01,13
159,2025-04-01,10
159,2025-05-01,9
159,2025-06-01,7
159,2025-07-01,4
159,2025-08-01,1
159,2025-09-01,1
159,2025-10-01,1
159,2025-11-01,1
159,2025-12-01,1
160,2024-01-01,72
160,2024-02-01,71
160,2024-03-01,71
160,2024-04-01,70
160,2024-05-01,67
160,2024-06-01,65
160,2024-07-01,62
160,2024-08-01,60
160,2024-09-01,57
160,2024-10-01,55
160,2024-11-01,55
160,2024-12-01,53
160,2025-01-01,51
160,2025-02-01,48
160,2025-03-01,45
160,2025-04-01,42
160,2025-05-01,41
160,2025-06-01,40
160,2025-07-01,38
160,2025-08-01,36
160,2025-09-01,36
160,2025-10-01,36
160,2025-11-01,34
160,2025-12-01,33
161,2024-01-01,54
161,2024-02-01,53
161,2024-03-01,52
161,2024-04-01,52
161,2024-05-01,50
161,2024-06-01,47
161,2024-07-01,45
161,2024-08-01,43
161,2024-09-01,43
161,2024-10-01,42
161,2024-11-01,42
161,2024-12-01,40
161,2025-01-01,37
161,2025-02-01,34
161,2025-03-01,31
161,2025-04-01,31
161,2025-05-01,30
161,2025-06-01,30
161,2025-07-01,27
161,2025-08-01,25
161,2025-09-01,24
161,2025-10-01,24
161,2025-11-01,24
161,2025-12-01,23
162,2024-01-01,39
162,2024-02-01,38
162,2024-03-01,36
162,2024-04-01,33
162,2024-05-01,30
162,2024-06-01,30
162,2024-07-01,27
162,2024-08-01,24
162,2024-09-01,22
162,2024-10-01,22
162,2024-11-01,21
162,2024-12-01,21
162,2025-01-01,18
162,2025-02-01,17
162,2025-03-01,17
162,2025-04-01,17
162,2025-05-01,17
162,2025-06-01,17
162,2025-07-01,15
162,2025-08-01,15
162,2025-09-01,12
162,2025-10-01,9
162,2025-11-01,7
162,2025-12-01,6
163,2024-01-01,58
163,2024-02-01,55
163,2024-03-01,53
163,2024-04-01,52
163,2024-05-01,51
163,2024-06-01,51
163,2024-07-01,51
163,2024-08-01,51
163,2024-09-01,49
163,2024-10-01,46
163,2024-11-01,44
163,2024-12-01,43
163,2025-01-01,40
163,2025-02-01,40
163,2025-03-01,38
163,2025-04-01,36
163,2025-05-01,36
163,2025-06-01,34
163,2025-07-01,34
163,2025-08-01,33
163,2025-09-01,30
163,2025-10-01,29
163,2025-11-01,28
163,2025-12-01,28
164,2024-01-01,41
164,2024-02-01,40
164,2024-03-01,39
164,2024-04-01,37
164,2024-05-01,35
164,2024-06-01,35
164,2024-07-01,34
164,2024-08-01,31
164,2024-09-01,29
164,2024-10-01,29
164,2024-11-01,28
164,2024-12-01,25
164,2025-01-01,23
164,2025-02-01,20
164,2025-03-01,18
164,2025-04-01,18
164,2025-05-01,15
164,2025-06-01,14
164,2025-07-01,13
164,2025-08-01,11
164,2025-09-01,10
164,2025-10-01,7
164,2025-11-01,7
164,2025-12-01,5
165,2024-01-01,33
165,2024-02-01,33
165,2024-03-01,31
165,2024-04-01,30
165,2024-05-01,29
165,2024-06-01,27
165,2024-07-01,27
165,2024-08-01,27
165,2024-09-01,26
165,2024-10-01,26
165,2024-11-01,24
165,2024-12-01,21
165,2025-01-01,19
165,2025-02-01,18
165,2025-03-01,17
165,2025-04-01,16
165,2025-05-01,16
165,2025-06-01,14
165,2025-07-01,11
165,2025-08-01,9
165,2025-09-01,6
165,2025-10-01,4
165,2025-11-01,3
165,2025-12-01,1
166,2024-01-01,74
166,2024-02-01,74
166,2024-03-01,72
166,2024-04-01,71
166,2024-05-01,68
166,2024-06-01,66
166,2024-07-01,66
166,2024-08-01,63
166,2024-09-01,63
166,2024-10-01,63
166,2024-11-01,61
166,2024-12-01,61
166,2025-01-01,58
166,2025-02-01,57
166,2025-03-01,55
166,2025-04-01,52
166,2025-05-01,50
166,2025-06-01,50
166,2025-07-01,50
166,2025-08-01,47
166,2025-09-01,44
166,2025-10-01,43
166,2025-11-01,40
166,2025-12-01,37
167,2024-01-01,34
167,2024-02-01,31
167,2024-03-01,30
167,2024-04-01,27
167,2024-05-01,27
167,2024-06-01,24
167,2024-07-01,22
167,2024-08-01,22
167,2024-09-01,19
167,2024-10-01,17
167,2024-11-01,17
167,2024-12-01,14
167,2025-01-01,12
167,2025-02-01,11
167,2025-03-01,9
167,2025-04-01,8
167,2025-05-01,5
167,2025-06-01,3
167,2025-07-01,2
167,2025-08-01,2
167,2025-09-01,1
167,2025-10-01,1
167,2025-11-01,1
167,2025-12-01,1
168,2024-01-01,48
168,2024-02-01,45
168,2024-03-01,45
168,2024-04-01,43
168,2024-05-01,41
168,2024-06-01,41
168,2024-07-01,39
168,2024-08-01,39
168,2024-09-01,39
168,2024-10-01,39
168,2024-11-01,36
168,2024-12-01,36
168,2025-01-01,36
168,2025-02-01,35
168,2025-03-01,34
168,2025-04-01,31
168,2025-05-01,31
168,2025-06-01,30
168,2025-07-01,29
168,2025-08-01,27
168,2025-09-01,27
168,2025-10-01,26
168,2025-11-01,23
168,2025-12-01,21
169,2024-01-01,42
169,2024-02-01,42
169,2024-03-01,40
169,2024-04-01,37
169,2024-05-01,37
169,2024-06-01,37
169,2024-07-01,35
169,2024-08-01,33
169,2024-09-01,33
169,2024-10-01,32
169,2024-11-01,32
169,2024-12-01,31
169,2025-01-01,29
169,2025-02-01,28
169,2025-03-01,25
169,2025-04-01,23
169,2025-05-01,23
169,2025-06-01,23
169,2025-07-01,21
169,2025-08-01,19
169,2025-09-01,16
169,2025-10-01,14
169,2025-11-01,14
169,2025-12-01,11
170,2024-01-01,71
170,2024-02-01,70
170,2024-03-01,70
170,2024-04-01,69
170,2024-05-01,68
170,2024-06-01,68
170,2024-07-01,68
170,2024-08-01,66
170,2024-09-01,65
170,2024-10-01,62
170,2024-11-01,59
170,2024-12-01,59
170,2025-01-01,59
170,2025-02-01,58
170,2025-03-01,58
170,2025-04-01,55
170,2025-05-01,53
170,2025-06-01,51
170,2025-07-01,50
170,2025-08-01,48
170,2025-09-01,48
170,2025-10-01,48
170,2025-11-01,48
170,2025-12-01,48
171,2024-01-01,23
171,2024-02-01,20
171,2024-03-01,18
171,2024-04-01,18
171,2024-05-01,15
171,2024-06-01,14
171,2024-07-01,14
171,2024-08-01,14
171,2024-09-01,11
171,2024-10-01,10
171,2024-11-01,7
171,2024-12-01,6
171,2025-01-01,6
171,2025-02-01,4
171,2025-03-01,4
171,2025-04-01,2
171,2025-05-01,1
171,2025-06-01,1
171,2025-07-01,1
171,2025-08-01,1
171,2025-09-01,1
171,2025-10-01,1
171,2025-11-01,1
171,2025-12-01,1
172,2024-01-01,61
172,2024-02-01,61
172,2024-03-01,61
172,2024-04-01,60
172,2024-05-01,60
172,2024-06-01,57
172,2024-07-01,57
172,2024-08-01,54
172,2024-09-01,52
172,2024-10-01,52
172,2024-11-01,49
172,2024-12-01,47
172,2025-01-01,44
172,2025-02-01,42
172,2025-03-01,41
172,2025-04-01,41
172,2025-05-01,41
172,2025-06-01,39
172,2025-07-01,38
172,2025-08-01,35
172,2025-09-01,34
172,2025-10-01,31
172,2025-11-01,28
172,2025-12-01,28
173,2024-01-01,26
173,2024-02-01,26
173,2024-03-01,26
173,2024-04-01,23
173,2024-05-01,23
173,2024-06-01,20
173,2024-07-01,18
173,2024-08-01,15
173,2024-09-01,12
173,2024-10-01,11
173,2024-11-01,11
173,2024-12-01,11
173,2025-01-01,11
173,2025-02-01,11
173,2025-03-01,10
173,2025-04-01,9
173,2025-05-01,8
173,2025-06-01,7
173,2025-07-01,7
173,2025-08-01,4
173,2025-09-01,2
173,2025-10-01,1
173,2025-11-01,1
173,2025-12-01,1
174,2024-01-01,52
174,2024-02-01,49
174,2024-03-01,46
174,2024-04-01,43
174,2024-05-01,43
174,2024-06-01,43
174,2024-07-01,41
174,2024-08-01,38
174,2024-09-01,36
174,2024-10-01,35
174,2024-11-01,33
174,2024-12-01,32
174,2025-01-01,31
174,2025-02-01,29
174,2025-03-01,26
174,2025-04-01,25
174,2025-05-01,22
174,2025-06-01,22
174,2025-07-01,21
174,2025-08-01,21
174,2025-09-01,19
174,2025-10-01,16
174,2025-11-01,14
174,2025-12-01,13
175,2024-01-01,27
175,2024-02-01,25
175,2024-03-01,22
175,2024-04-01,19
175,2024-05-01,18
175,2024-06-01,17
175,2024-07-01,17
175,2024-08-01,15
175,2024-09-01,14
175,2024-10-01,14
175,2024-11-01,13
175,2024-12-01,10
175,2025-01-01,10
175,2025-02-01,10
175,2025-03-01,9
175,2025-04-01,7
175,2025-05-01,4
175,2025-06-01,2
175,2025-07-01,2
175,2025-08-01,1
175,2025-09-01,1
175,2025-10-01,1
175,2025-11-01,1
175,2025-12-01,1
176,2024-01-01,49
176,2024-02-01,46
176,2024-03-01,43
176,2024-04-01,43
176,2024-05-01,41
176,2024-06-01,38
176,2024-07-01,35
176,2024-08-01,32
176,2024-09-01,31
176,2024-10-01,31
176,2024-11-01,31
176,2024-12-01,31
176,2025-01-01,31
176,2025-02-01,31
176,2025-03-01,30
176,2025-04-01,28
176,2025-05-01,27
176,2025-06-01,24
176,2025-07-01,23
176,2025-08-01,23
176,2025-09-01,22
176,2025-10-01,22
176,2025-11-01,21
176,2025-12-01,21
177,2024-01-01,79
177,2024-02-01,78
177,2024-03-01,75
177,2024-04-01,74
177,2024-05-01,71
177,2024-06-01,69
177,2024-07-01,67
177,2024-08-01,65
177,2024-09-01,64
177,2024-10-01,63
177,2024-11-01,60
177,2024-12-01,57
177,2025-01-01,54
177,2025-02-01,51
177,2025-03-01,51
177,2025-04-01,49
177,2025-05-01,49
177,2025-06-01,49
177,2025-07-01,49
177,2025-08-01,49
177,2025-09-01,47
177,2025-10-01,47
177,2025-11-01,44
177,2025-12-01,43
178,2024-01-01,42
178,2024-02-01,39
178,2024-03-01,38
178,2024-04-01,36
178,2024-05-01,36
178,2024-06-01,33
178,2024-07-01,31
178,2024-08-01,31
178,2024-09-01,29
178,2024-10-01,27
178,2024-11-01,27
178,2024-12-01,24
178,2025-01-01,22
178,2025-02-01,19
178,2025-03-01,16
178,2025-04-01,13
178,2025-05-01,13
178,2025-06-01,12
178,2025-07-01,9
178,2025-08-01,8
178,2025-09-01,7
178,2025-10-01,5
178,2025-11-01,2
178,2025-12-01,1
179,2024-01-01,74
179,2024-02-01,74
179,2024-03-01,73
179,2024-04-01,70
179,2024-05-01,67
179,2024-06-01,64
179,2024-07-01,63
179,2024-08-01,60
179,2024-09-01,58
179,2024-10-01,55
179,2024-11-01,55
179,2024-12-01,53
179,2025-01-01,50
179,2025-02-01,48
179,2025-03-01,45
179,2025-04-01,45
179,2025-05-01,42
179,2025-06-01,40
179,2025-07-01,40
179,2025-08-01,39
179,2025-09-01,39
179,2025-10-01,39
179,2025-11-01,39
179,2025-12-01,37
180,2024-01-01,33
180,2024-02-01,33
180,2024-03-01,33
180,2024-04-01,30
180,2024-05-01,27
180,2024-06-01,26
180,2024-07-01,26
180,2024-08-01,24
180,2024-09-01,24
180,2024-10-01,24
180,2024-11-01,21
180,2024-12-01,20
180,2025-01-01,20
180,2025-02-01,18
180,2025-03-01,18
180,2025-04-01,16
180,2025-05-01,13
180,2025-06-01,12
180,2025-07-01,12
180,2025-08-01,11
180,2025-09-01,11
180,2025-10-01,9
180,2025-11-01,8
180,2025-12-01,8
181,2024-01-01,25
181,2024-02-01,24
181,2024-03-01,24
181,2024-04-01,23
181,2024-05-01,23
181,2024-06-01,21
181,2024-07-01,18
181,2024-08-01,16
181,2024-09-01,15
181,2024-10-01,14
181,2024-11-01,14
181,2024-12-01,12
181,2025-01-01,12
181,2025-02-01,10
181,2025-03-01,9
181,2025-04-01,9
181,2025-05-01,9
181,2025-06-01,7
181,2025-07-01,4
181,2025-08-01,2
181,2025-09-01,1
181,2025-10-01,1
181,2025-11-01,1
181,2025-12-01,1
182,2024-01-01,25
182,2024-02-01,23
182,2024-03-01,23
182,2024-04-01,21
182,2024-05-01,18
182,2024-06-01,18
182,2024-07-01,15
182,2024-08-01,14
182,2024-09-01,13
182,2024-10-01,11
182,2024-11-01,8
182,2024-12-01,5
182,2025-01-01,5
182,2025-02-01,2
182,2025-03-01,1
182,2025-04-01,1
182,2025-05-01,1
182,2025-06-01,1
182,2025-07-01,1
182,2025-08-01,1
182,2025-09-01,1
182,2025-10-01,1
182,2025-11-01,1
182,2025-12-01,1
183,2024-01-01,31
183,2024-02-01,29
183,2024-03-01,27
183,2024-04-01,27
183,2024-05-01,27
183,2024-06-01,26
183,2024-07-01,25
183,2024-08-01,22
183,2024-09-01,19
183,2024-10-01,19
183,2024-11-01,19
183,2024-12-01,18
183,2025-01-01,17
183,2025-02-01,17
183,2025-03-01,15
183,2025-04-01,13
183,2025-05-01,10
183,2025-06-01,10
183,2025-07-01,10
183,2025-08-01,7
183,2025-09-01,6
183,2025-10-01,5
183,2025-11-01,3
183,2025-12-01,3
184,2024-01-01,31
184,2024-02-01,29
184,2024-03-01,27
184,2024-04-01,26
184,2024-05-01,25
184,2024-06-01,25
184,2024-07-01,25
184,2024-08-01,23
184,2024-09-01,21
184,2024-10-01,20
184,2024-11-01,19
184,2024-12-01,19
184,2025-01-01,19
184,2025-02-01,16
184,2025-03-01,16
184,2025-04-01,15
184,2025-05-01,13
184,2025-06-01,10
184,2025-07-01,10
184,2025-08-01,10
184,2025-09-01,9
184,2025-10-01,6
184,2025-11-01,6
184,2025-12-01,4
185,2024-01-01,70
185,2024-02-01,70
185,2024-03-01,70
185,2024-04-01,67
185,2024-05-01,66
185,2024-06-01,63
185,2024-07-01,60
185,2024-08-01,59
185,2024-09-01,59
185,2024-10-01,57
185,2024-11-01,56
185,2024-12-01,54
185,2025-01-01,54
185,2025-02-01,51
185,2025-03-01,49
185,2025-04-01,49
185,2025-05-01,49
185,2025-06-01,46
185,2025-07-01,43
185,2025-08-01,43
185,2025-09-01,43
185,2025-10-01,41
185,2025-11-01,41
185,2025-12-01,41
186,2024-01-01,77
186,2024-02-01,75
186,2024-03-01,73
186,2024-04-01,70
186,2024-05-01,68
186,2024-06-01,68
186,2024-07-01,68
186,2024-08-01,68
186,2024-09-01,67
186,2024-10-01,67
186,2024-11-01,66
186,2024-12-01,66
186,2025-01-01,64
186,2025-02-01,61
186,2025-03-01,61
186,2025-04-01,60
186,2025-05-01,59
186,2025-06-01,56
186,2025-07-01,56
186,2025-08-01,54
186,2025-09-01,54
186,2025-10-01,54
186,2025-11-01,51
186,2025-12-01,51
187,2024-01-01,65
187,2024-02-01,62
187,2024-03-01,60
187,2024-04-01,59
187,2024-05-01,56
187,2024-06-01,53
187,2024-07-01,52
187,2024-08-01,51
187,2024-09-01,49
187,2024-10-01,49
187,2024-11-01,49
187,2024-12-01,49
187,2025-01-01,49
187,2025-02-01,49
187,2025-03-01,47
187,2025-04-01,44
187,2025-05-01,42
187,2025-06-01,40
187,2025-07-01,38
187,2025-08-01,35
187,2025-09-01,33
187,2025-10-01,31
187,2025-11-01,28
187,2025-12-01,26
188,2024-01-01,47
188,2024-02-01,45
188,2024-03-01,44
188,2024-04-01,42
188,2024-05-01,40
188,2024-06-01,40
188,2024-07-01,37
188,2024-08-01,36
188,2024-09-01,33
188,2024-10-01,33
188,2024-11-01,33
188,2024-12-01,32
188,2025-01-01,29
188,2025-02-01,29
188,2025-03-01,27
188,2025-04-01,25
188,2025-05-01,23
188,2025-06-01,20
188,2025-07-01,18
188,2025-08-01,16
188,2025-09-01,16
188,2025-10-01,16
188,2025-11-01,14
188,2025-12-01,12
189,2024-01-01,63
189,2024-02-01,60
189,2024-03-01,57
189,2024-04-01,57
189,2024-05-01,54
189,2024-06-01,54
189,2024-07-01,54
189,2024-08-01,54
189,2024-09-01,54
189,2024-10-01,53
189,2024-11-01,51
189,2024-12-01,49
189,2025-01-01,48
189,2025-02-01,45
189,2025-03-01,42
189,2025-04-01,40
189,2025-05-01,37
189,2025-06-01,35
189,2025-07-01,33
189,2025-08-01,32
189,2025-09-01,29
189,2025-10-01,28
189,2025-11-01,26
189,2025-12-01,24
190,2024-01-01,50
190,2024-02-01,50
190,2024-03-01,50
190,2024-04-01,49
190,2024-05-01,47
190,2024-06-01,44
190,2024-07-01,43
190,2024-08-01,42
190,2024-09-01,41
190,2024-10-01,38
190,2024-11-01,36
190,2024-12-01,36
190,2025-01-01,34
190,2025-02-01,32
190,2025-03-01,31
190,2025-04-01,30
190,2025-05-01,29
190,2025-06-01,29
190,2025-07-01,29
190,2025-08-01,29
190,2025-09-01,27
190,2025-10-01,26
190,2025-11-01,23
190,2025-12-01,21
191,2024-01-01,17
191,2024-02-01,14
191,2024-03-01,13
191,2024-04-01,10
191,2024-05-01,10
191,2024-06-01,9
191,2024-07-01,6
191,2024-08-01,5
191,2024-09-01,2
191,2024-10-01,1
191,2024-11-01,1
191,2024-12-01,1
191,2025-01-01,1
191,2025-02-01,1
191,2025-03-01,1
191,2025-04-01,1
191,2025-05-01,1
191,2025-06-01,1
191,2025-07-01,1
191,2025-08-01,1
191,2025-09-01,1
191,2025-10-01,1
191,2025-11-01,1
191,2025-12-01,1
192,2024-01-01,33
192,2024-02-01,32
192,2024-03-01,32
192,2024-04-01,32
192,2024-05-01,31
192,2024-06-01,29
192,2024-07-01,27
192,2024-08-01,24
192,2024-09-01,21
192,2024-10-01,20
192,2024-11-01,17
192,2024-12-01,14
192,2025-01-01,11
192,2025-02-01,11
192,2025-03-01,8
192,2025-04-01,7
192,2025-05-01,5
192,2025-06-01,2
192,2025-07-01,1
192,2025-08-01,1
192,2025-09-01,1
192,2025-10-01,1
192,2025-11-01,1
192,2025-12-01,1
193,2024-01-01,68
193,2024-02-01,68
193,2024-03-01,67
193,2024-04-01,66
193,2024-05-01,66
193,2024-06-01,63
193,2024-07-01,63
193,2024-08-01,60
193,2024-09-01,60
193,2024-10-01,57
193,2024-11-01,57
193,2024-12-01,55
193,2025-01-01,52
193,2025-02-01,51
193,2025-03-01,51
193,2025-04-01,50
193,2025-05-01,50
193,2025-06-01,49
193,2025-07-01,48
193,2025-08-01,48
193,2025-09-01,48
193,2025-10-01,47
193,2025-11-01,46
193,2025-12-01,45
194,2024-01-01,68
194,2024-02-01,66
194,2024-03-01,63
194,2024-04-01,60
194,2024-05-01,60
194,2024-06-01,58
194,2024-07-01,56
194,2024-08-01,53
194,2024-09-01,53
194,2024-10-01,53
194,2024-11-01,51
194,2024-12-01,51
194,2025-01-01,50
194,2025-02-01,47
194,2025-03-01,46
194,2025-04-01,44
194,2025-05-01,42
194,2025-06-01,42
194,2025-07-01,42
194,2025-08-01,40
194,2025-09-01,38
194,2025-10-01,37
194,2025-11-01,36
194,2025-12-01,36
195,2024-01-01,41
195,2024-02-01,41
195,2024-03-01,38
195,2024-04-01,38
195,2024-05-01,37
195,2024-06-01,35
195,2024-07-01,33
195,2024-08-01,32
195,2024-09-01,30
195,2024-10-01,30
195,2024-11-01,28
195,2024-12-01,27
195,2025-01-01,25
195,2025-02-01,25
195,2025-03-01,25
195,2025-04-01,24
195,2025-05-01,23
195,2025-06-01,22
195,2025-07-01,19
195,2025-08-01,16
195,2025-09-01,16
195,2025-10-01,13
195,2025-11-01,10
195,2025-12-01,8
196,2024-01-01,57
196,2024-02-01,56
196,2024-03-01,54
196,2024-04-01,52
196,2024-05-01,51
196,2024-06-01,50
196,2024-07-01,50
196,2024-08-01,50
196,2024-09-01,50
196,2024-10-01,50
196,2024-11-01,48
196,2024-12-01,46
196,2025-01-01,46
196,2025-02-01,43
196,2025-03-01,43
196,2025-04-01,40
196,2025-05-01,39
196,2025-06-01,37
196,2025-07-01,35
196,2025-08-01,32
196,2025-09-01,32
196,2025-10-01,30
196,2025-11-01,27
196,2025-12-01,26
197,2024-01-01,23
197,2024-02-01,23
197,2024-03-01,20
197,2024-04-01,18
197,2024-05-01,17
197,2024-06-01,17
197,2024-07-01,14
197,2024-08-01,12
197,2024-09-01,9
197,2024-10-01,9
197,2024-11-01,9
197,2024-12-01,8
197,2025-01-01,8
197,2025-02-01,6
197,2025-03-01,3
197,2025-04-01,3
197,2025-05-01,3
197,2025-06-01,1
197,2025-07-01,1
197,2025-08-01,1
197,2025-09-01,1
197,2025-10-01,1
197,2025-11-01,1
197,2025-12-01,1
198,2024-01-01,53
198,2024-02-01,53
198,2024-03-01,51
198,2024-04-01,51
198,2024-05-01,49
198,2024-06-01,46
198,2024-07-01,45
198,2024-08-01,45
198,2024-09-01,45
198,2024-10-01,42
198,2024-11-01,40
198,2024-12-01,40
198,2025-01-01,38
198,2025-02-01,35
198,2025-03-01,34
198,2025-04-01,34
198,2025-05-01,32
198,2025-06-01,32
198,2025-07-01,30
198,2025-08-01,28
198,2025-09-01,26
198,2025-10-01,23
198,2025-11-01,22
198,2025-12-01,22
199,2024-01-01,51
199,2024-02-01,49
199,2024-03-01,48
199,2024-04-01,47
199,2024-05-01,47
199,2024-06-01,45
199,2024-07-01,44
199,2024-08-01,41
199,2024-09-01,39
199,2024-10-01,37
199,2024-11-01,37
199,2024-12-01,34
199,2025-01-01,34
199,2025-02-01,31
199,2025-03-01,31
199,2025-04-01,28
199,2025-05-01,25
199,2025-06-01,22
199,2025-07-01,21
199,2025-08-01,19
199,2025-09-01,16
199,2025-10-01,15
199,2025-11-01,14
199,2025-12-01,14
200,2024-01-01,66
200,2024-02-01,64
200,2024-03-01,64
200,2024-04-01,63
200,2024-05-01,62
200,2024-06-01,59
200,2024-07-01,59
200,2024-08-01,58
200,2024-09-01,57
200,2024-10-01,57
200,2024-11-01,56
200,2024-12-01,54
200,2025-01-01,53
200,2025-02-01,53
200,2025-03-01,51
200,2025-04-01,49
200,2025-05-01,48
200,2025-06-01,45
200,2025-07-01,43
200,2025-08-01,43
200,2025-09-01,40
200,2025-10-01,37
200,2025-11-01,35
200,2025-12-01,34
201,2024-01-01,34
201,2024-02-01,32
201,2024-03-01,32
201,2024-04-01,29
201,2024-05-01,29
201,2024-06-01,28
201,2024-07-01,27
201,2024-08-01,27
201,2024-09-01,25
201,2024-10-01,23
201,2024-11-01,20
201,2024-12-01,17
201,2025-01-01,15
201,2025-02-01,13
201,2025-03-01,13
201,2025-04-01,12
201,2025-05-01,11
201,2025-06-01,8
201,2025-07-01,6
201,2025-08-01,6
201,2025-09-01,3
201,2025-10-01,3
201,2025-11-01,1
201,2025-12-01,1
202,2024-01-01,73
202,2024-02-01,71
202,2024-03-01,68
202,2024-04-01,67
202,2024-05-01,67
202,2024-06-01,64
202,2024-07-01,61
202,2024-08-01,61
202,2024-09-01,60
202,2024-10-01,57
202,2024-11-01,54
202,2024-12-01,51
202,2025-01-01,50
202,2025-02-01,49
202,2025-03-01,48
202,2025-04-01,45
202,2025-05-01,43
202,2025-06-01,43
202,2025-07-01,41
202,2025-08-01,40
202,2025-09-01,37
202,2025-10-01,34
202,2025-11-01,32
202,2025-12-01,30
203,2024-01-01,57
203,2024-02-01,55
203,2024-03-01,55
203,2024-04-01,54
203,2024-05-01,52
203,2024-06-01,51
203,2024-07-01,51
203,2024-08-01,50
203,2024-09-01,47
203,2024-10-01,44
203,2024-11-01,43
203,2024-12-01,40
203,2025-01-01,40
203,2025-02-01,37
203,2025-03-01,36
203,2025-04-01,35
203,2025-05-01,34
203,2025-06-01,32
203,2025-07-01,31
203,2025-08-01,31
203,2025-09-01,28
203,2025-10-01,25
203,2025-11-01,23
203,2025-12-01,21
204,2024-01-01,31
204,2024-02-01,29
204,2024-03-01,26
204,2024-04-01,24
204,2024-05-01,22
204,2024-06-01,21
204,2024-07-01,19
204,2024-08-01,19
204,2024-09-01,16
204,2024-10-01,15
204,2024-11-01,12
204,2024-12-01,12
204,2025-01-01,12
204,2025-02-01,10
204,2025-03-01,8
204,2025-04-01,6
204,2025-05-01,3
204,2025-06-01,3
204,2025-07-01,2
204,2025-08-01,1
204,2025-09-01,1
204,2025-10-01,1
204,2025-11-01,1
204,2025-12-01,1
205,2024-01-01,25
205,2024-02-01,23
205,2024-03-01,23
205,2024-04-01,20
205,2024-05-01,18
205,2024-06-01,17
205,2024-07-01,17
205,2024-08-01,15
205,2024-09-01,13
205,2024-10-01,11
205,2024-11-01,9
205,2024-12-01,9
205,2025-01-01,7
205,2025-02-01,4
205,2025-03-01,4
205,2025-04-01,2
205,2025-05-01,2
205,2025-06-01,1
205,2025-07-01,1
205,2025-08-01,1
205,2025-09-01,1
205,2025-10-01,1
205,2025-11-01,1
205,2025-12-01,1
206,2024-01-01,33
206,2024-02-01,30
206,2024-03-01,29
206,2024-04-01,27
206,2024-05-01,25
206,2024-06-01,23
206,2024-07-01,23
206,2024-08-01,21
206,2024-09-01,21
206,2024-10-01,21
206,2024-11-01,18
206,2024-12-01,18
206,2025-01-01,18
206,2025-02-01,17
206,2025-03-01,15
206,2025-04-01,15
206,2025-05-01,13
206,2025-06-01,13
206,2025-07-01,10
206,2025-08-01,9
206,2025-09-01,9
206,2025-10-01,7
206,2025-11-01,4
206,2025-12-01,2
207,2024-01-01,50
207,2024-02-01,47
207,2024-03-01,45
207,2024-04-01,43
207,2024-05-01,43
207,2024-06-01,40
207,2024-07-01,38
207,2024-08-01,38
207,2024-09-01,37
207,2024-10-01,35
207,2024-11-01,35
207,2024-12-01,33
207,2025-01-01,30
207,2025-02-01,30
207,2025-03-01,27
207,2025-04-01,26
207,2025-05-01,23
207,2025-06-01,23
207,2025-07-01,21
207,2025-08-01,21
207,2025-09-01,18
207,2025-10-01,15
207,2025-11-01,13
207,2025-12-01,12
208,2024-01-01,50
208,2024-02-01,48
208,2024-03-01,46
208,2024-04-01,46
208,2024-05-01,46
208,2024-06-01,46
208,2024-07-01,45
208,2024-08-01,43
208,2024-09-01,40
208,2024-10-01,37
208,2024-11-01,35
208,2024-12-01,32
208,2025-01-01,31
208,2025-02-01,30
208,2025-03-01,30
208,2025-04-01,30
208,2025-05-01,30
208,2025-06-01,30
208,2025-07-01,30
208,2025-08-01,27
208,2025-09-01,24
208,2025-10-01,24
208,2025-11-01,23
208,2025-12-01,20
209,2024-01-01,64
209,2024-02-01,62
209,2024-03-01,60
209,2024-04-01,60
209,2024-05-01,59
209,2024-06-01,56
209,2024-07-01,54
209,2024-08-01,52
209,2024-09-01,51
209,2024-10-01,49
209,2024-11-01,47
209,2024-12-01,44
209,2025-01-01,43
209,2025-02-01,41
209,2025-03-01,40
209,2025-04-01,38
209,2025-05-01,35
209,2025-06-01,34
209,2025-07-01,32
209,2025-08-01,29
209,2025-09-01,27
209,2025-10-01,26
209,2025-11-01,24
209,2025-12-01,23
210,2024-01-01,23
210,2024-02-01,23
210,2024-03-01,20
210,2024-04-01,17
210,2024-05-01,15
210,2024-06-01,12
210,2024-07-01,9
210,2024-08-01,9
210,2024-09-01,6
210,2024-10-01,6
210,2024-11-01,4
210,2024-12-01,4
210,2025-01-01,3
210,2025-02-01,2
210,2025-03-01,2
210,2025-04-01,1
210,2025-05-01,1
210,2025-06-01,1
210,2025-07-01,1
210,2025-08-01,1
210,2025-09-01,1
210,2025-10-01,1
210,2025-11-01,1
210,2025-12-01,1
211,2024-01-01,20
211,2024-02-01,19
211,2024-03-01,17
211,2024-04-01,15
211,2024-05-01,15
211,2024-06-01,15
211,2024-07-01,15
211,2024-08-01,15
211,2024-09-01,15
211,2024-10-01,15
211,2024-11-01,14
211,2024-12-01,14
211,2025-01-01,12
211,2025-02-01,11
211,2025-03-01,9
211,2025-04-01,9
211,2025-05-01,9
211,2025-06-01,7
211,2025-07-01,5
211,2025-08-01,3
211,2025-09-01,1
211,2025-10-01,1
211,2025-11-01,1
211,2025-12-01,1
212,2024-01-01,29
212,2024-02-01,27
212,2024-03-01,27
212,2024-04-01,25
212,2024-05-01,25
212,2024-06-01,24
212,2024-07-01,21
212,2024-08-01,21
212,2024-09-01,19
212,2024-10-01,19
212,2024-11-01,18
212,2024-12-01,17
212,2025-01-01,17
212,2025-02-01,14
212,2025-03-01,12
212,2025-04-01,11
212,2025-05-01,10
212,2025-06-01,10
212,2025-07-01,9
212,2025-08-01,8
212,2025-09-01,6
212,2025-10-01,3
212,2025-11-01,1
212,2025-12-01,1
213,2024-01-01,42
213,2024-02-01,41
213,2024-03-01,38
213,2024-04-01,38
213,2024-05-01,37
213,2024-06-01,36
213,2024-07-01,35
213,2024-08-01,33
213,2024-09-01,33
213,2024-10-01,33
213,2024-11-01,32
213,2024-12-01,29
213,2025-01-01,29
213,2025-02-01,27
213,2025-03-01,24
213,2025-04-01,21
213,2025-05-01,18
213,2025-06-01,15
213,2025-07-01,15
213,2025-08-01,14
213,2025-09-01,11
213,2025-10-01,9
213,2025-11-01,7
213,2025-12-01,6
214,2024-01-01,75
214,2024-02-01,72
214,2024-03-01,72
214,2024-04-01,72
214,2024-05-01,69
214,2024-06-01,67
214,2024-07-01,64
214,2024-08-01,63
214,2024-09-01,60
214,2024-10-01,58
214,2024-11-01,55
214,2024-12-01,54
214,2025-01-01,53
214,2025-02-01,51
214,2025-03-01,50
214,2025-04-01,49
214,2025-05-01,46
214,2025-06-01,46
214,2025-07-01,45
214,2025-08-01,44
214,2025-09-01,42
214,2025-10-01,40
214,2025-11-01,37
214,2025-12-01,34
215,2024-01-01,29
215,2024-02-01,29
215,2024-03-01,26
215,2024-04-01,24
215,2024-05-01,23
215,2024-06-01,22
215,2024-07-01,22
215,2024-08-01,19
215,2024-09-01,19
215,2024-10-01,19
215,2024-11-01,16
215,2024-12-01,14
215,2025-01-01,13
215,2025-02-01,11
215,2025-03-01,8
215,2025-04-01,5
215,2025-05-01,4
215,2025-06-01,2
215,2025-07-01,1
215,2025-08-01,1
215,2025-09-01,1
215,2025-10-01,1
215,2025-11-01,1
215,2025-12-01,1
216,2024-01-01,63
216,2024-02-01,62
216,2024-03-01,59
216,2024-04-01,57
216,2024-05-01,56
216,2024-06-01,55
216,2024-07-01,53
216,2024-08-01,50
216,2024-09-01,48
216,2024-10-01,48
216,2024-11-01,48
216,2024-12-01,45
216,2025-01-01,44
216,2025-02-01,43
216,2025-03-01,42
216,2025-04-01,40
216,2025-05-01,38
216,2025-06-01,35
216,2025-07-01,35
216,2025-08-01,34
216,2025-09-01,34
216,2025-10-01,32
216,2025-11-01,30
216,2025-12-01,28
217,2024-01-01,17
217,2024-02-01,14
217,2024-03-01,12
217,2024-04-01,11
217,2024-05-01,11
217,2024-06-01,9
217,2024-07-01,9
217,2024-08-01,9
217,2024-09-01,6
217,2024-10-01,4
217,2024-11-01,1
217,2024-12-01,1
217,2025-01-01,1
217,2025-02-01,1
217,2025-03-01,1
217,2025-04-01,1
217,2025-05-01,1
217,2025-06-01,1
217,2025-07-01,1
217,2025-08-01,1
217,2025-09-01,1
217,2025-10-01,1
217,2025-11-01,1
217,2025-12-01,1
218,2024-01-01,39
218,2024-02-01,36
218,2024-03-01,33
218,2024-04-01,32
218,2024-05-01,30
218,2024-06-01,28
218,2024-07-01,28
218,2024-08-01,28
218,2024-09-01,25
218,2024-10-01,25
218,2024-11-01,24
218,2024-12-01,22
218,2025-01-01,20
218,2025-02-01,20
218,2025-03-01,17
218,2025-04-01,17
218,2025-05-01,14
218,2025-06-01,13
218,2025-07-01,11
218,2025-08-01,10
218,2025-09-01,8
218,2025-10-01,7
218,2025-11-01,7
218,2025-12-01,6
219,2024-01-01,21
219,2024-02-01,19
219,2024-03-01,17
219,2024-04-01,17
219,2024-05-01,16
219,2024-06-01,15
219,2024-07-01,14
219,2024-08-01,11
219,2024-09-01,9
219,2024-10-01,8
219,2024-11-01,6
219,2024-12-01,5
219,2025-01-01,5
219,2025-02-01,5
219,2025-03-01,3
219,2025-04-01,1
219,2025-05-01,1
219,2025-06-01,1
219,2025-07-01,1
219,2025-08-01,1
219,2025-09-01,1
219,2025-10-01,1
219,2025-11-01,1
219,2025-12-01,1
220,2024-01-01,65
220,2024-02-01,65
220,2024-03-01,63
220,2024-04-01,61
220,2024-05-01,60
220,2024-06-01,59
220,2024-07-01,56
220,2024-08-01,53
220,2024-09-01,52
220,2024-10-01,51
220,2024-11-01,51
220,2024-12-01,48
220,2025-01-01,45
220,2025-02-01,44
220,2025-03-01,44
220,2025-04-01,43
220,2025-05-01,42
220,2025-06-01,40
220,2025-07-01,37
220,2025-08-01,37
220,2025-09-01,35
220,2025-10-01,32
220,2025-11-01,31
220,2025-12-01,31
221,2024-01-01,78
221,2024-02-01,76
221,2024-03-01,76
221,2024-04-01,73
221,2024-05-01,71
221,2024-06-01,70
221,2024-07-01,69
221,2024-08-01,66
221,2024-09-01,65
221,2024-10-01,65
221,2024-11-01,62
221,2024-12-01,60
221,2025-01-01,57
221,2025-02-01,54
221,2025-03-01,52
221,2025-04-01,51
221,2025-05-01,49
221,2025-06-01,49
221,2025-07-01,48
221,2025-08-01,45
221,2025-09-01,44
221,2025-10-01,43
221,2025-11-01,43
221,2025-12-01,42
222,2024-01-01,32
222,2024-02-01,29
222,2024-03-01,28
222,2024-04-01,26
222,2024-05-01,25
222,2024-06-01,25
222,2024-07-01,24
222,2024-08-01,23
222,2024-09-01,20
222,2024-10-01,18
222,2024-11-01,17
222,2024-12-01,15
222,2025-01-01,15
222,2025-02-01,12
222,2025-03-01,10
222,2025-04-01,7
222,2025-05-01,6
222,2025-06-01,6
222,2025-07-01,3
222,2025-08-01,2
222,2025-09-01,1
222,2025-10-01,1
222,2025-11-01,1
222,2025-12-01,1
223,2024-01-01,58
223,2024-02-01,55
223,2024-03-01,55
223,2024-04-01,53
223,2024-05-01,50
223,2024-06-01,49
223,2024-07-01,49
223,2024-08-01,47
223,2024-09-01,46
223,2024-10-01,46
223,2024-11-01,46
223,2024-12-01,43
223,2025-01-01,41
223,2025-02-01,40
223,2025-03-01,40
223,2025-04-01,37
223,2025-05-01,36
223,2025-06-01,35
223,2025-07-01,35
223,2025-08-01,34
223,2025-09-01,34
223,2025-10-01,31
223,2025-11-01,28
223,2025-12-01,27
224,2024-01-01,22
224,2024-02-01,19
224,2024-03-01,19
224,2024-04-01,19
224,2024-05-01,19
224,2024-06-01,18
224,2024-07-01,16
224,2024-08-01,15
224,2024-09-01,12
224,2024-10-01,11
224,2024-11-01,11
224,2024-12-01,10
224,2025-01-01,10
224,2025-02-01,8
224,2025-03-01,7
224,2025-04-01,6
224,2025-05-01,5
224,2025-06-01,5
224,2025-07-01,5
224,2025-08-01,4
224,2025-09-01,3
224,2025-10-01,1
224,2025-11-01,1
224,2025-12-01,1
225,2024-01-01,76
225,2024-02-01,74
225,2024-03-01,74
225,2024-04-01,72
225,2024-05-01,70
225,2024-06-01,69
225,2024-07-01,69
225,2024-08-01,66
225,2024-09-01,63
225,2024-10-01,61
225,2024-11-01,58
225,2024-12-01,55
225,2025-01-01,52
225,2025-02-01,50
225,2025-03-01,47
225,2025-04-01,45
225,2025-05-01,44
225,2025-06-01,43
225,2025-07-01,40
225,2025-08-01,39
225,2025-09-01,37
225,2025-10-01,36
225,2025-11-01,33
225,2025-12-01,31
226,2024-01-01,70
226,2024-02-01,69
226,2024-03-01,69
226,2024-04-01,67
226,2024-05-01,67
226,2024-06-01,67
226,2024-07-01,67
226,2024-08-01,65
226,2024-09-01,64
226,2024-10-01,62
226,2024-11-01,61
226,2024-12-01,59
226,2025-01-01,57
226,2025-02-01,55
226,2025-03-01,54
226,2025-04-01,52
226,2025-05-01,52
226,2025-06-01,50
226,2025-07-01,50
226,2025-08-01,47
226,2025-09-01,44
226,2025-10-01,43
226,2025-11-01,42
226,2025-12-01,39
227,2024-01-01,36
227,2024-02-01,34
227,2024-03-01,31
227,2024-04-01,31
227,2024-05-01,30
227,2024-06-01,30
227,2024-07-01,27
227,2024-08-01,27
227,2024-09-01,25
227,2024-10-01,23
227,2024-11-01,23
227,2024-12-01,20
227,2025-01-01,20
227,2025-02-01,18
227,2025-03-01,16
227,2025-04-01,13
227,2025-05-01,13
227,2025-06-01,11
227,2025-07-01,9
227,2025-08-01,9
227,2025-09-01,9
227,2025-10-01,8
227,2025-11-01,5
227,2025-12-01,2
228,2024-01-01,49
228,2024-02-01,47
228,2024-03-01,47
228,2024-04-01,47
228,2024-05-01,47
228,2024-06-01,46
228,2024-07-01,43
228,2024-08-01,42
228,2024-09-01,40
228,2024-10-01,37
228,2024-11-01,36
228,2024-12-01,36
228,2025-01-01,35
228,2025-02-01,35
228,2025-03-01,34
228,2025-04-01,33
228,2025-05-01,32
228,2025-06-01,32
228,2025-07-01,31
228,2025-08-01,28
228,2025-09-01,25
228,2025-10-01,22
228,2025-11-01,22
228,2025-12-01,22
229,2024-01-01,48
229,2024-02-01,45
229,2024-03-01,43
229,2024-04-01,40
229,2024-05-01,39
229,2024-06-01,37
229,2024-07-01,35
229,2024-08-01,35
229,2024-09-01,34
229,2024-10-01,34
229,2024-11-01,34
229,2024-12-01,33
229,2025-01-01,33
229,2025-02-01,32
229,2025-03-01,31
229,2025-04-01,31
229,2025-05-01,28
229,2025-06-01,28
229,2025-07-01,26
229,2025-08-01,26
229,2025-09-01,25
229,2025-10-01,23
229,2025-11-01,22
229,2025-12-01,19
230,2024-01-01,37
230,2024-02-01,34
230,2024-03-01,31
230,2024-04-01,31
230,2024-05-01,31
230,2024-06-01,28
230,2024-07-01,25
230,2024-08-01,25
230,2024-09-01,22
230,2024-10-01,19
230,2024-11-01,18
230,2024-12-01,15
230,2025-01-01,13
230,2025-02-01,12
230,2025-03-01,10
230,2025-04-01,7
230,2025-05-01,7
230,2025-06-01,6
230,2025-07-01,6
230,2025-08-01,5
230,2025-09-01,5
230,2025-10-01,4
230,2025-11-01,3
230,2025-12-01,1
231,2024-01-01,62
231,2024-02-01,60
231,2024-03-01,60
231,2024-04-01,59
231,2024-05-01,57
231,2024-06-01,57
231,2024-07-01,56
231,2024-08-01,54
231,2024-09-01,52
231,2024-10-01,50
231,2024-11-01,49
231,2024-12-01,47
231,2025-01-01,46
231,2025-02-01,43
231,2025-03-01,41
231,2025-04-01,38
231,2025-05-01,38
231,2025-06-01,36
231,2025-07-01,36
231,2025-08-01,36
231,2025-09-01,36
231,2025-10-01,33
231,2025-11-01,32
231,2025-12-01,29
232,2024-01-01,51
232,2024-02-01,49
232,2024-03-01,48
232,2024-04-01,48
232,2024-05-01,47
232,2024-06-01,44
232,2024-07-01,43
232,2024-08-01,42
232,2024-09-01,40
232,2024-10-01,40
232,2024-11-01,39
232,2024-12-01,38
232,2025-01-01,35
232,2025-02-01,32
232,2025-03-01,31
232,2025-04-01,31
232,2025-05-01,30
232,2025-06-01,29
232,2025-07-01,27
232,2025-08-01,27
232,2025-09-01,25
232,2025-10-01,25
232,2025-11-01,25
232,2025-12-01,25
233,2024-01-01,20
233,2024-02-01,18
233,2024-03-01,15
233,2024-04-01,13
233,2024-05-01,10
233,2024-06-01,7
233,2024-07-01,4
233,2024-08-01,3
233,2024-09-01,2
233,2024-10-01,1
233,2024-11-01,1
233,2024-12-01,1
233,2025-01-01,1
233,2025-02-01,1
233,2025-03-01,1
233,2025-04-01,1
233,2025-05-01,1
233,2025-06-01,1
233,2025-07-01,1
233,2025-08-01,1
233,2025-09-01,1
233,2025-10-01,1
233,2025-11-01,1
233,2025-12-01,1
234,2024-01-01,74
234,2024-02-01,72
234,2024-03-01,70
234,2024-04-01,69
234,2024-05-01,66
234,2024-06-01,63
234,2024-07-01,61
234,2024-08-01,58
234,2024-09-01,56
234,2024-10-01,54
234,2024-11-01,53
234,2024-12-01,51
234,2025-01-01,48
234,2025-02-01,45
234,2025-03-01,45
234,2025-04-01,42
234,2025-05-01,42
234,2025-06-01,40
234,2025-07-01,37
234,2025-08-01,36
234,2025-09-01,35
234,2025-10-01,34
234,2025-11-01,32
234,2025-12-01,30
235,2024-01-01,47
235,2024-02-01,47
235,2024-03-01,47
235,2024-04-01,44
235,2024-05-01,41
235,2024-06-01,40
235,2024-07-01,38
235,2024-08-01,35
235,2024-09-01,33
235,2024-10-01,33
235,2024-11-01,33
235,2024-12-01,33
235,2025-01-01,33
235,2025-02-01,32
235,2025-03-01,32
235,2025-04-01,29
235,2025-05-01,29
235,2025-06-01,27
235,2025-07-01,24
235,2025-08-01,22
235,2025-09-01,20
235,2025-10-01,19
235,2025-11-01,18
235,2025-12-01,16
236,2024-01-01,30
236,2024-02-01,27
236,2024-03-01,27
236,2024-04-01,26
236,2024-05-01,25
236,2024-06-01,25
236,2024-07-01,22
236,2024-08-01,20
236,2024-09-01,20
236,2024-10-01,19
236,2024-11-01,16
236,2024-12-01,15
236,2025-01-01,12
236,2025-02-01,9
236,2025-03-01,6
236,2025-04-01,6
236,2025-05-01,6
236,2025-06-01,6
236,2025-07-01,3
236,2025-08-01,1
236,2025-09-01,1
236,2025-10-01,1
236,2025-11-01,1
236,2025-12-01,1
237,2024-01-01,72
237,2024-02-01,71
237,2024-03-01,71
237,2024-04-01,71
237,2024-05-01,69
237,2024-06-01,68
237,2024-07-01,68
237,2024-08-01,67
237,2024-09-01,64
237,2024-10-01,63
237,2024-11-01,61
237,2024-12-01,61
237,2025-01-01,58
237,2025-02-01,58
237,2025-03-01,55
237,2025-04-01,54
237,2025-05-01,53
237,2025-06-01,51
237,2025-07-01,49
237,2025-08-01,46
237,2025-09-01,44
237,2025-10-01,42
237,2025-11-01,40
237,2025-12-01,38
238,2024-01-01,59
238,2024-02-01,58
238,2024-03-01,57
238,2024-04-01,57
238,2024-05-01,56
238,2024-06-01,55
238,2024-07-01,53
238,2024-08-01,52
238,2024-09-01,49
238,2024-10-01,47
238,2024-11-01,45
238,2024-12-01,43
238,2025-01-01,43
238,2025-02-01,41
238,2025-03-01,40
238,2025-04-01,37
238,2025-05-01,35
238,2025-06-01,33
238,2025-07-01,30
238,2025-08-01,28
238,2025-09-01,28
238,2025-10-01,27
238,2025-11-01,24
238,2025-12-01,21
239,2024-01-01,27
239,2024-02-01,27
239,2024-03-01,26
239,2024-04-01,26
239,2024-05-01,24
239,2024-06-01,24
239,2024-07-01,21
239,2024-08-01,18
239,2024-09-01,15
239,2024-10-01,15
239,2024-11-01,12
239,2024-12-01,9
239,2025-01-01,7
239,2025-02-01,5
239,2025-03-01,4
239,2025-04-01,3
239,2025-05-01,2
239,2025-06-01,2
239,2025-07-01,1
239,2025-08-01,1
239,2025-09-01,1
239,2025-10-01,1
239,2025-11-01,1
239,2025-12-01,1
240,2024-01-01,20
240,2024-02-01,17
240,2024-03-01,15
240,2024-04-01,15
240,2024-05-01,14
240,2024-06-01,14
240,2024-07-01,14
240,2024-08-01,13
240,2024-09-01,11
240,2024-10-01,8
240,2024-11-01,5
240,2024-12-01,5
240,2025-01-01,3
240,2025-02-01,1
240,2025-03-01,1
240,2025-04-01,1
240,2025-05-01,1
240,2025-06-01,1
240,2025-07-01,1
240,2025-08-01,1
240,2025-09-01,1
240,2025-10-01,1
240,2025-11-01,1
240,2025-12-01,1
241,2024-01-01,25
241,2024-02-01,22
241,2024-03-01,22
241,2024-04-01,21
241,2024-05-01,18
241,2024-06-01,16
241,2024-07-01,13
241,2024-08-01,13
241,2024-09-01,12
241,2024-10-01,9
241,2024-11-01,9
241,2024-12-01,6
241,2025-01-01,3
241,2025-02-01,2
241,2025-03-01,1
241,2025-04-01,1
241,2025-05-01,1
241,2025-06-01,1
241,2025-07-01,1
241,2025-08-01,1
241,2025-09-01,1
241,2025-10-01,1
241,2025-11-01,1
241,2025-12-01,1
242,2024-01-01,43
242,2024-02-01,40
242,2024-03-01,37
242,2024-04-01,34
242,2024-05-01,33
242,2024-06-01,33
242,2024-07-01,33
242,2024-08-01,30
242,2024-09-01,29
242,2024-10-01,26
242,2024-11-01,25
242,2024-12-01,25
242,2025-01-01,22
242,2025-02-01,22
242,2025-03-01,21
242,2025-04-01,19
242,2025-05-01,18
242,2025-06-01,16
242,2025-07-01,16
242,2025-08-01,16
242,2025-09-01,13
242,2025-10-01,11
242,2025-11-01,10
242,2025-12-01,10
243,2024-01-01,33
243,2024-02-01,31
243,2024-03-01,30
243,2024-04-01,29
243,2024-05-01,28
243,2024-06-01,27
243,2024-07-01,25
243,2024-08-01,23
243,2024-09-01,20
243,2024-10-01,18
243,2024-11-01,16
243,2024-12-01,13
243,2025-01-01,11
243,2025-02-01,10
243,2025-03-01,10
243,2025-04-01,10
243,2025-05-01,7
243,2025-06-01,5
243,2025-07-01,3
243,2025-08-01,1
243,2025-09-01,1
243,2025-10-01,1
243,2025-11-01,1
243,2025-12-01,1
244,2024-01-01,38
244,2024-02-01,35
244,2024-03-01,32
244,2024-04-01,32
244,2024-05-01,32
244,2024-06-01,29
244,2024-07-01,27
244,2024-08-01,26
244,2024-09-01,24
244,2024-10-01,24
244,2024-11-01,23
244,2024-12-01,20
244,2025-01-01,18
244,2025-02-01,16
244,2025-03-01,13
244,2025-04-01,11
244,2025-05-01,11
244,2025-06-01,8
244,2025-07-01,6
244,2025-08-01,3
244,2025-09-01,2
244,2025-10-01,1
244,2025-11-01,1
244,2025-12-01,1
245,2024-01-01,40
245,2024-02-01,38
245,2024-03-01,38
245,2024-04-01,38
245,2024-05-01,37
245,2024-06-01,36
245,2024-07-01,34
245,2024-08-01,34
245,2024-09-01,34
245,2024-10-01,33
245,2024-11-01,32
245,2024-12-01,30
245,2025-01-01,30
245,2025-02-01,27
245,2025-03-01,26
245,2025-04-01,24
245,2025-05-01,24
245,2025-06-01,24
245,2025-07-01,23
245,2025-08-01,21
245,2025-09-01,18
245,2025-10-01,17
245,2025-11-01,15
245,2025-12-01,15
246,2024-01-01,21
246,2024-02-01,18
246,2024-03-01,16
246,2024-04-01,14
246,2024-05-01,12
246,2024-06-01,10
246,2024-07-01,7
246,2024-08-01,6
246,2024-09-01,3
246,2024-10-01,1
246,2024-11-01,1
246,2024-12-01,1
246,2025-01-01,1
246,2025-02-01,1
246,2025-03-01,1
246,2025-04-01,1
246,2025-05-01,1
246,2025-06-01,1
246,2025-07-01,1
246,2025-08-01,1
246,2025-09-01,1
246,2025-10-01,1
246,2025-11-01,1
246,2025-12-01,1
247,2024-01-01,65
247,2024-02-01,63
247,2024-03-01,62
247,2024-04-01,59
247,2024-05-01,56
247,2024-06-01,54
247,2024-07-01,52
247,2024-08-01,52
247,2024-09-01,52
247,2024-10-01,49
247,2024-11-01,46
247,2024-12-01,46
247,2025-01-01,46
247,2025-02-01,44
247,2025-03-01,43
247,2025-04-01,41
247,2025-05-01,41
247,2025-06-01,38
247,2025-07-01,38
247,2025-08-01,35
247,2025-09-01,32
247,2025-10-01,29
247,2025-11-01,26
247,2025-12-01,25
248,2024-01-01,62
248,2024-02-01,59
248,2024-03-01,56
248,2024-04-01,54
248,2024-05-01,52
248,2024-06-01,49
248,2024-07-01,47
248,2024-08-01,45
248,2024-09-01,44
248,2024-10-01,42
248,2024-11-01,42
248,2024-12-01,42
248,2025-01-01,42
248,2025-02-01,39
248,2025-03-01,39
248,2025-04-01,38
248,2025-05-01,38
248,2025-06-01,35
248,2025-07-01,34
248,2025-08-01,34
248,2025-09-01,33
248,2025-10-01,32
248,2025-11-01,29
248,2025-12-01,26
249,2024-01-01,33
249,2024-02-01,30
249,2024-03-01,29
249,2024-04-01,27
249,2024-05-01,25
249,2024-06-01,22
249,2024-07-01,22
249,2024-08-01,20
249,2024-09-01,18
249,2024-10-01,16
249,2024-11-01,16
249,2024-12-01,16
249,2025-01-01,13
249,2025-02-01,10
249,2025-03-01,8
249,2025-04-01,8
249,2025-05-01,7
249,2025-06-01,5
249,2025-07-01,2
249,2025-08-01,2
249,2025-09-01,1
249,2025-10-01,1
249,2025-11-01,1
249,2025-12-01,1
250,2024-01-01,62
250,2024-02-01,59
250,2024-03-01,59
250,2024-04-01,58
250,2024-05-01,56
250,2024-06-01,55
250,2024-07-01,53
250,2024-08-01,53
250,2024-09-01,52
250,2024-10-01,52
250,2024-11-01,50
250,2024-12-01,48
250,2025-01-01,46
250,2025-02-01,44
250,2025-03-01,41
250,2025-04-01,39
250,2025-05-01,38
250,2025-06-01,36
250,2025-07-01,36
250,2025-08-01,33
250,2025-09-01,32
250,2025-10-01,29
250,2025-11-01,26
250,2025-12-01,23
251,2024-01-01,61
251,2024-02-01,58
251,2024-03-01,56
251,2024-04-01,56
251,2024-05-01,55
251,2024-06-01,54
251,2024-07-01,53
251,2024-08-01,53
251,2024-09-01,52
251,2024-10-01,52
251,2024-11-01,50
251,2024-12-01,48
251,2025-01-01,48
251,2025-02-01,47
251,2025-03-01,47
251,2025-04-01,47
251,2025-05-01,44
251,2025-06-01,44
251,2025-07-01,41
251,2025-08-01,39
251,2025-09-01,36
251,2025-10-01,36
251,2025-11-01,34
251,2025-12-01,31
252,2024-01-01,54
252,2024-02-01,51
252,2024-03-01,51
252,2024-04-01,51
252,2024-05-01,50
252,2024-06-01,49
252,2024-07-01,46
252,2024-08-01,43
252,2024-09-01,40
252,2024-10-01,40
252,2024-11-01,37
252,2024-12-01,37
252,2025-01-01,34
252,2025-02-01,34
252,2025-03-01,34
252,2025-04-01,33
252,2025-05-01,31
252,2025-06-01,31
252,2025-07-01,28
252,2025-08-01,27
252,2025-09-01,24
252,2025-10-01,21
252,2025-11-01,21
252,2025-12-01,21
253,2024-01-01,26
253,2024-02-01,26
253,2024-03-01,24
253,2024-04-01,21
253,2024-05-01,19
253,2024-06-01,17
253,2024-07-01,15
253,2024-08-01,14
253,2024-09-01,11
253,2024-10-01,10
253,2024-11-01,9
253,2024-12-01,9
253,2025-01-01,7
253,2025-02-01,5
253,2025-03-01,4
253,2025-04-01,4
253,2025-05-01,4
253,2025-06-01,4
253,2025-07-01,1
253,2025-08-01,1
253,2025-09-01,1
253,2025-10-01,1
253,2025-11-01,1
253,2025-12-01,1
254,2024-01-01,69
254,2024-02-01,67
254,2024-03-01,64
254,2024-04-01,62
254,2024-05-01,61
254,2024-06-01,59
254,2024-07-01,59
254,2024-08-01,56
254,2024-09-01,53
254,2024-10-01,53
254,2024-11-01,53
254,2024-12-01,53
254,2025-01-01,52
254,2025-02-01,50
254,2025-03-01,47
254,2025-04-01,45
254,2025-05-01,45
254,2025-06-01,45
254,2025-07-01,43
254,2025-08-01,40
254,2025-09-01,39
254,2025-10-01,37
254,2025-11-01,37
254,2025-12-01,37
255,2024-01-01,23
255,2024-02-01,22
255,2024-03-01,21
255,2024-04-01,18
255,2024-05-01,15
255,2024-06-01,15
255,2024-07-01,13
255,2024-08-01,10
255,2024-09-01,10
255,2024-10-01,8
255,2024-11-01,8
255,2024-12-01,5
255,2025-01-01,5
255,2025-02-01,3
255,2025-03-01,1
255,2025-04-01,1
255,2025-05-01,1
255,2025-06-01,1
255,2025-07-01,1
255,2025-08-01,1
255,2025-09-01,1
255,2025-10-01,1
255,2025-11-01,1
255,2025-12-01,1
256,2024-01-01,47
256,2024-02-01,46
256,2024-03-01,43
256,2024-04-01,43
256,2024-05-01,40
256,2024-06-01,39
256,2024-07-01,36
256,2024-08-01,36
256,2024-09-01,33
256,2024-10-01,30
256,2024-11-01,30
256,2024-12-01,29
256,2025-01-01,28
256,2025-02-01,25
256,2025-03-01,23
256,2025-04-01,20
256,2025-05-01,18
256,2025-06-01,15
256,2025-07-01,14
256,2025-08-01,11
256,2025-09-01,8
256,2025-10-01,6
256,2025-11-01,5
256,2025-12-01,3
257,2024-01-01,31
257,2024-02-01,28
257,2024-03-01,25
257,2024-04-01,23
257,2024-05-01,23
257,2024-06-01,23
257,2024-07-01,21
257,2024-08-01,20
257,2024-09-01,20
257,2024-10-01,20
257,2024-11-01,18
257,2024-12-01,17
257,2025-01-01,16
257,2025-02-01,13
257,2025-03-01,10
257,2025-04-01,8
257,2025-05-01,7
257,2025-06-01,5
257,2025-07-01,2
257,2025-08-01,1
257,2025-09-01,1
257,2025-10-01,1
257,2025-11-01,1
257,2025-12-01,1
258,2024-01-01,69
258,2024-02-01,69
258,2024-03-01,69
258,2024-04-01,69
258,2024-05-01,66
258,2024-06-01,63
258,2024-07-01,61
258,2024-08-01,59
258,2024-09-01,57
258,2024-10-01,57
258,2024-11-01,56
258,2024-12-01,53
258,2025-01-01,53
258,2025-02-01,53
258,2025-03-01,51
258,2025-04-01,49
258,2025-05-01,49
258,2025-06-01,46
258,2025-07-01,43
258,2025-08-01,43
258,2025-09-01,42
258,2025-10-01,41
258,2025-11-01,38
258,2025-12-01,36
259,2024-01-01,20
259,2024-02-01,18
259,2024-03-01,17
259,2024-04-01,17
259,2024-05-01,16
259,2024-06-01,14
259,2024-07-01,14
259,2024-08-01,13
259,2024-09-01,10
259,2024-10-01,10
259,2024-11-01,10
259,2024-12-01,7
259,2025-01-01,4
259,2025-02-01,3
259,2025-03-01,2
259,2025-04-01,1
259,2025-05-01,1
259,2025-06-01,1
259,2025-07-01,1
259,2025-08-01,1
259,2025-09-01,1
259,2025-10-01,1
259,2025-11-01,1
259,2025-12-01,1
260,2024-01-01,72
260,2024-02-01,71
260,2024-03-01,71
260,2024-04-01,71
260,2024-05-01,71
260,2024-06-01,69
260,2024-07-01,67
260,2024-08-01,65
260,2024-09-01,63
260,2024-10-01,60
260,2024-11-01,58
260,2024-12-01,57
260,2025-01-01,54
260,2025-02-01,51
260,2025-03-01,49
260,2025-04-01,49
260,2025-05-01,47
260,2025-06-01,47
260,2025-07-01,45
260,2025-08-01,43
260,2025-09-01,43
260,2025-10-01,43
260,2025-11-01,43
260,2025-12-01,43
261,2024-01-01,73
261,2024-02-01,71
261,2024-03-01,69
261,2024-04-01,68
261,2024-05-01,68
261,2024-06-01,66
261,2024-07-01,65
261,2024-08-01,63
261,2024-09-01,62
261,2024-10-01,61
261,2024-11-01,58
261,2024-12-01,55
261,2025-01-01,55
261,2025-02-01,52
261,2025-03-01,51
261,2025-04-01,49
261,2025-05-01,47
261,2025-06-01,47
261,2025-07-01,44
261,2025-08-01,44
261,2025-09-01,43
261,2025-10-01,40
261,2025-11-01,40
261,2025-12-01,38
262,2024-01-01,42
262,2024-02-01,42
262,2024-03-01,42
262,2024-04-01,41
262,2024-05-01,40
262,2024-06-01,38
262,2024-07-01,37
262,2024-08-01,36
262,2024-09-01,33
262,2024-10-01,32
262,2024-11-01,29
262,2024-12-01,28
262,2025-01-01,26
262,2025-02-01,26
262,2025-03-01,24
262,2025-04-01,23
262,2025-05-01,23
262,2025-06-01,23
262,2025-07-01,23
262,2025-08-01,20
262,2025-09-01,18
262,2025-10-01,15
262,2025-11-01,15
262,2025-12-01,13
263,2024-01-01,69
263,2024-02-01,66
263,2024-03-01,63
263,2024-04-01,62
263,2024-05-01,59
263,2024-06-01,59
263,2024-07-01,59
263,2024-08-01,56
263,2024-09-01,55
263,2024-10-01,53
263,2024-11-01,50
263,2024-12-01,48
263,2025-01-01,47
263,2025-02-01,45
263,2025-03-01,44
263,2025-04-01,43
263,2025-05-01,43
263,2025-06-01,43
263,2025-07-01,42
263,2025-08-01,39
263,2025-09-01,39
263,2025-10-01,38
263,2025-11-01,36
263,2025-12-01,34
264,2024-01-01,20
264,2024-02-01,19
264,2024-03-01,17
264,2024-04-01,15
264,2024-05-01,13
264,2024-06-01,11
264,2024-07-01,10
264,2024-08-01,8
264,2024-09-01,5
264,2024-10-01,5
264,2024-11-01,2
264,2024-12-01,2
264,2025-01-01,1
264,2025-02-01,1
264,2025-03-01,1
264,2025-04-01,1
264,2025-05-01,1
264,2025-06-01,1
264,2025-07-01,1
264,2025-08-01,1
264,2025-09-01,1
264,2025-10-01,1
264,2025-11-01,1
264,2025-12-01,1
265,2024-01-01,74
265,2024-02-01,74
265,2024-03-01,72
265,2024-04-01,69
265,2024-05-01,67
265,2024-06-01,66
265,2024-07-01,63
265,2024-08-01,60
265,2024-09-01,59
265,2024-10-01,58
265,2024-11-01,57
265,2024-12-01,57
265,2025-01-01,57
265,2025-02-01,54
265,2025-03-01,51
265,2025-04-01,48
265,2025-05-01,46
265,2025-06-01,45
265,2025-07-01,42
265,2025-08-01,41
265,2025-09-01,41
265,2025-10-01,40
265,2025-11-01,38
265,2025-12-01,36
266,2024-01-01,23
266,2024-02-01,21
266,2024-03-01,21
266,2024-04-01,18
266,2024-05-01,16
266,2024-06-01,13
266,2024-07-01,12
266,2024-08-01,11
266,2024-09-01,9
266,2024-10-01,8
266,2024-11-01,8
266,2024-12-01,6
266,2025-01-01,4
266,2025-02-01,2
266,2025-03-01,1
266,2025-04-01,1
266,2025-05-01,1
266,2025-06-01,1
266,2025-07-01,1
266,2025-08-01,1
266,2025-09-01,1
266,2025-10-01,1
266,2025-11-01,1
266,2025-12-01,1
267,2024-01-01,20
267,2024-02-01,18
267,2024-03-01,15
267,2024-04-01,13
267,2024-05-01,12
267,2024-06-01,10
267,2024-07-01,7
267,2024-08-01,7
267,2024-09-01,4
267,2024-10-01,2
267,2024-11-01,2
267,2024-12-01,1
267,2025-01-01,1
267,2025-02-01,1
267,2025-03-01,1
267,2025-04-01,1
267,2025-05-01,1
267,2025-06-01,1
267,2025-07-01,1
267,2025-08-01,1
267,2025-09-01,1
267,2025-10-01,1
267,2025-11-01,1
267,2025-12-01,1
268,2024-01-01,22
268,2024-02-01,21
268,2024-03-01,19
268,2024-04-01,19
268,2024-05-01,17
268,2024-06-01,16
268,2024-07-01,16
268,2024-08-01,13
268,2024-09-01,12
268,2024-10-01,9
268,2024-11-01,9
268,2024-12-01,6
268,2025-01-01,5
268,2025-02-01,3
268,2025-03-01,1
268,2025-04-01,1
268,2025-05-01,1
268,2025-06-01,1
268,2025-07-01,1
268,2025-08-01,1
268,2025-09-01,1
268,2025-10-01,1
268,2025-11-01,1
268,2025-12-01,1
269,2024-01-01,29
269,2024-02-01,29
269,2024-03-01,26
269,2024-04-01,26
269,2024-05-01,25
269,2024-06-01,24
269,2024-07-01,21
269,2024-08-01,20
269,2024-09-01,20
269,2024-10-01,20
269,2024-11-01,19
269,2024-12-01,16
269,2025-01-01,16
269,2025-02-01,16
269,2025-03-01,14
269,2025-04-01,11
269,2025-05-01,9
269,2025-06-01,8
269,2025-07-01,7
269,2025-08-01,5
269,2025-09-01,2
269,2025-10-01,2
269,2025-11-01,1
269,2025-12-01,1
270,2024-01-01,78
270,2024-02-01,77
270,2024-03-01,74
270,2024-04-01,74
270,2024-05-01,72
270,2024-06-01,71
270,2024-07-01,69
270,2024-08-01,66
270,2024-09-01,64
270,2024-10-01,64
270,2024-11-01,61
270,2024-12-01,61
270,2025-01-01,58
270,2025-02-01,58
270,2025-03-01,55
270,2025-04-01,55
270,2025-05-01,52
270,2025-06-01,52
270,2025-07-01,49
270,2025-08-01,49
270,2025-09-01,48
270,2025-10-01,46
270,2025-11-01,43
270,2025-12-01,43
271,2024-01-01,46
271,2024-02-01,43
271,2024-03-01,40
271,2024-04-01,38
271,2024-05-01,38
271,2024-06-01,38
271,2024-07-01,35
271,2024-08-01,32
271,2024-09-01,29
271,2024-10-01,28
271,2024-11-01,25
271,2024-12-01,23
271,2025-01-01,23
271,2025-02-01,21
271,2025-03-01,18
271,2025-04-01,17
271,2025-05-01,14
271,2025-06-01,11
271,2025-07-01,8
271,2025-08-01,5
271,2025-09-01,2
271,2025-10-01,2
271,2025-11-01,1
271,2025-12-01,1
272,2024-01-01,46
272,2024-02-01,46
272,2024-03-01,44
272,2024-04-01,41
272,2024-05-01,41
272,2024-06-01,41
272,2024-07-01,39
272,2024-08-01,36
272,2024-09-01,34
272,2024-10-01,32
272,2024-11-01,31
272,2024-12-01,30
272,2025-01-01,28
272,2025-02-01,27
272,2025-03-01,27
272,2025-04-01,25
272,2025-05-01,22
272,2025-06-01,19
272,2025-07-01,19
272,2025-08-01,16
272,2025-09-01,13
272,2025-10-01,11
272,2025-11-01,11
272,2025-12-01,9
273,2024-01-01,74
273,2024-02-01,72
273,2024-03-01,71
273,2024-04-01,68
273,2024-05-01,68
273,2024-06-01,65
273,2024-07-01,64
273,2024-08-01,64
273,2024-09-01,63
273,2024-10-01,60
273,2024-11-01,58
273,2024-12-01,57
273,2025-01-01,56
273,2025-02-01,54
273,2025-03-01,51
273,2025-04-01,50
273,2025-05-01,47
273,2025-06-01,45
273,2025-07-01,45
273,2025-08-01,44
273,2025-09-01,41
273,2025-10-01,39
273,2025-11-01,37
273,2025-12-01,36
274,2024-01-01,39
274,2024-02-01,36
274,2024-03-01,34
274,2024-04-01,34
274,2024-05-01,31
274,2024-06-01,30
274,2024-07-01,28
274,2024-08-01,27
274,2024-09-01,27
274,2024-10-01,27
274,2024-11-01,27
274,2024-12-01,27
274,2025-01-01,27
274,2025-02-01,26
274,2025-03-01,26
274,2025-04-01,26
274,2025-05-01,24
274,2025-06-01,24
274,2025-07-01,22
274,2025-08-01,20
274,2025-09-01,18
274,2025-10-01,17
274,2025-11-01,16
274,2025-12-01,13
275,2024-01-01,73
275,2024-02-01,73
275,2024-03-01,70
275,2024-04-01,69
275,2024-05-01,69
275,2024-06-01,69
275,2024-07-01,68
275,2024-08-01,65
275,2024-09-01,64
275,2024-10-01,61
275,2024-11-01,59
275,2024-12-01,58
275,2025-01-01,57
275,2025-02-01,54
275,2025-03-01,51
275,2025-04-01,50
275,2025-05-01,50
275,2025-06-01,50
275,2025-07-01,50
275,2025-08-01,48
275,2025-09-01,46
275,2025-10-01,43
275,2025-11-01,41
275,2025-12-01,41
276,2024-01-01,59
276,2024-02-01,57
276,2024-03-01,57
276,2024-04-01,55
276,2024-05-01,52
276,2024-06-01,51
276,2024-07-01,51
276,2024-08-01,48
276,2024-09-01,48
276,2024-10-01,45
276,2024-11-01,44
276,2024-12-01,43
276,2025-01-01,40
276,2025-02-01,37
276,2025-03-01,34
276,2025-04-01,31
276,2025-05-01,28
276,2025-06-01,25
276,2025-07-01,24
276,2025-08-01,21
276,2025-09-01,19
276,2025-10-01,18
276,2025-11-01,18
276,2025-12-01,17
277,2024-01-01,48
277,2024-02-01,46
277,2024-03-01,43
277,2024-04-01,40
277,2024-05-01,39
277,2024-06-01,36
277,2024-07-01,34
277,2024-08-01,33
277,2024-09-01,32
277,2024-10-01,31
277,2024-11-01,28
277,2024-12-01,25
277,2025-01-01,22
277,2025-02-01,21
277,2025-03-01,20
277,2025-04-01,20
277,2025-05-01,20
277,2025-06-01,17
277,2025-07-01,16
277,2025-08-01,13
277,2025-09-01,10
277,2025-10-01,10
277,2025-11-01,8
277,2025-12-01,5
278,2024-01-01,24
278,2024-02-01,23
278,2024-03-01,22
278,2024-04-01,19
278,2024-05-01,19
278,2024-06-01,19
278,2024-07-01,16
278,2024-08-01,13
278,2024-09-01,13
278,2024-10-01,11
278,2024-11-01,8
278,2024-12-01,6
278,2025-01-01,3
278,2025-02-01,1
278,2025-03-01,1
278,2025-04-01,1
278,2025-05-01,1
278,2025-06-01,1
278,2025-07-01,1
278,2025-08-01,1
278,2025-09-01,1
278,2025-10-01,1
278,2025-11-01,1
278,2025-12-01,1
279,2024-01-01,72
279,2024-02-01,71
279,2024-03-01,68
279,2024-04-01,66
279,2024-05-01,63
279,2024-06-01,63
279,2024-07-01,63
279,2024-08-01,62
279,2024-09-01,59
279,2024-10-01,59
279,2024-11-01,59
279,2024-12-01,56
279,2025-01-01,54
279,2025-02-01,51
279,2025-03-01,48
279,2025-04-01,46
279,2025-05-01,45
279,2025-06-01,44
279,2025-07-01,43
279,2025-08-01,41
279,2025-09-01,41
279,2025-10-01,39
279,2025-11-01,36
279,2025-12-01,34
280,2024-01-01,32
280,2024-02-01,29
280,2024-03-01,28
280,2024-04-01,28
280,2024-05-01,28
280,2024-06-01,28
280,2024-07-01,25
280,2024-08-01,25
280,2024-09-01,24
280,2024-10-01,21
280,2024-11-01,20
280,2024-12-01,20
280,2025-01-01,20
280,2025-02-01,19
280,2025-03-01,16
280,2025-04-01,13
280,2025-05-01,12
280,2025-06-01,12
280,2025-07-01,10
280,2025-08-01,9
280,2025-09-01,8
280,2025-10-01,7
280,2025-11-01,7
280,2025-12-01,4
281,2024-01-01,39
281,2024-02-01,39
281,2024-03-01,39
281,2024-04-01,38
281,2024-05-01,38
281,2024-06-01,36
281,2024-07-01,36
281,2024-08-01,36
281,2024-09-01,33
281,2024-10-01,30
281,2024-11-01,29
281,2024-12-01,28
281,2025-01-01,25
281,2025-02-01,23
281,2025-03-01,23
281,2025-04-01,21
281,2025-05-01,19
281,2025-06-01,16
281,2025-07-01,15
281,2025-08-01,15
281,2025-09-01,14
281,2025-10-01,12
281,2025-11-01,10
281,2025-12-01,9
282,2024-01-01,42
282,2024-02-01,41
282,2024-03-01,40
282,2024-04-01,37
282,2024-05-01,36
282,2024-06-01,34
282,2024-07-01,33
282,2024-08-01,33
282,2024-09-01,31
282,2024-10-01,28
282,2024-11-01,26
282,2024-12-01,23
282,2025-01-01,23
282,2025-02-01,23
282,2025-03-01,21
282,2025-04-01,20
282,2025-05-01,18
282,2025-06-01,16
282,2025-07-01,16
282,2025-08-01,13
282,2025-09-01,11
282,2025-10-01,10
282,2025-11-01,10
282,2025-12-01,8
283,2024-01-01,29
283,2024-02-01,27
283,2024-03-01,25
283,2024-04-01,23
283,2024-05-01,21
283,2024-06-01,20
283,2024-07-01,18
283,2024-08-01,16
283,2024-09-01,14
283,2024-10-01,14
283,2024-11-01,13
283,2024-12-01,13
283,2025-01-01,13
283,2025-02-01,12
283,2025-03-01,12
283,2025-04-01,12
283,2025-05-01,12
283,2025-06-01,11
283,2025-07-01,9
283,2025-08-01,6
283,2025-09-01,3
283,2025-10-01,2
283,2025-11-01,1
283,2025-12-01,1
284,2024-01-01,22
284,2024-02-01,22
284,2024-03-01,20
284,2024-04-01,17
284,2024-05-01,14
284,2024-06-01,11
284,2024-07-01,8
284,2024-08-01,7
284,2024-09-01,6
284,2024-10-01,4
284,2024-11-01,2
284,2024-12-01,1
284,2025-01-01,1
284,2025-02-01,1
284,2025-03-01,1
284,2025-04-01,1
284,2025-05-01,1
284,2025-06-01,1
284,2025-07-01,1
284,2025-08-01,1
284,2025-09-01,1
284,2025-10-01,1
284,2025-11-01,1
284,2025-12-01,1
285,2024-01-01,71
285,2024-02-01,71
285,2024-03-01,70
285,2024-04-01,70
285,2024-05-01,69
285,2024-06-01,67
285,2024-07-01,64
285,2024-08-01,61
285,2024-09-01,60
285,2024-10-01,58
285,2024-11-01,55
285,2024-12-01,53
285,2025-01-01,52
285,2025-02-01,51
285,2025-03-01,51
285,2025-04-01,48
285,2025-05-01,45
285,2025-06-01,45
285,2025-07-01,44
285,2025-08-01,43
285,2025-09-01,42
285,2025-10-01,41
285,2025-11-01,39
285,2025-12-01,36
286,2024-01-01,74
286,2024-02-01,73
286,2024-03-01,72
286,2024-04-01,69
286,2024-05-01,66
286,2024-06-01,65
286,2024-07-01,63
286,2024-08-01,63
286,2024-09-01,63
286,2024-10-01,63
286,2024-11-01,60
286,2024-12-01,57
286,2025-01-01,57
286,2025-02-01,57
286,2025-03-01,55
286,2025-04-01,52
286,2025-05-01,49
286,2025-06-01,49
286,2025-07-01,47
286,2025-08-01,45
286,2025-09-01,45
286,2025-10-01,45
286,2025-11-01,42
286,2025-12-01,42
287,2024-01-01,55
287,2024-02-01,55
287,2024-03-01,54
287,2024-04-01,52
287,2024-05-01,51
287,2024-06-01,50
287,2024-07-01,50
287,2024-08-01,48
287,2024-09-01,47
287,2024-10-01,44
287,2024-11-01,42
287,2024-12-01,39
287,2025-01-01,39
287,2025-02-01,36
287,2025-03-01,34
287,2025-04-01,33
287,2025-05-01,32
287,2025-06-01,30
287,2025-07-01,29
287,2025-08-01,26
287,2025-09-01,25
287,2025-10-01,24
287,2025-11-01,21
287,2025-12-01,18
288,2024-01-01,27
288,2024-02-01,24
288,2024-03-01,21
288,2024-04-01,21
288,2024-05-01,20
288,2024-06-01,17
288,2024-07-01,15
288,2024-08-01,12
288,2024-09-01,9
288,2024-10-01,9
288,2024-11-01,7
288,2024-12-01,6
288,2025-01-01,5
288,2025-02-01,3
288,2025-03-01,1
288,2025-04-01,1
288,2025-05-01,1
288,2025-06-01,1
288,2025-07-01,1
288,2025-08-01,1
288,2025-09-01,1
288,2025-10-01,1
288,2025-11-01,1
288,2025-12-01,1
289,2024-01-01,39
289,2024-02-01,36
289,2024-03-01,35
289,2024-04-01,35
289,2024-05-01,33
289,2024-06-01,30
289,2024-07-01,29
289,2024-08-01,27
289,2024-09-01,26
289,2024-10-01,26
289,2024-11-01,26
289,2024-12-01,23
289,2025-01-01,22
289,2025-02-01,21
289,2025-03-01,20
289,2025-04-01,20
289,2025-05-01,17
289,2025-06-01,16
289,2025-07-01,15
289,2025-08-01,13
289,2025-09-01,12
289,2025-10-01,9
289,2025-11-01,7
289,2025-12-01,5
290,2024-01-01,78
290,2024-02-01,76
290,2024-03-01,75
290,2024-04-01,75
290,2024-05-01,75
290,2024-06-01,75
290,2024-07-01,75
290,2024-08-01,75
290,2024-09-01,75
290,2024-10-01,75
290,2024-11-01,73
290,2024-12-01,70
290,2025-01-01,69
290,2025-02-01,68
290,2025-03-01,66
290,2025-04-01,64
290,2025-05-01,64
290,2025-06-01,61
290,2025-07-01,61
290,2025-08-01,59
290,2025-09-01,59
290,2025-10-01,58
290,2025-11-01,57
290,2025-12-01,57
291,2024-01-01,39
291,2024-02-01,39
291,2024-03-01,36
291,2024-04-01,33
291,2024-05-01,30
291,2024-06-01,29
291,2024-07-01,29
291,2024-08-01,27
291,2024-09-01,24
291,2024-10-01,21
291,2024-11-01,21
291,2024-12-01,19
291,2025-01-01,19
291,2025-02-01,19
291,2025-03-01,16
291,2025-04-01,13
291,2025-05-01,12
291,2025-06-01,10
291,2025-07-01,8
291,2025-08-01,5
291,2025-09-01,2
291,2025-10-01,1
291,2025-11-01,1
291,2025-12-01,1
292,2024-01-01,67
292,2024-02-01,64
292,2024-03-01,63
292,2024-04-01,63
292,2024-05-01,63
292,2024-06-01,61
292,2024-07-01,61
292,2024-08-01,61
292,2024-09-01,59
292,2024-10-01,56
292,2024-11-01,56
292,2024-12-01,53
292,2025-01-01,51
292,2025-02-01,48
292,2025-03-01,45
292,2025-04-01,43
292,2025-05-01,40
292,2025-06-01,40
292,2025-07-01,40
292,2025-08-01,40
292,2025-09-01,40
292,2025-10-01,37
292,2025-11-01,37
292,2025-12-01,34
293,2024-01-01,74
293,2024-02-01,74
293,2024-03-01,73
293,2024-04-01,71
293,2024-05-01,68
293,2024-06-01,68
293,2024-07-01,68
293,2024-08-01,68
293,2024-09-01,66
293,2024-10-01,65
293,2024-11-01,64
293,2024-12-01,64
293,2025-01-01,61
293,2025-02-01,61
293,2025-03-01,61
293,2025-04-01,58
293,2025-05-01,58
293,2025-06-01,56
293,2025-07-01,56
293,2025-08-01,54
293,2025-09-01,54
293,2025-10-01,53
293,2025-11-01,50
293,2025-12-01,49
294,2024-01-01,36
294,2024-02-01,34
294,2024-03-01,34
294,2024-04-01,34
294,2024-05-01,34
294,2024-06-01,33
294,2024-07-01,31
294,2024-08-01,30
294,2024-09-01,28
294,2024-10-01,27
294,2024-11-01,27
294,2024-12-01,26
294,2025-01-01,25
294,2025-02-01,23
294,2025-03-01,21
294,2025-04-01,20
294,2025-05-01,18
294,2025-06-01,16
294,2025-07-01,14
294,2025-08-01,11
294,2025-09-01,9
294,2025-10-01,6
294,2025-11-01,3
294,2025-12-01,1
295,2024-01-01,59
295,2024-02-01,59
295,2024-03-01,58
295,2024-04-01,55
295,2024-05-01,52
295,2024-06-01,51
295,2024-07-01,50
295,2024-08-01,48
295,2024-09-01,45
295,2024-10-01,45
295,2024-11-01,43
295,2024-12-01,42
295,2025-01-01,39
295,2025-02-01,38
295,2025-03-01,37
295,2025-04-01,36
295,2025-05-01,34
295,2025-06-01,34
295,2025-07-01,34
295,2025-08-01,31
295,2025-09-01,30
295,2025-10-01,30
295,2025-11-01,29
295,2025-12-01,26
296,2024-01-01,73
296,2024-02-01,72
296,2024-03-01,72
296,2024-04-01,69
296,2024-05-01,68
296,2024-06-01,68
296,2024-07-01,65
296,2024-08-01,64
296,2024-09-01,61
296,2024-10-01,61
296,2024-11-01,60
296,2024-12-01,59
296,2025-01-01,58
296,2025-02-01,55
296,2025-03-01,52
296,2025-04-01,52
296,2025-05-01,50
296,2025-06-01,49
296,2025-07-01,48
296,2025-08-01,48
296,2025-09-01,47
296,2025-10-01,44
296,2025-11-01,41
296,2025-12-01,40
297,2024-01-01,50
297,2024-02-01,49
297,2024-03-01,46
297,2024-04-01,44
297,2024-05-01,42
297,2024-06-01,41
297,2024-07-01,40
297,2024-08-01,39
297,2024-09-01,36
297,2024-10-01,34
297,2024-11-01,32
297,2024-12-01,32
297,2025-01-01,32
297,2025-02-01,31
297,2025-03-01,28
297,2025-04-01,27
297,2025-05-01,25
297,2025-06-01,24
297,2025-07-01,23
297,2025-08-01,21
297,2025-09-01,19
297,2025-10-01,17
297,2025-11-01,15
297,2025-12-01,15
298,2024-01-01,40
298,2024-02-01,38
298,2024-03-01,35
298,2024-04-01,32
298,2024-05-01,29
298,2024-06-01,26
298,2024-07-01,24
298,2024-08-01,23
298,2024-09-01,22
298,2024-10-01,21
298,2024-11-01,21
298,2024-12-01,18
298,2025-01-01,16
298,2025-02-01,14
298,2025-03-01,14
298,2025-04-01,12
298,2025-05-01,11
298,2025-06-01,11
298,2025-07-01,9
298,2025-08-01,9
298,2025-09-01,9
298,2025-10-01,7
298,2025-11-01,6
298,2025-12-01,4
299,2024-01-01,41
299,2024-02-01,40
299,2024-03-01,37
299,2024-04-01,34
299,2024-05-01,32
299,2024-06-01,30
299,2024-07-01,28
299,2024-08-01,28
299,2024-09-01,28
299,2024-10-01,28
299,2024-11-01,26
299,2024-12-01,25
299,2025-01-01,22
299,2025-02-01,22
299,2025-03-01,21
299,2025-04-01,19
299,2025-05-01,19
299,2025-06-01,17
299,2025-07-01,16
299,2025-08-01,16
299,2025-09-01,16
299,2025-10-01,16
299,2025-11-01,16
299,2025-12-01,15
300,2024-01-01,21
300,2024-02-01,18
300,2024-03-01,16
300,2024-04-01,16
300,2024-05-01,13
300,2024-06-01,10
300,2024-07-01,7
300,2024-08-01,6
300,2024-09-01,6
300,2024-10-01,5
300,2024-11-01,4
300,2024-12-01,1
300,2025-01-01,1
300,2025-02-01,1
300,2025-03-01,1
300,2025-04-01,1
300,2025-05-01,1
300,2025-06-01,1
300,2025-07-01,1
300,2025-08-01,1
300,2025-09-01,1
300,2025-10-01,1
300,2025-11-01,1
300,2025-12-01,1
301,2024-01-01,50
301,2024-02-01,49
301,2024-03-01,46
301,2024-04-01,44
301,2024-05-01,42
301,2024-06-01,40
301,2024-07-01,39
301,2024-08-01,37
301,2024-09-01,36
301,2024-10-01,33
301,2024-11-01,32
301,2024-12-01,29
301,2025-01-01,29
301,2025-02-01,29
301,2025-03-01,29
301,2025-04-01,28
301,2025-05-01,28
301,2025-06-01,28
301,2025-07-01,28
301,2025-08-01,25
301,2025-09-01,23
301,2025-10-01,22
301,2025-11-01,22
301,2025-12-01,19
302,2024-01-01,56
302,2024-02-01,54
302,2024-03-01,51
302,2024-04-01,51
302,2024-05-01,49
302,2024-06-01,46
302,2024-07-01,43
302,2024-08-01,42
302,2024-09-01,39
302,2024-10-01,37
302,2024-11-01,35
302,2024-12-01,32
302,2025-01-01,30
302,2025-02-01,27
302,2025-03-01,25
302,2025-04-01,24
302,2025-05-01,24
302,2025-06-01,23
302,2025-07-01,22
302,2025-08-01,22
302,2025-09-01,20
302,2025-10-01,20
302,2025-11-01,17
302,2025-12-01,17
303,2024-01-01,57
303,2024-02-01,55
303,2024-03-01,54
303,2024-04-01,51
303,2024-05-01,49
303,2024-06-01,48
303,2024-07-01,45
303,2024-08-01,43
303,2024-09-01,40
303,2024-10-01,40
303,2024-11-01,40
303,2024-12-01,37
303,2025-01-01,37
303,2025-02-01,34
303,2025-03-01,32
303,2025-04-01,31
303,2025-05-01,28
303,2025-06-01,27
303,2025-07-01,26
303,2025-08-01,23
303,2025-09-01,23
303,2025-10-01,21
303,2025-11-01,20
303,2025-12-01,18
304,2024-01-01,66
304,2024-02-01,66
304,2024-03-01,64
304,2024-04-01,63
304,2024-05-01,60
304,2024-06-01,57
304,2024-07-01,56
304,2024-08-01,55
304,2024-09-01,54
304,2024-10-01,54
304,2024-11-01,53
304,2024-12-01,52
304,2025-01-01,52
304,2025-02-01,49
304,2025-03-01,48
304,2025-04-01,46
304,2025-05-01,43
304,2025-06-01,41
304,2025-07-01,40
304,2025-08-01,40
304,2025-09-01,40
304,2025-10-01,40
304,2025-11-01,39
304,2025-12-01,38
305,2024-01-01,58
305,2024-02-01,57
305,2024-03-01,54
305,2024-04-01,53
305,2024-05-01,52
305,2024-06-01,49
305,2024-07-01,49
305,2024-08-01,46
305,2024-09-01,46
305,2024-10-01,43
305,2024-11-01,41
305,2024-12-01,41
305,2025-01-01,40
305,2025-02-01,38
305,2025-03-01,38
305,2025-04-01,38
305,2025-05-01,38
305,2025-06-01,35
305,2025-07-01,35
305,2025-08-01,34
305,2025-09-01,34
305,2025-10-01,33
305,2025-11-01,32
305,2025-12-01,31
306,2024-01-01,37
306,2024-02-01,34
306,2024-03-01,34
306,2024-04-01,31
306,2024-05-01,29
306,2024-06-01,29
306,2024-07-01,28
306,2024-08-01,28
306,2024-09-01,26
306,2024-10-01,24
306,2024-11-01,21
306,2024-12-01,21
306,2025-01-01,21
306,2025-02-01,21
306,2025-03-01,18
306,2025-04-01,16
306,2025-05-01,15
306,2025-06-01,15
306,2025-07-01,12
306,2025-08-01,9
306,2025-09-01,8
306,2025-10-01,6
306,2025-11-01,6
306,2025-12-01,6
307,2024-01-01,37
307,2024-02-01,37
307,2024-03-01,36
307,2024-04-01,34
307,2024-05-01,32
307,2024-06-01,29
307,2024-07-01,26
307,2024-08-01,26
307,2024-09-01,23
307,2024-10-01,21
307,2024-11-01,21
307,2024-12-01,21
307,2025-01-01,19
307,2025-02-01,19
307,2025-03-01,18
307,2025-04-01,17
307,2025-05-01,17
307,2025-06-01,14
307,2025-07-01,13
307,2025-08-01,13
307,2025-09-01,12
307,2025-10-01,9
307,2025-11-01,7
307,2025-12-01,7
308,2024-01-01,24
308,2024-02-01,24
308,2024-03-01,24
308,2024-04-01,24
308,2024-05-01,21
308,2024-06-01,19
308,2024-07-01,16
308,2024-08-01,13
308,2024-09-01,11
308,2024-10-01,8
308,2024-11-01,7
308,2024-12-01,4
308,2025-01-01,4
308,2025-02-01,3
308,2025-03-01,2
308,2025-04-01,1
308,2025-05-01,1
308,2025-06-01,1
308,2025-07-01,1
308,2025-08-01,1
308,2025-09-01,1
308,2025-10-01,1
308,2025-11-01,1
308,2025-12-01,1
309,2024-01-01,27
309,2024-02-01,25
309,2024-03-01,23
309,2024-04-01,20
309,2024-05-01,19
309,2024-06-01,16
309,2024-07-01,13
309,2024-08-01,12
309,2024-09-01,10
309,2024-10-01,10
309,2024-11-01,10
309,2024-12-01,9
309,2025-01-01,8
309,2025-02-01,6
309,2025-03-01,5
309,2025-04-01,4
309,2025-05-01,2
309,2025-06-01,1
309,2025-07-01,1
309,2025-08-01,1
309,2025-09-01,1
309,2025-10-01,1
309,2025-11-01,1
309,2025-12-01,1
310,2024-01-01,29
310,2024-02-01,27
310,2024-03-01,25
310,2024-04-01,22
310,2024-05-01,20
310,2024-06-01,17
310,2024-07-01,16
310,2024-08-01,13
310,2024-09-01,11
310,2024-10-01,9
310,2024-11-01,8
310,2024-12-01,5
310,2025-01-01,4
310,2025-02-01,4
310,2025-03-01,1
310,2025-04-01,1
310,2025-05-01,1
310,2025-06-01,1
310,2025-07-01,1
310,2025-08-01,1
310,2025-09-01,1
310,2025-10-01,1
310,2025-11-01,1
310,2025-12-01,1
311,2024-01-01,60
311,2024-02-01,58
311,2024-03-01,55
311,2024-04-01,53
311,2024-05-01,52
311,2024-06-01,49
311,2024-07-01,46
311,2024-08-01,44
311,2024-09-01,44
311,2024-10-01,44
311,2024-11-01,43
311,2024-12-01,41
311,2025-01-01,39
311,2025-02-01,36
311,2025-03-01,33
311,2025-04-01,31
311,2025-05-01,28
311,2025-06-01,26
311,2025-07-01,25
311,2025-08-01,22
311,2025-09-01,20
311,2025-10-01,17
311,2025-11-01,16
311,2025-12-01,13
312,2024-01-01,27
312,2024-02-01,24
312,2024-03-01,22
312,2024-04-01,22
312,2024-05-01,19
312,2024-06-01,16
312,2024-07-01,15
312,2024-08-01,15
312,2024-09-01,14
312,2024-10-01,12
312,2024-11-01,10
312,2024-12-01,9
312,2025-01-01,6
312,2025-02-01,6
312,2025-03-01,5
312,2025-04-01,4
312,2025-05-01,2
312,2025-06-01,1
312,2025-07-01,1
312,2025-08-01,1
312,2025-09-01,1
312,2025-10-01,1
312,2025-11-01,1
312,2025-12-01,1
313,2024-01-01,43
313,2024-02-01,40
313,2024-03-01,37
313,2024-04-01,35
313,2024-05-01,33
313,2024-06-01,31
313,2024-07-01,28
313,2024-08-01,28
313,2024-09-01,26
313,2024-10-01,25
313,2024-11-01,23
313,2024-12-01,22
313,2025-01-01,19
313,2025-02-01,18
313,2025-03-01,16
313,2025-04-01,14
313,2025-05-01,14
313,2025-06-01,11
313,2025-07-01,10
313,2025-08-01,7
313,2025-09-01,5
313,2025-10-01,5
313,2025-11-01,3
313,2025-12-01,1
314,2024-01-01,21
314,2024-02-01,19
314,2024-03-01,16
314,2024-04-01,13
314,2024-05-01,13
314,2024-06-01,10
314,2024-07-01,8
314,2024-08-01,6
314,2024-09-01,3
314,2024-10-01,3
314,2024-11-01,3
314,2024-12-01,1
314,2025-01-01,1
314,2025-02-01,1
314,2025-03-01,1
314,2025-04-01,1
314,2025-05-01,1
314,2025-06-01,1
314,2025-07-01,1
314,2025-08-01,1
314,2025-09-01,1
314,2025-10-01,1
314,2025-11-01,1
314,2025-12-01,1
315,2024-01-01,75
315,2024-02-01,72
315,2024-03-01,69
315,2024-04-01,66
315,2024-05-01,63
315,2024-06-01,63
315,2024-07-01,61
315,2024-08-01,58
315,2024-09-01,57
315,2024-10-01,54
315,2024-11-01,54
315,2024-12-01,51
315,2025-01-01,50
315,2025-02-01,50
315,2025-03-01,47
315,2025-04-01,46
315,2025-05-01,46
315,2025-06-01,43
315,2025-07-01,42
315,2025-08-01,42
315,2025-09-01,39
315,2025-10-01,39
315,2025-11-01,38
315,2025-12-01,35
316,2024-01-01,60
316,2024-02-01,59
316,2024-03-01,57
316,2024-04-01,54
316,2024-05-01,53
316,2024-06-01,53
316,2024-07-01,53
316,2024-08-01,52
316,2024-09-01,50
316,2024-10-01,49
316,2024-11-01,49
316,2024-12-01,49
316,2025-01-01,46
316,2025-02-01,44
316,2025-03-01,43
316,2025-04-01,43
316,2025-05-01,43
316,2025-06-01,43
316,2025-07-01,42
316,2025-08-01,41
316,2025-09-01,39
316,2025-10-01,36
316,2025-11-01,33
316,2025-12-01,30
317,2024-01-01,49
317,2024-02-01,49
317,2024-03-01,47
317,2024-04-01,47
317,2024-05-01,45
317,2024-06-01,43
317,2024-07-01,40
317,2024-08-01,37
317,2024-09-01,37
317,2024-10-01,36
317,2024-11-01,33
317,2024-12-01,30
317,2025-01-01,29
317,2025-02-01,28
317,2025-03-01,25
317,2025-04-01,24
317,2025-05-01,24
317,2025-06-01,22
317,2025-07-01,20
317,2025-08-01,17
317,2025-09-01,14
317,2025-10-01,14
317,2025-11-01,13
317,2025-12-01,10
318,2024-01-01,30
318,2024-02-01,30
318,2024-03-01,29
318,2024-04-01,26
318,2024-05-01,23
318,2024-06-01,23
318,2024-07-01,21
318,2024-08-01,18
318,2024-09-01,16
318,2024-10-01,16
318,2024-11-01,13
318,2024-12-01,11
318,2025-01-01,11
318,2025-02-01,9
318,2025-03-01,6
318,2025-04-01,5
318,2025-05-01,3
318,2025-06-01,2
318,2025-07-01,1
318,2025-08-01,1
318,2025-09-01,1
318,2025-10-01,1
318,2025-11-01,1
318,2025-12-01,1
319,2024-01-01,73
319,2024-02-01,70
319,2024-03-01,69
319,2024-04-01,67
319,2024-05-01,65
319,2024-06-01,64
319,2024-07-01,63
319,2024-08-01,62
319,2024-09-01,59
319,2024-10-01,57
319,2024-11-01,55
319,2024-12-01,53
319,2025-01-01,50
319,2025-02-01,50
319,2025-03-01,48
319,2025-04-01,46
319,2025-05-01,46
319,2025-06-01,43
319,2025-07-01,43
319,2025-08-01,43
319,2025-09-01,43
319,2025-10-01,43
319,2025-11-01,40
319,2025-12-01,37
320,2024-01-01,71
320,2024-02-01,70
320,2024-03-01,69
320,2024-04-01,68
320,2024-05-01,66
320,2024-06-01,63
320,2024-07-01,60
320,2024-08-01,60
320,2024-09-01,58
320,2024-10-01,58
320,2024-11-01,58
320,2024-12-01,55
320,2025-01-01,53
320,2025-02-01,52
320,2025-03-01,49
320,2025-04-01,47
320,2025-05-01,45
320,2025-06-01,42
320,2025-07-01,39
320,2025-08-01,39
320,2025-09-01,39
320,2025-10-01,39
320,2025-11-01,38
320,2025-12-01,35
321,2024-01-01,67
321,2024-02-01,65
321,2024-03-01,64
321,2024-04-01,61
321,2024-05-01,59
321,2024-06-01,57
321,2024-07-01,57
321,2024-08-01,56
321,2024-09-01,53
321,2024-10-01,53
321,2024-11-01,52
321,2024-12-01,52
321,2025-01-01,49
321,2025-02-01,47
321,2025-03-01,44
321,2025-04-01,43
321,2025-05-01,40
321,2025-06-01,39
321,2025-07-01,39
321,2025-08-01,38
321,2025-09-01,36
321,2025-10-01,34
321,2025-11-01,32
321,2025-12-01,32
322,2024-01-01,57
322,2024-02-01,54
322,2024-03-01,51
322,2024-04-01,48
322,2024-05-01,45
322,2024-06-01,43
322,2024-07-01,42
322,2024-08-01,40
322,2024-09-01,39
322,2024-10-01,38
322,2024-11-01,38
322,2024-12-01,35
322,2025-01-01,34
322,2025-02-01,31
322,2025-03-01,28
322,2025-04-01,25
322,2025-05-01,23
322,2025-06-01,20
322,2025-07-01,19
322,2025-08-01,17
322,2025-09-01,14
322,2025-10-01,14
322,2025-11-01,11
322,2025-12-01,8
323,2024-01-01,33
323,2024-02-01,30
323,2024-03-01,28
323,2024-04-01,26
323,2024-05-01,25
323,2024-06-01,23
323,2024-07-01,22
323,2024-08-01,22
323,2024-09-01,19
323,2024-10-01,17
323,2024-11-01,17
323,2024-12-01,15
323,2025-01-01,13
323,2025-02-01,13
323,2025-03-01,11
323,2025-04-01,9
323,2025-05-01,9
323,2025-06-01,7
323,2025-07-01,6
323,2025-08-01,4
323,2025-09-01,1
323,2025-10-01,1
323,2025-11-01,1
323,2025-12-01,1
324,2024-01-01,22
324,2024-02-01,21
324,2024-03-01,20
324,2024-04-01,18
324,2024-05-01,18
324,2024-06-01,18
324,2024-07-01,17
324,2024-08-01,17
324,2024-09-01,15
324,2024-10-01,13
324,2024-11-01,13
324,2024-12-01,11
324,2025-01-01,8
324,2025-02-01,7
324,2025-03-01,5
324,2025-04-01,5
324,2025-05-01,4
324,2025-06-01,2
324,2025-07-01,1
324,2025-08-01,1
324,2025-09-01,1
324,2025-10-01,1
324,2025-11-01,1
324,2025-12-01,1
325,2024-01-01,37
325,2024-02-01,35
325,2024-03-01,33
325,2024-04-01,31
325,2024-05-01,28
325,2024-06-01,26
325,2024-07-01,26
325,2024-08-01,24
325,2024-09-01,23
325,2024-10-01,23
325,2024-11-01,22
325,2024-12-01,21
325,2025-01-01,20
325,2025-02-01,20
325,2025-03-01,20
325,2025-04-01,17
325,2025-05-01,17
325,2025-06-01,15
325,2025-07-01,14
325,2025-08-01,11
325,2025-09-01,11
325,2025-10-01,10
325,2025-11-01,10
325,2025-12-01,7
326,2024-01-01,68
326,2024-02-01,67
326,2024-03-01,65
326,2024-04-01,65
326,2024-05-01,62
326,2024-06-01,62
326,2024-07-01,62
326,2024-08-01,60
326,2024-09-01,59
326,2024-10-01,56
326,2024-11-01,55
326,2024-12-01,54
326,2025-01-01,53
326,2025-02-01,53
326,2025-03-01,51
326,2025-04-01,51
326,2025-05-01,48
326,2025-06-01,46
326,2025-07-01,45
326,2025-08-01,43
326,2025-09-01,40
326,2025-10-01,40
326,2025-11-01,40
326,2025-12-01,39
327,2024-01-01,44
327,2024-02-01,41
327,2024-03-01,39
327,2024-04-01,39
327,2024-05-01,36
327,2024-06-01,33
327,2024-07-01,32
327,2024-08-01,29
327,2024-09-01,28
327,2024-10-01,28
327,2024-11-01,27
327,2024-12-01,24
327,2025-01-01,22
327,2025-02-01,20
327,2025-03-01,20
327,2025-04-01,20
327,2025-05-01,18
327,2025-06-01,17
327,2025-07-01,17
327,2025-08-01,14
327,2025-09-01,14
327,2025-10-01,13
327,2025-11-01,13
327,2025-12-01,10
328,2024-01-01,64
328,2024-02-01,63
328,2024-03-01,62
328,2024-04-01,59
328,2024-05-01,56
328,2024-06-01,55
328,2024-07-01,54
328,2024-08-01,53
328,2024-09-01,51
328,2024-10-01,50
328,2024-11-01,47
328,2024-12-01,45
328,2025-01-01,44
328,2025-02-01,41
328,2025-03-01,41
328,2025-04-01,39
328,2025-05-01,36
328,2025-06-01,36
328,2025-07-01,33
328,2025-08-01,32
328,2025-09-01,31
328,2025-10-01,31
328,2025-11-01,30
328,2025-12-01,27
329,2024-01-01,73
329,2024-02-01,70
329,2024-03-01,67
329,2024-04-01,66
329,2024-05-01,65
329,2024-06-01,62
329,2024-07-01,60
329,2024-08-01,57
329,2024-09-01,54
329,2024-10-01,54
329,2024-11-01,51
329,2024-12-01,50
329,2025-01-01,50
329,2025-02-01,48
329,2025-03-01,48
329,2025-04-01,46
329,2025-05-01,46
329,2025-06-01,46
329,2025-07-01,44
329,2025-08-01,43
329,2025-09-01,42
329,2025-10-01,41
329,2025-11-01,41
329,2025-12-01,38
330,2024-01-01,17
330,2024-02-01,14
330,2024-03-01,13
330,2024-04-01,10
330,2024-05-01,10
330,2024-06-01,10
330,2024-07-01,9
330,2024-08-01,7
330,2024-09-01,7
330,2024-10-01,4
330,2024-11-01,4
330,2024-12-01,4
330,2025-01-01,4
330,2025-02-01,2
330,2025-03-01,1
330,2025-04-01,1
330,2025-05-01,1
330,2025-06-01,1
330,2025-07-01,1
330,2025-08-01,1
330,2025-09-01,1
330,2025-10-01,1
330,2025-11-01,1
330,2025-12-01,1
331,2024-01-01,59
331,2024-02-01,59
331,2024-03-01,56
331,2024-04-01,54
331,2024-05-01,52
331,2024-06-01,52
331,2024-07-01,52
331,2024-08-01,51
331,2024-09-01,51
331,2024-10-01,50
331,2024-11-01,48
331,2024-12-01,46
331,2025-01-01,43
331,2025-02-01,40
331,2025-03-01,39
331,2025-04-01,39
331,2025-05-01,39
331,2025-06-01,36
331,2025-07-01,34
331,2025-08-01,33
331,2025-09-01,31
331,2025-10-01,29
331,2025-11-01,29
331,2025-12-01,28
332,2024-01-01,23
332,2024-02-01,20
332,2024-03-01,20
332,2024-04-01,17
332,2024-05-01,14
332,2024-06-01,12
332,2024-07-01,9
332,2024-08-01,6
332,2024-09-01,4
332,2024-10-01,4
332,2024-11-01,4
332,2024-12-01,3
332,2025-01-01,1
332,2025-02-01,1
332,2025-03-01,1
332,2025-04-01,1
332,2025-05-01,1
332,2025-06-01,1
332,2025-07-01,1
332,2025-08-01,1
332,2025-09-01,1
332,2025-10-01,1
332,2025-11-01,1
332,2025-12-01,1
333,2024-01-01,59
333,2024-02-01,57
333,2024-03-01,56
333,2024-04-01,55
333,2024-05-01,52
333,2024-06-01,51
333,2024-07-01,48
333,2024-08-01,48
333,2024-09-01,48
333,2024-10-01,47
333,2024-11-01,46
333,2024-12-01,44
333,2025-01-01,42
333,2025-02-01,41
333,2025-03-01,40
333,2025-04-01,40
333,2025-05-01,39
333,2025-06-01,37
333,2025-07-01,37
333,2025-08-01,34
333,2025-09-01,32
333,2025-10-01,30
333,2025-11-01,30
333,2025-12-01,27
334,2024-01-01,35
334,2024-02-01,35
334,2024-03-01,35
334,2024-04-01,35
334,2024-05-01,33
334,2024-06-01,30
334,2024-07-01,29
334,2024-08-01,29
334,2024-09-01,26
334,2024-10-01,25
334,2024-11-01,25
334,2024-12-01,24
334,2025-01-01,23
334,2025-02-01,20
334,2025-03-01,19
334,2025-04-01,19
334,2025-05-01,16
334,2025-06-01,14
334,2025-07-01,12
334,2025-08-01,9
334,2025-09-01,7
334,2025-10-01,6
334,2025-11-01,6
334,2025-12-01,5
335,2024-01-01,47
335,2024-02-01,44
335,2024-03-01,41
335,2024-04-01,38
335,2024-05-01,37
335,2024-06-01,37
335,2024-07-01,37
335,2024-08-01,37
335,2024-09-01,36
335,2024-10-01,34
335,2024-11-01,33
335,2024-12-01,32
335,2025-01-01,29
335,2025-02-01,29
335,2025-03-01,29
335,2025-04-01,27
335,2025-05-01,25
335,2025-06-01,22
335,2025-07-01,22
335,2025-08-01,20
335,2025-09-01,18
335,2025-10-01,18
335,2025-11-01,17
335,2025-12-01,15
336,2024-01-01,26
336,2024-02-01,23
336,2024-03-01,21
336,2024-04-01,21
336,2024-05-01,19
336,2024-06-01,16
336,2024-07-01,13
336,2024-08-01,11
336,2024-09-01,9
336,2024-10-01,6
336,2024-11-01,3
336,2024-12-01,2
336,2025-01-01,1
336,2025-02-01,1
336,2025-03-01,1
336,2025-04-01,1
336,2025-05-01,1
336,2025-06-01,1
336,2025-07-01,1
336,2025-08-01,1
336,2025-09-01,1
336,2025-10-01,1
336,2025-11-01,1
336,2025-12-01,1
337,2024-01-01,66
337,2024-02-01,64
337,2024-03-01,62
337,2024-04-01,61
337,2024-05-01,60
337,2024-06-01,59
337,2024-07-01,58
337,2024-08-01,57
337,2024-09-01,57
337,2024-10-01,57
337,2024-11-01,57
337,2024-12-01,56
337,2025-01-01,53
337,2025-02-01,52
337,2025-03-01,51
337,2025-04-01,51
337,2025-05-01,50
337,2025-06-01,50
337,2025-07-01,49
337,2025-08-01,47
337,2025-09-01,44
337,2025-10-01,41
337,2025-11-01,41
337,2025-12-01,39
338,2024-01-01,31
338,2024-02-01,30
338,2024-03-01,29
338,2024-04-01,27
338,2024-05-01,24
338,2024-06-01,23
338,2024-07-01,23
338,2024-08-01,22
338,2024-09-01,21
338,2024-10-01,18
338,2024-11-01,15
338,2024-12-01,15
338,2025-01-01,13
338,2025-02-01,11
338,2025-03-01,10
338,2025-04-01,10
338,2025-05-01,8
338,2025-06-01,6
338,2025-07-01,5
338,2025-08-01,5
338,2025-09-01,3
338,2025-10-01,1
338,2025-11-01,1
338,2025-12-01,1
339,2024-01-01,40
339,2024-02-01,39
339,2024-03-01,37
339,2024-04-01,37
339,2024-05-01,36
339,2024-06-01,35
339,2024-07-01,33
339,2024-08-01,32
339,2024-09-01,31
339,2024-10-01,31
339,2024-11-01,28
339,2024-12-01,27
339,2025-01-01,25
339,2025-02-01,25
339,2025-03-01,23
339,2025-04-01,23
339,2025-05-01,23
339,2025-06-01,22
339,2025-07-01,21
339,2025-08-01,20
339,2025-09-01,17
339,2025-10-01,14
339,2025-11-01,12
339,2025-12-01,11
340,2024-01-01,22
340,2024-02-01,19
340,2024-03-01,16
340,2024-04-01,16
340,2024-05-01,15
340,2024-06-01,14
340,2024-07-01,11
340,2024-08-01,10
340,2024-09-01,7
340,2024-10-01,6
340,2024-11-01,6
340,2024-12-01,5
340,2025-01-01,5
340,2025-02-01,3
340,2025-03-01,2
340,2025-04-01,1
340,2025-05-01,1
340,2025-06-01,1
340,2025-07-01,1
340,2025-08-01,1
340,2025-09-01,1
340,2025-10-01,1
340,2025-11-01,1
340,2025-12-01,1
341,2024-01-01,25
341,2024-02-01,23
341,2024-03-01,20
341,2024-04-01,20
341,2024-05-01,19
341,2024-06-01,18
341,2024-07-01,16
341,2024-08-01,16
341,2024-09-01,16
341,2024-10-01,16
341,2024-11-01,14
341,2024-12-01,13
341,2025-01-01,10
341,2025-02-01,8
341,2025-03-01,5
341,2025-04-01,4
341,2025-05-01,2
341,2025-06-01,1
341,2025-07-01,1
341,2025-08-01,1
341,2025-09-01,1
341,2025-10-01,1
341,2025-11-01,1
341,2025-12-01,1
342,2024-01-01,72
342,2024-02-01,70
342,2024-03-01,70
342,2024-04-01,69
342,2024-05-01,69
342,2024-06-01,69
342,2024-07-01,68
342,2024-08-01,67
342,2024-09-01,66
342,2024-10-01,65
342,2024-11-01,65
342,2024-12-01,62
342,2025-01-01,60
342,2025-02-01,57
342,2025-03-01,57
342,2025-04-01,56
342,2025-05-01,54
342,2025-06-01,52
342,2025-07-01,49
342,2025-08-01,49
342,2025-09-01,49
342,2025-10-01,49
342,2025-11-01,47
342,2025-12-01,44
343,2024-01-01,52
343,2024-02-01,51
343,2024-03-01,48
343,2024-04-01,47
343,2024-05-01,47
343,2024-06-01,45
343,2024-07-01,42
343,2024-08-01,42
343,2024-09-01,39
343,2024-10-01,37
343,2024-11-01,34
343,2024-12-01,34
343,2025-01-01,33
343,2025-02-01,31
343,2025-03-01,30
343,2025-04-01,28
343,2025-05-01,28
343,2025-06-01,26
343,2025-07-01,25
343,2025-08-01,23
343,2025-09-01,23
343,2025-10-01,21
343,2025-11-01,20
343,2025-12-01,20
344,2024-01-01,59
344,2024-02-01,56
344,2024-03-01,55
344,2024-04-01,53
344,2024-05-01,50
344,2024-06-01,47
344,2024-07-01,47
344,2024-08-01,44
344,2024-09-01,43
344,2024-10-01,42
344,2024-11-01,39
344,2024-12-01,37
344,2025-01-01,36
344,2025-02-01,35
344,2025-03-01,35
344,2025-04-01,33
344,2025-05-01,30
344,2025-06-01,28
344,2025-07-01,28
344,2025-08-01,28
344,2025-09-01,26
344,2025-10-01,26
344,2025-11-01,26
344,2025-12-01,26
345,2024-01-01,42
345,2024-02-01,39
345,2024-03-01,36
345,2024-04-01,35
345,2024-05-01,32
345,2024-06-01,31
345,2024-07-01,29
345,2024-08-01,29
345,2024-09-01,26
345,2024-10-01,25
345,2024-11-01,23
345,2024-12-01,22
345,2025-01-01,22
345,2025-02-01,19
345,2025-03-01,17
345,2025-04-01,16
345,2025-05-01,14
345,2025-06-01,13
345,2025-07-01,12
345,2025-08-01,12
345,2025-09-01,12
345,2025-10-01,11
345,2025-11-01,8
345,2025-12-01,6
346,2024-01-01,22
346,2024-02-01,19
346,2024-03-01,18
346,2024-04-01,18
346,2024-05-01,17
346,2024-06-01,16
346,2024-07-01,16
346,2024-08-01,13
346,2024-09-01,11
346,2024-10-01,11
346,2024-11-01,8
346,2024-12-01,7
346,2025-01-01,7
346,2025-02-01,5
346,2025-03-01,3
346,2025-04-01,2
346,2025-05-01,2
346,2025-06-01,1
346,2025-07-01,1
346,2025-08-01,1
346,2025-09-01,1
346,2025-10-01,1
346,2025-11-01,1
346,2025-12-01,1
347,2024-01-01,74
347,2024-02-01,72
347,2024-03-01,69
347,2024-04-01,68
347,2024-05-01,66
347,2024-06-01,64
347,2024-07-01,61
347,2024-08-01,60
347,2024-09-01,58
347,2024-10-01,56
347,2024-11-01,56
347,2024-12-01,56
347,2025-01-01,53
347,2025-02-01,53
347,2025-03-01,52
347,2025-04-01,49
347,2025-05-01,46
347,2025-06-01,46
347,2025-07-01,44
347,2025-08-01,43
347,2025-09-01,42
347,2025-10-01,41
347,2025-11-01,38
347,2025-12-01,37
348,2024-01-01,64
348,2024-02-01,64
348,2024-03-01,63
348,2024-04-01,60
348,2024-05-01,60
348,2024-06-01,58
348,2024-07-01,57
348,2024-08-01,55
348,2024-09-01,55
348,2024-10-01,53
348,2024-11-01,52
348,2024-12-01,51
348,2025-01-01,51
348,2025-02-01,50
348,2025-03-01,48
348,2025-04-01,46
348,2025-05-01,43
348,2025-06-01,40
348,2025-07-01,37
348,2025-08-01,35
348,2025-09-01,33
348,2025-10-01,33
348,2025-11-01,30
348,2025-12-01,28
349,2024-01-01,50
349,2024-02-01,50
349,2024-03-01,47
349,2024-04-01,44
349,2024-05-01,41
349,2024-06-01,39
349,2024-07-01,37
349,2024-08-01,37
349,2024-09-01,36
349,2024-10-01,35
349,2024-11-01,32
349,2024-12-01,31
349,2025-01-01,28
349,2025-02-01,28
349,2025-03-01,27
349,2025-04-01,26
349,2025-05-01,23
349,2025-06-01,23
349,2025-07-01,22
349,2025-08-01,21
349,2025-09-01,20
349,2025-10-01,20
349,2025-11-01,20
349,2025-12-01,19
350,2024-01-01,58
350,2024-02-01,58
350,2024-03-01,57
350,2024-04-01,57
350,2024-05-01,56
350,2024-06-01,56
350,2024-07-01,54
350,2024-08-01,51
350,2024-09-01,49
350,2024-10-01,46
350,2024-11-01,46
350,2024-12-01,44
350,2025-01-01,41
350,2025-02-01,40
350,2025-03-01,40
350,2025-04-01,40
350,2025-05-01,39
350,2025-06-01,38
350,2025-07-01,35
350,2025-08-01,35
350,2025-09-01,32
350,2025-10-01,31
350,2025-11-01,31
350,2025-12-01,30
351,2024-01-01,76
351,2024-02-01,73
351,2024-03-01,73
351,2024-04-01,72
351,2024-05-01,71
351,2024-06-01,68
351,2024-07-01,65
351,2024-08-01,62
351,2024-09-01,59
351,2024-10-01,57
351,2024-11-01,55
351,2024-12-01,53
351,2025-01-01,50
351,2025-02-01,47
351,2025-03-01,46
351,2025-04-01,46
351,2025-05-01,45
351,2025-06-01,43
351,2025-07-01,42
351,2025-08-01,39
351,2025-09-01,37
351,2025-10-01,35
351,2025-11-01,35
351,2025-12-01,35
352,2024-01-01,21
352,2024-02-01,19
352,2024-03-01,16
352,2024-04-01,15
352,2024-05-01,12
352,2024-06-01,9
352,2024-07-01,6
352,2024-08-01,4
352,2024-09-01,4
352,2024-10-01,4
352,2024-11-01,1
352,2024-12-01,1
352,2025-01-01,1
352,2025-02-01,1
352,2025-03-01,1
352,2025-04-01,1
352,2025-05-01,1
352,2025-06-01,1
352,2025-07-01,1
352,2025-08-01,1
352,2025-09-01,1
352,2025-10-01,1
352,2025-11-01,1
352,2025-12-01,1
353,2024-01-01,22
353,2024-02-01,20
353,2024-03-01,19
353,2024-04-01,16
353,2024-05-01,14
353,2024-06-01,11
353,2024-07-01,10
353,2024-08-01,7
353,2024-09-01,5
353,2024-10-01,4
353,2024-11-01,3
353,2024-12-01,3
353,2025-01-01,3
353,2025-02-01,1
353,2025-03-01,1
353,2025-04-01,1
353,2025-05-01,1
353,2025-06-01,1
353,2025-07-01,1
353,2025-08-01,1
353,2025-09-01,1
353,2025-10-01,1
353,2025-11-01,1
353,2025-12-01,1
354,2024-01-01,33
354,2024-02-01,31
354,2024-03-01,29
354,2024-04-01,26
354,2024-05-01,24
354,2024-06-01,21
354,2024-07-01,20
354,2024-08-01,20
354,2024-09-01,17
354,2024-10-01,15
354,2024-11-01,13
354,2024-12-01,10
354,2025-01-01,9
354,2025-02-01,9
354,2025-03-01,7
354,2025-04-01,6
354,2025-05-01,6
354,2025-06-01,6
354,2025-07-01,4
354,2025-08-01,1
354,2025-09-01,1
354,2025-10-01,1
354,2025-11-01,1
354,2025-12-01,1
355,2024-01-01,58
355,2024-02-01,56
355,2024-03-01,53
355,2024-04-01,53
355,2024-05-01,50
355,2024-06-01,48
355,2024-07-01,45
355,2024-08-01,45
355,2024-09-01,45
355,2024-10-01,42
355,2024-11-01,42
355,2024-12-01,41
355,2025-01-01,38
355,2025-02-01,38
355,2025-03-01,38
355,2025-04-01,35
355,2025-05-01,34
355,2025-06-01,31
355,2025-07-01,31
355,2025-08-01,28
355,2025-09-01,28
355,2025-10-01,26
355,2025-11-01,23
355,2025-12-01,20
356,2024-01-01,20
356,2024-02-01,20
356,2024-03-01,20
356,2024-04-01,17
356,2024-05-01,17
356,2024-06-01,14
356,2024-07-01,13
356,2024-08-01,10
356,2024-09-01,10
356,2024-10-01,10
356,2024-11-01,9
356,2024-12-01,6
356,2025-01-01,5
356,2025-02-01,2
356,2025-03-01,2
356,2025-04-01,1
356,2025-05-01,1
356,2025-06-01,1
356,2025-07-01,1
356,2025-08-01,1
356,2025-09-01,1
356,2025-10-01,1
356,2025-11-01,1
356,2025-12-01,1
357,2024-01-01,46
357,2024-02-01,43
357,2024-03-01,42
357,2024-04-01,41
357,2024-05-01,41
357,2024-06-01,38
357,2024-07-01,38
357,2024-08-01,37
357,2024-09-01,35
357,2024-10-01,33
357,2024-11-01,31
357,2024-12-01,30
357,2025-01-01,30
357,2025-02-01,27
357,2025-03-01,26
357,2025-04-01,24
357,2025-05-01,24
357,2025-06-01,21
357,2025-07-01,18
357,2025-08-01,17
357,2025-09-01,16
357,2025-10-01,13
357,2025-11-01,10
357,2025-12-01,8
358,2024-01-01,61
358,2024-02-01,59
358,2024-03-01,57
358,2024-04-01,54
358,2024-05-01,54
358,2024-06-01,52
358,2024-07-01,51
358,2024-08-01,48
358,2024-09-01,47
358,2024-10-01,44
358,2024-11-01,42
358,2024-12-01,39
358,2025-01-01,39
358,2025-02-01,38
358,2025-03-01,38
358,2025-04-01,37
358,2025-05-01,36
358,2025-06-01,33
358,2025-07-01,31
358,2025-08-01,29
358,2025-09-01,29
358,2025-10-01,26
358,2025-11-01,24
358,2025-12-01,23
359,2024-01-01,74
359,2024-02-01,74
359,2024-03-01,71
359,2024-04-01,71
359,2024-05-01,68
359,2024-06-01,67
359,2024-07-01,64
359,2024-08-01,62
359,2024-09-01,60
359,2024-10-01,57
359,2024-11-01,57
359,2024-12-01,57
359,2025-01-01,56
359,2025-02-01,55
359,2025-03-01,55
359,2025-04-01,52
359,2025-05-01,51
359,2025-06-01,51
359,2025-07-01,51
359,2025-08-01,48
359,2025-09-01,46
359,2025-10-01,46
359,2025-11-01,45
359,2025-12-01,42
360,2024-01-01,48
360,2024-02-01,46
360,2024-03-01,44
360,2024-04-01,43
360,2024-05-01,42
360,2024-06-01,39
360,2024-07-01,38
360,2024-08-01,38
360,2024-09-01,36
360,2024-10-01,33
360,2024-11-01,30
360,2024-12-01,30
360,2025-01-01,30
360,2025-02-01,30
360,2025-03-01,30
360,2025-04-01,27
360,2025-05-01,25
360,2025-06-01,23
360,2025-07-01,23
360,2025-08-01,22
360,2025-09-01,19
360,2025-10-01,17
360,2025-11-01,17
360,2025-12-01,16
361,2024-01-01,45
361,2024-02-01,42
361,2024-03-01,40
361,2024-04-01,39
361,2024-05-01,37
361,2024-06-01,35
361,2024-07-01,34
361,2024-08-01,34
361,2024-09-01,33
361,2024-10-01,32
361,2024-11-01,29
361,2024-12-01,27
361,2025-01-01,27
361,2025-02-01,25
361,2025-03-01,24
361,2025-04-01,24
361,2025-05-01,24
361,2025-06-01,24
361,2025-07-01,24
361,2025-08-01,21
361,2025-09-01,21
361,2025-10-01,20
361,2025-11-01,17
361,2025-12-01,16
362,2024-01-01,58
362,2024-02-01,58
362,2024-03-01,57
362,2024-04-01,57
362,2024-05-01,54
362,2024-06-01,52
362,2024-07-01,52
362,2024-08-01,52
362,2024-09-01,49
362,2024-10-01,47
362,2024-11-01,44
362,2024-12-01,43
362,2025-01-01,42
362,2025-02-01,42
362,2025-03-01,40
362,2025-04-01,39
362,2025-05-01,36
362,2025-06-01,35
362,2025-07-01,34
362,2025-08-01,31
362,2025-09-01,31
362,2025-10-01,29
362,2025-11-01,29
362,2025-12-01,26
363,2024-01-01,75
363,2024-02-01,75
363,2024-03-01,72
363,2024-04-01,71
363,2024-05-01,70
363,2024-06-01,70
363,2024-07-01,67
363,2024-08-01,66
363,2024-09-01,65
363,2024-10-01,63
363,2024-11-01,62
363,2024-12-01,62
363,2025-01-01,59
363,2025-02-01,56
363,2025-03-01,54
363,2025-04-01,51
363,2025-05-01,51
363,2025-06-01,50
363,2025-07-01,48
363,2025-08-01,45
363,2025-09-01,43
363,2025-10-01,41
363,2025-11-01,38
363,2025-12-01,36
364,2024-01-01,67
364,2024-02-01,64
364,2024-03-01,63
364,2024-04-01,60
364,2024-05-01,59
364,2024-06-01,57
364,2024-07-01,54
364,2024-08-01,53
364,2024-09-01,50
364,2024-10-01,47
364,2024-11-01,44
364,2024-12-01,44
364,2025-01-01,43
364,2025-02-01,43
364,2025-03-01,43
364,2025-04-01,42
364,2025-05-01,39
364,2025-06-01,39
364,2025-07-01,39
364,2025-08-01,39
364,2025-09-01,36
364,2025-10-01,36
364,2025-11-01,34
364,2025-12-01,33
365,2024-01-01,67
365,2024-02-01,67
365,2024-03-01,66
365,2024-04-01,66
365,2024-05-01,63
365,2024-06-01,62
365,2024-07-01,60
365,2024-08-01,59
365,2024-09-01,59
365,2024-10-01,58
365,2024-11-01,55
365,2024-12-01,52
365,2025-01-01,51
365,2025-02-01,48
365,2025-03-01,45
365,2025-04-01,42
365,2025-05-01,40
365,2025-06-01,40
365,2025-07-01,37
365,2025-08-01,36
365,2025-09-01,33
365,2025-10-01,31
365,2025-11-01,30
365,2025-12-01,30
366,2024-01-01,76
366,2024-02-01,75
366,2024-03-01,74
366,2024-04-01,71
366,2024-05-01,71
366,2024-06-01,68
366,2024-07-01,66
366,2024-08-01,64
366,2024-09-01,63
366,2024-10-01,60
366,2024-11-01,57
366,2024-12-01,57
366,2025-01-01,57
366,2025-02-01,57
366,2025-03-01,54
366,2025-04-01,54
366,2025-05-01,54
366,2025-06-01,54
366,2025-07-01,53
366,2025-08-01,51
366,2025-09-01,49
366,2025-10-01,46
366,2025-11-01,43
366,2025-12-01,42
367,2024-01-01,66
367,2024-02-01,66
367,2024-03-01,63
367,2024-04-01,61
367,2024-05-01,58
367,2024-06-01,55
367,2024-07-01,55
367,2024-08-01,55
367,2024-09-01,53
367,2024-10-01,50
367,2024-11-01,49
367,2024-12-01,47
367,2025-01-01,44
367,2025-02-01,42
367,2025-03-01,40
367,2025-04-01,38
367,2025-05-01,37
367,2025-06-01,36
367,2025-07-01,36
367,2025-08-01,36
367,2025-09-01,33
367,2025-10-01,31
367,2025-11-01,28
367,2025-12-01,28
368,2024-01-01,33
368,2024-02-01,30
368,2024-03-01,30
368,2024-04-01,27
368,2024-05-01,24
368,2024-06-01,21
368,2024-07-01,18
368,2024-08-01,18
368,2024-09-01,15
368,2024-10-01,12
368,2024-11-01,10
368,2024-12-01,7
368,2025-01-01,7
368,2025-02-01,4
368,2025-03-01,3
368,2025-04-01,2
368,2025-05-01,1
368,2025-06-01,1
368,2025-07-01,1
368,2025-08-01,1
368,2025-09-01,1
368,2025-10-01,1
368,2025-11-01,1
368,2025-12-01,1
369,2024-01-01,65
369,2024-02-01,62
369,2024-03-01,61
369,2024-04-01,58
369,2024-05-01,55
369,2024-06-01,52
369,2024-07-01,50
369,2024-08-01,49
369,2024-09-01,48
369,2024-10-01,48
369,2024-11-01,46
369,2024-12-01,46
369,2025-01-01,46
369,2025-02-01,43
369,2025-03-01,41
369,2025-04-01,41
369,2025-05-01,40
369,2025-06-01,40
369,2025-07-01,38
369,2025-08-01,37
369,2025-09-01,36
369,2025-10-01,35
369,2025-11-01,32
369,2025-12-01,31
370,2024-01-01,44
370,2024-02-01,44
370,2024-03-01,44
370,2024-04-01,43
370,2024-05-01,41
370,2024-06-01,40
370,2024-07-01,40
370,2024-08-01,39
370,2024-09-01,39
370,2024-10-01,38
370,2024-11-01,36
370,2024-12-01,35
370,2025-01-01,33
370,2025-02-01,31
370,2025-03-01,30
370,2025-04-01,28
370,2025-05-01,26
370,2025-06-01,26
370,2025-07-01,26
370,2025-08-01,24
370,2025-09-01,21
370,2025-10-01,20
370,2025-11-01,18
370,2025-12-01,17
371,2024-01-01,71
371,2024-02-01,69
371,2024-03-01,67
371,2024-04-01,65
371,2024-05-01,63
371,2024-06-01,60
371,2024-07-01,57
371,2024-08-01,54
371,2024-09-01,52
371,2024-10-01,49
371,2024-11-01,48
371,2024-12-01,46
371,2025-01-01,46
371,2025-02-01,44
371,2025-03-01,43
371,2025-04-01,40
371,2025-05-01,38
371,2025-06-01,35
371,2025-07-01,33
371,2025-08-01,32
371,2025-09-01,30
371,2025-10-01,27
371,2025-11-01,24
371,2025-12-01,23
372,2024-01-01,58
372,2024-02-01,56
372,2024-03-01,55
372,2024-04-01,55
372,2024-05-01,54
372,2024-06-01,52
372,2024-07-01,52
372,2024-08-01,51
372,2024-09-01,48
372,2024-10-01,48
372,2024-11-01,48
372,2024-12-01,47
372,2025-01-01,44
372,2025-02-01,44
372,2025-03-01,43
372,2025-04-01,43
372,2025-05-01,43
372,2025-06-01,43
372,2025-07-01,40
372,2025-08-01,38
372,2025-09-01,36
372,2025-10-01,33
372,2025-11-01,30
372,2025-12-01,29
373,2024-01-01,53
373,2024-02-01,52
373,2024-03-01,50
373,2024-04-01,48
373,2024-05-01,46
373,2024-06-01,44
373,2024-07-01,43
373,2024-08-01,43
373,2024-09-01,42
373,2024-10-01,42
373,2024-11-01,40
373,2024-12-01,37
373,2025-01-01,34
373,2025-02-01,31
373,2025-03-01,31
373,2025-04-01,29
373,2025-05-01,28
373,2025-06-01,25
373,2025-07-01,25
373,2025-08-01,22
373,2025-09-01,21
373,2025-10-01,19
373,2025-11-01,18
373,2025-12-01,16
374,2024-01-01,48
374,2024-02-01,45
374,2024-03-01,44
374,2024-04-01,41
374,2024-05-01,40
374,2024-06-01,40
374,2024-07-01,40
374,2024-08-01,39
374,2024-09-01,38
374,2024-10-01,37
374,2024-11-01,36
374,2024-12-01,34
374,2025-01-01,31
374,2025-02-01,29
374,2025-03-01,26
374,2025-04-01,23
374,2025-05-01,20
374,2025-06-01,18
374,2025-07-01,17
374,2025-08-01,15
374,2025-09-01,13
374,2025-10-01,10
374,2025-11-01,10
374,2025-12-01,10
375,2024-01-01,39
375,2024-02-01,37
375,2024-03-01,35
375,2024-04-01,34
375,2024-05-01,31
375,2024-06-01,31
375,2024-07-01,31
375,2024-08-01,31
375,2024-09-01,29
375,2024-10-01,26
375,2024-11-01,25
375,2024-12-01,25
375,2025-01-01,22
375,2025-02-01,22
375,2025-03-01,21
375,2025-04-01,18
375,2025-05-01,16
375,2025-06-01,14
375,2025-07-01,14
375,2025-08-01,14
375,2025-09-01,11
375,2025-10-01,10
375,2025-11-01,10
375,2025-12-01,7
376,2024-01-01,57
376,2024-02-01,57
376,2024-03-01,54
376,2024-04-01,54
376,2024-05-01,52
376,2024-06-01,51
376,2024-07-01,50
376,2024-08-01,48
376,2024-09-01,45
376,2024-10-01,43
376,2024-11-01,41
376,2024-12-01,40
376,2025-01-01,37
376,2025-02-01,37
376,2025-03-01,35
376,2025-04-01,33
376,2025-05-01,30
376,2025-06-01,28
376,2025-07-01,25
376,2025-08-01,25
376,2025-09-01,22
376,2025-10-01,22
376,2025-11-01,19
376,2025-12-01,17
377,2024-01-01,22
377,2024-02-01,22
377,2024-03-01,19
377,2024-04-01,16
377,2024-05-01,13
377,2024-06-01,12
377,2024-07-01,11
377,2024-08-01,11
377,2024-09-01,10
377,2024-10-01,7
377,2024-11-01,6
377,2024-12-01,5
377,2025-01-01,3
377,2025-02-01,3
377,2025-03-01,3
377,2025-04-01,3
377,2025-05-01,2
377,2025-06-01,1
377,2025-07-01,1
377,2025-08-01,1
377,2025-09-01,1
377,2025-10-01,1
377,2025-11-01,1
377,2025-12-01,1
378,2024-01-01,64
378,2024-02-01,61
378,2024-03-01,60
378,2024-04-01,57
378,2024-05-01,57
378,2024-06-01,54
378,2024-07-01,53
378,2024-08-01,51
378,2024-09-01,49
378,2024-10-01,47
378,2024-11-01,45
378,2024-12-01,45
378,2025-01-01,45
378,2025-02-01,44
378,2025-03-01,43
378,2025-04-01,42
378,2025-05-01,41
378,2025-06-01,38
378,2025-07-01,37
378,2025-08-01,35
378,2025-09-01,33
378,2025-10-01,31
378,2025-11-01,28
378,2025-12-01,27
379,2024-01-01,44
379,2024-02-01,42
379,2024-03-01,40
379,2024-04-01,40
379,2024-05-01,39
379,2024-06-01,38
379,2024-07-01,35
379,2024-08-01,35
379,2024-09-01,32
379,2024-10-01,30
379,2024-11-01,27
379,2024-12-01,25
379,2025-01-01,23
379,2025-02-01,22
379,2025-03-01,21
379,2025-04-01,20
379,2025-05-01,19
379,2025-06-01,18
379,2025-07-01,18
379,2025-08-01,17
379,2025-09-01,14
379,2025-10-01,12
379,2025-11-01,11
379,2025-12-01,11
380,2024-01-01,32
380,2024-02-01,30
380,2024-03-01,27
380,2024-04-01,24
380,2024-05-01,21
380,2024-06-01,18
380,2024-07-01,18
380,2024-08-01,16
380,2024-09-01,15
380,2024-10-01,12
380,2024-11-01,12
380,2024-12-01,10
380,2025-01-01,9
380,2025-02-01,7
380,2025-03-01,7
380,2025-04-01,7
380,2025-05-01,7
380,2025-06-01,4
380,2025-07-01,4
380,2025-08-01,3
380,2025-09-01,1
380,2025-10-01,1
380,2025-11-01,1
380,2025-12-01,1
381,2024-01-01,30
381,2024-02-01,30
381,2024-03-01,29
381,2024-04-01,28
381,2024-05-01,25
381,2024-06-01,24
381,2024-07-01,22
381,2024-08-01,19
381,2024-09-01,17
381,2024-10-01,17
381,2024-11-01,15
381,2024-12-01,13
381,2025-01-01,12
381,2025-02-01,12
381,2025-03-01,11
381,2025-04-01,11
381,2025-05-01,11
381,2025-06-01,9
381,2025-07-01,8
381,2025-08-01,6
381,2025-09-01,4
381,2025-10-01,2
381,2025-11-01,2
381,2025-12-01,1
382,2024-01-01,19
382,2024-02-01,19
382,2024-03-01,18
382,2024-04-01,15
382,2024-05-01,14
382,2024-06-01,12
382,2024-07-01,9
382,2024-08-01,9
382,2024-09-01,6
382,2024-10-01,3
382,2024-11-01,1
382,2024-12-01,1
382,2025-01-01,1
382,2025-02-01,1
382,2025-03-01,1
382,2025-04-01,1
382,2025-05-01,1
382,2025-06-01,1
382,2025-07-01,1
382,2025-08-01,1
382,2025-09-01,1
382,2025-10-01,1
382,2025-11-01,1
382,2025-12-01,1
383,2024-01-01,30
383,2024-02-01,29
383,2024-03-01,29
383,2024-04-01,26
383,2024-05-01,23
383,2024-06-01,21
383,2024-07-01,20
383,2024-08-01,17
383,2024-09-01,14
383,2024-10-01,14
383,2024-11-01,12
383,2024-12-01,9
383,2025-01-01,9
383,2025-02-01,6
383,2025-03-01,3
383,2025-04-01,1
383,2025-05-01,1
383,2025-06-01,1
383,2025-07-01,1
383,2025-08-01,1
383,2025-09-01,1
383,2025-10-01,1
383,2025-11-01,1
383,2025-12-01,1
384,2024-01-01,25
384,2024-02-01,25
384,2024-03-01,24
384,2024-04-01,21
384,2024-05-01,19
384,2024-06-01,19
384,2024-07-01,16
384,2024-08-01,16
384,2024-09-01,16
384,2024-10-01,13
384,2024-11-01,12
384,2024-12-01,9
384,2025-01-01,6
384,2025-02-01,5
384,2025-03-01,3
384,2025-04-01,1
384,2025-05-01,1
384,2025-06-01,1
384,2025-07-01,1
384,2025-08-01,1
384,2025-09-01,1
384,2025-10-01,1
384,2025-11-01,1
384,2025-12-01,1
385,2024-01-01,54
385,2024-02-01,51
385,2024-03-01,48
385,2024-04-01,45
385,2024-05-01,42
385,2024-06-01,42
385,2024-07-01,39
385,2024-08-01,36
385,2024-09-01,35
385,2024-10-01,32
385,2024-11-01,30
385,2024-12-01,30
385,2025-01-01,30
385,2025-02-01,30
385,2025-03-01,28
385,2025-04-01,25
385,2025-05-01,25
385,2025-06-01,23
385,2025-07-01,22
385,2025-08-01,19
385,2025-09-01,17
385,2025-10-01,14
385,2025-11-01,13
385,2025-12-01,11
386,2024-01-01,73
386,2024-02-01,73
386,2024-03-01,70
386,2024-04-01,68
386,2024-05-01,68
386,2024-06-01,67
386,2024-07-01,64
386,2024-08-01,61
386,2024-09-01,60
386,2024-10-01,60
386,2024-11-01,59
386,2024-12-01,56
386,2025-01-01,54
386,2025-02-01,54
386,2025-03-01,54
386,2025-04-01,54
386,2025-05-01,53
386,2025-06-01,52
386,2025-07-01,50
386,2025-08-01,48
386,2025-09-01,48
386,2025-10-01,46
386,2025-11-01,45
386,2025-12-01,43
387,2024-01-01,75
387,2024-02-01,72
387,2024-03-01,71
387,2024-04-01,68
387,2024-05-01,67
387,2024-06-01,65
387,2024-07-01,62
387,2024-08-01,60
387,2024-09-01,59
387,2024-10-01,56
387,2024-11-01,56
387,2024-12-01,54
387,2025-01-01,53
387,2025-02-01,50
387,2025-03-01,48
387,2025-04-01,45
387,2025-05-01,43
387,2025-06-01,41
387,2025-07-01,39
387,2025-08-01,36
387,2025-09-01,33
387,2025-10-01,31
387,2025-11-01,31
387,2025-12-01,31
388,2024-01-01,31
388,2024-02-01,31
388,2024-03-01,28
388,2024-04-01,28
388,2024-05-01,25
388,2024-06-01,24
388,2024-07-01,21
388,2024-08-01,18
388,2024-09-01,15
388,2024-10-01,15
388,2024-11-01,13
388,2024-12-01,10
388,2025-01-01,10
388,2025-02-01,10
388,2025-03-01,10
388,2025-04-01,8
388,2025-05-01,6
388,2025-06-01,4
388,2025-07-01,2
388,2025-08-01,1
388,2025-09-01,1
388,2025-10-01,1
388,2025-11-01,1
388,2025-12-01,1
389,2024-01-01,69
389,2024-02-01,68
389,2024-03-01,65
389,2024-04-01,65
389,2024-05-01,62
389,2024-06-01,62
389,2024-07-01,59
389,2024-08-01,57
389,2024-09-01,54
389,2024-10-01,52
389,2024-11-01,50
389,2024-12-01,47
389,2025-01-01,47
389,2025-02-01,47
389,2025-03-01,44
389,2025-04-01,42
389,2025-05-01,42
389,2025-06-01,41
389,2025-07-01,39
389,2025-08-01,36
389,2025-09-01,34
389,2025-10-01,33
389,2025-11-01,32
389,2025-12-01,32
390,2024-01-01,42
390,2024-02-01,41
390,2024-03-01,41
390,2024-04-01,41
390,2024-05-01,38
390,2024-06-01,38
390,2024-07-01,38
390,2024-08-01,37
390,2024-09-01,35
390,2024-10-01,33
390,2024-11-01,32
390,2024-12-01,30
390,2025-01-01,30
390,2025-02-01,27
390,2025-03-01,27
390,2025-04-01,27
390,2025-05-01,24
390,2025-06-01,23
390,2025-07-01,23
390,2025-08-01,23
390,2025-09-01,22
390,2025-10-01,22
390,2025-11-01,22
390,2025-12-01,20
391,2024-01-01,69
391,2024-02-01,69
391,2024-03-01,66
391,2024-04-01,63
391,2024-05-01,60
391,2024-06-01,60
391,2024-07-01,60
391,2024-08-01,57
391,2024-09-01,55
391,2024-10-01,53
391,2024-11-01,51
391,2024-12-01,49
391,2025-01-01,48
391,2025-02-01,45
391,2025-03-01,45
391,2025-04-01,42
391,2025-05-01,40
391,2025-06-01,40
391,2025-07-01,39
391,2025-08-01,36
391,2025-09-01,36
391,2025-10-01,36
391,2025-11-01,34
391,2025-12-01,32
392,2024-01-01,62
392,2024-02-01,62
392,2024-03-01,60
392,2024-04-01,57
392,2024-05-01,55
392,2024-06-01,52
392,2024-07-01,50
392,2024-08-01,49
392,2024-09-01,49
392,2024-10-01,47
392,2024-11-01,47
392,2024-12-01,44
392,2025-01-01,43
392,2025-02-01,43
392,2025-03-01,41
392,2025-04-01,41
392,2025-05-01,41
392,2025-06-01,38
392,2025-07-01,37
392,2025-08-01,36
392,2025-09-01,36
392,2025-10-01,36
392,2025-11-01,33
392,2025-12-01,33
393,2024-01-01,62
393,2024-02-01,61
393,2024-03-01,58
393,2024-04-01,58
393,2024-05-01,57
393,2024-06-01,55
393,2024-07-01,52
393,2024-08-01,51
393,2024-09-01,50
393,2024-10-01,49
393,2024-11-01,47
393,2024-12-01,45
393,2025-01-01,43
393,2025-02-01,43
393,2025-03-01,40
393,2025-04-01,40
393,2025-05-01,38
393,2025-06-01,35
393,2025-07-01,35
393,2025-08-01,35
393,2025-09-01,35
393,2025-10-01,33
393,2025-11-01,32
393,2025-12-01,29
394,2024-01-01,51
394,2024-02-01,49
394,2024-03-01,49
394,2024-04-01,49
394,2024-05-01,48
394,2024-06-01,47
394,2024-07-01,44
394,2024-08-01,43
394,2024-09-01,42
394,2024-10-01,39
394,2024-11-01,37
394,2024-12-01,36
394,2025-01-01,34
394,2025-02-01,34
394,2025-03-01,33
394,2025-04-01,33
394,2025-05-01,33
394,2025-06-01,31
394,2025-07-01,28
394,2025-08-01,27
394,2025-09-01,25
394,2025-10-01,22
394,2025-11-01,22
394,2025-12-01,21
395,2024-01-01,40
395,2024-02-01,39
395,2024-03-01,36
395,2024-04-01,33
395,2024-05-01,32
395,2024-06-01,31
395,2024-07-01,29
395,2024-08-01,27
395,2024-09-01,27
395,2024-10-01,26
395,2024-11-01,23
395,2024-12-01,23
395,2025-01-01,23
395,2025-02-01,23
395,2025-03-01,23
395,2025-04-01,20
395,2025-05-01,20
395,2025-06-01,19
395,2025-07-01,17
395,2025-08-01,14
395,2025-09-01,13
395,2025-10-01,12
395,2025-11-01,11
395,2025-12-01,9
396,2024-01-01,28
396,2024-02-01,27
396,2024-03-01,25
396,2024-04-01,25
396,2024-05-01,23
396,2024-06-01,20
396,2024-07-01,19
396,2024-08-01,18
396,2024-09-01,18
396,2024-10-01,16
396,2024-11-01,14
396,2024-12-01,11
396,2025-01-01,11
396,2025-02-01,8
396,2025-03-01,5
396,2025-04-01,4
396,2025-05-01,3
396,2025-06-01,1
396,2025-07-01,1
396,2025-08-01,1
396,2025-09-01,1
396,2025-10-01,1
396,2025-11-01,1
396,2025-12-01,1
397,2024-01-01,48
397,2024-02-01,47
397,2024-03-01,46
397,2024-04-01,46
397,2024-05-01,45
397,2024-06-01,45
397,2024-07-01,44
397,2024-08-01,42
397,2024-09-01,39
397,2024-10-01,37
397,2024-11-01,35
397,2024-12-01,35
397,2025-01-01,34
397,2025-02-01,31
397,2025-03-01,28
397,2025-04-01,27
397,2025-05-01,27
397,2025-06-01,27
397,2025-07-01,27
397,2025-08-01,24
397,2025-09-01,24
397,2025-10-01,24
397,2025-11-01,21
397,2025-12-01,18
398,2024-01-01,59
398,2024-02-01,58
398,2024-03-01,55
398,2024-04-01,52
398,2024-05-01,52
398,2024-06-01,50
398,2024-07-01,50
398,2024-08-01,48
398,2024-09-01,48
398,2024-10-01,47
398,2024-11-01,47
398,2024-12-01,47
398,2025-01-01,46
398,2025-02-01,45
398,2025-03-01,42
398,2025-04-01,42
398,2025-05-01,41
398,2025-06-01,40
398,2025-07-01,37
398,2025-08-01,35
398,2025-09-01,34
398,2025-10-01,33
398,2025-11-01,33
398,2025-12-01,30
399,2024-01-01,74
399,2024-02-01,71
399,2024-03-01,71
399,2024-04-01,70
399,2024-05-01,69
399,2024-06-01,66
399,2024-07-01,65
399,2024-08-01,65
399,2024-09-01,62
399,2024-10-01,61
399,2024-11-01,60
399,2024-12-01,58
399,2025-01-01,56
399,2025-02-01,53
399,2025-03-01,51
399,2025-04-01,51
399,2025-05-01,50
399,2025-06-01,49
399,2025-07-01,48
399,2025-08-01,45
399,2025-09-01,42
399,2025-10-01,40
399,2025-11-01,39
399,2025-12-01,38
400,2024-01-01,56
400,2024-02-01,55
400,2024-03-01,55
400,2024-04-01,54
400,2024-05-01,54
400,2024-06-01,53
400,2024-07-01,50
400,2024-08-01,47
400,2024-09-01,47
400,2024-10-01,46
400,2024-11-01,43
400,2024-12-01,40
400,2025-01-01,39
400,2025-02-01,38
400,2025-03-01,35
400,2025-04-01,34
400,2025-05-01,32
400,2025-06-01,31
400,2025-07-01,28
400,2025-08-01,25
400,2025-09-01,25
400,2025-10-01,23
400,2025-11-01,20
400,2025-12-01,18
401,2024-01-01,30
401,2024-02-01,30
401,2024-03-01,27
401,2024-04-01,27
401,2024-05-01,25
401,2024-06-01,25
401,2024-07-01,24
401,2024-08-01,23
401,2024-09-01,22
401,2024-10-01,19
401,2024-11-01,18
401,2024-12-01,17
401,2025-01-01,14
401,2025-02-01,12
401,2025-03-01,11
401,2025-04-01,10
401,2025-05-01,7
401,2025-06-01,5
401,2025-07-01,3
401,2025-08-01,1
401,2025-09-01,1
401,2025-10-01,1
401,2025-11-01,1
401,2025-12-01,1
402,2024-01-01,56
402,2024-02-01,56
402,2024-03-01,53
402,2024-04-01,52
402,2024-05-01,49
402,2024-06-01,48
402,2024-07-01,45
402,2024-08-01,42
402,2024-09-01,42
402,2024-10-01,39
402,2024-11-01,37
402,2024-12-01,37
402,2025-01-01,36
402,2025-02-01,36
402,2025-03-01,34
402,2025-04-01,32
402,2025-05-01,29
402,2025-06-01,27
402,2025-07-01,25
402,2025-08-01,23
402,2025-09-01,21
402,2025-10-01,20
402,2025-11-01,19
402,2025-12-01,19
403,2024-01-01,22
403,2024-02-01,20
403,2024-03-01,17
403,2024-04-01,16
403,2024-05-01,16
403,2024-06-01,14
403,2024-07-01,11
403,2024-08-01,10
403,2024-09-01,7
403,2024-10-01,6
403,2024-11-01,6
403,2024-12-01,4
403,2025-01-01,4
403,2025-02-01,2
403,2025-03-01,1
403,2025-04-01,1
403,2025-05-01,1
403,2025-06-01,1
403,2025-07-01,1
403,2025-08-01,1
403,2025-09-01,1
403,2025-10-01,1
403,2025-11-01,1
403,2025-12-01,1
404,2024-01-01,22
404,2024-02-01,22
404,2024-03-01,22
404,2024-04-01,21
404,2024-05-01,21
404,2024-06-01,18
404,2024-07-01,15
404,2024-08-01,12
404,2024-09-01,11
404,2024-10-01,10
404,2024-11-01,8
404,2024-12-01,8
404,2025-01-01,8
404,2025-02-01,5
404,2025-03-01,2
404,2025-04-01,1
404,2025-05-01,1
404,2025-06-01,1
404,2025-07-01,1
404,2025-08-01,1
404,2025-09-01,1
404,2025-10-01,1
404,2025-11-01,1
404,2025-12-01,1
405,2024-01-01,68
405,2024-02-01,68
405,2024-03-01,67
405,2024-04-01,65
405,2024-05-01,63
405,2024-06-01,62
405,2024-07-01,60
405,2024-08-01,57
405,2024-09-01,56
405,2024-10-01,54
405,2024-11-01,53
405,2024-12-01,50
405,2025-01-01,48
405,2025-02-01,48
405,2025-03-01,46
405,2025-04-01,44
405,2025-05-01,41
405,2025-06-01,41
405,2025-07-01,41
405,2025-08-01,41
405,2025-09-01,38
405,2025-10-01,35
405,2025-11-01,32
405,2025-12-01,29
406,2024-01-01,55
406,2024-02-01,54
406,2024-03-01,51
406,2024-04-01,50
406,2024-05-01,48
406,2024-06-01,46
406,2024-07-01,43
406,2024-08-01,41
406,2024-09-01,40
406,2024-10-01,38
406,2024-11-01,36
406,2024-12-01,35
406,2025-01-01,33
406,2025-02-01,30
406,2025-03-01,29
406,2025-04-01,28
406,2025-05-01,28
406,2025-06-01,28
406,2025-07-01,27
406,2025-08-01,26
406,2025-09-01,26
406,2025-10-01,23
406,2025-11-01,21
406,2025-12-01,19
407,2024-01-01,57
407,2024-02-01,54
407,2024-03-01,54
407,2024-04-01,51
407,2024-05-01,48
407,2024-06-01,46
407,2024-07-01,46
407,2024-08-01,43
407,2024-09-01,43
407,2024-10-01,42
407,2024-11-01,40
407,2024-12-01,40
407,2025-01-01,39
407,2025-02-01,38
407,2025-03-01,37
407,2025-04-01,34
407,2025-05-01,31
407,2025-06-01,29
407,2025-07-01,27
407,2025-08-01,26
407,2025-09-01,24
407,2025-10-01,21
407,2025-11-01,19
407,2025-12-01,19
408,2024-01-01,34
408,2024-02-01,33
408,2024-03-01,31
408,2024-04-01,28
408,2024-05-01,27
408,2024-06-01,26
408,2024-07-01,23
408,2024-08-01,20
408,2024-09-01,19
408,2024-10-01,17
408,2024-11-01,15
408,2024-12-01,13
408,2025-01-01,13
408,2025-02-01,10
408,2025-03-01,9
408,2025-04-01,9
408,2025-05-01,7
408,2025-06-01,7
408,2025-07-01,6
408,2025-08-01,5
408,2025-09-01,2
408,2025-10-01,1
408,2025-11-01,1
408,2025-12-01,1
409,2024-01-01,58
409,2024-02-01,57
409,2024-03-01,56
409,2024-04-01,55
409,2024-05-01,54
409,2024-06-01,53
409,2024-07-01,53
409,2024-08-01,52
409,2024-09-01,52
409,2024-10-01,51
409,2024-11-01,51
409,2024-12-01,51
409,2025-01-01,51
409,2025-02-01,49
409,2025-03-01,49
409,2025-04-01,49
409,2025-05-01,48
409,2025-06-01,48
409,2025-07-01,48
409,2025-08-01,45
409,2025-09-01,43
409,2025-10-01,40
409,2025-11-01,39
409,2025-12-01,37
410,2024-01-01,71
410,2024-02-01,69
410,2024-03-01,66
410,2024-04-01,66
410,2024-05-01,63
410,2024-06-01,61
410,2024-07-01,59
410,2024-08-01,58
410,2024-09-01,57
410,2024-10-01,56
410,2024-11-01,55
410,2024-12-01,53
410,2025-01-01,52
410,2025-02-01,49
410,2025-03-01,49
410,2025-04-01,47
410,2025-05-01,46
410,2025-06-01,44
410,2025-07-01,43
410,2025-08-01,41
410,2025-09-01,40
410,2025-10-01,40
410,2025-11-01,39
410,2025-12-01,36
411,2024-01-01,36
411,2024-02-01,33
411,2024-03-01,30
411,2024-04-01,30
411,2024-05-01,28
411,2024-06-01,28
411,2024-07-01,26
411,2024-08-01,24
411,2024-09-01,24
411,2024-10-01,22
411,2024-11-01,20
411,2024-12-01,20
411,2025-01-01,19
411,2025-02-01,19
411,2025-03-01,17
411,2025-04-01,14
411,2025-05-01,13
411,2025-06-01,10
411,2025-07-01,9
411,2025-08-01,6
411,2025-09-01,5
411,2025-10-01,5
411,2025-11-01,4
411,2025-12-01,3
412,2024-01-01,59
412,2024-02-01,56
412,2024-03-01,56
412,2024-04-01,53
412,2024-05-01,50
412,2024-06-01,50
412,2024-07-01,48
412,2024-08-01,47
412,2024-09-01,45
412,2024-10-01,43
412,2024-11-01,42
412,2024-12-01,39
412,2025-01-01,38
412,2025-02-01,38
412,2025-03-01,37
412,2025-04-01,34
412,2025-05-01,32
412,2025-06-01,30
412,2025-07-01,29
412,2025-08-01,29
412,2025-09-01,26
412,2025-10-01,24
412,2025-11-01,23
412,2025-12-01,23
413,2024-01-01,58
413,2024-02-01,56
413,2024-03-01,53
413,2024-04-01,53
413,2024-05-01,50
413,2024-06-01,50
413,2024-07-01,50
413,2024-08-01,49
413,2024-09-01,47
413,2024-10-01,47
413,2024-11-01,44
413,2024-12-01,42
413,2025-01-01,39
413,2025-02-01,37
413,2025-03-01,35
413,2025-04-01,35
413,2025-05-01,34
413,2025-06-01,34
413,2025-07-01,32
413,2025-08-01,32
413,2025-09-01,32
413,2025-10-01,30
413,2025-11-01,28
413,2025-12-01,28
414,2024-01-01,20
414,2024-02-01,17
414,2024-03-01,17
414,2024-04-01,14
414,2024-05-01,13
414,2024-06-01,10
414,2024-07-01,10
414,2024-08-01,9
414,2024-09-01,6
414,2024-10-01,3
414,2024-11-01,1
414,2024-12-01,1
414,2025-01-01,1
414,2025-02-01,1
414,2025-03-01,1
414,2025-04-01,1
414,2025-05-01,1
414,2025-06-01,1
414,2025-07-01,1
414,2025-08-01,1
414,2025-09-01,1
414,2025-10-01,1
414,2025-11-01,1
414,2025-12-01,1
415,2024-01-01,46
415,2024-02-01,45
415,2024-03-01,45
415,2024-04-01,44
415,2024-05-01,44
415,2024-06-01,41
415,2024-07-01,40
415,2024-08-01,37
415,2024-09-01,35
415,2024-10-01,34
415,2024-11-01,31
415,2024-12-01,31
415,2025-01-01,28
415,2025-02-01,27
415,2025-03-01,24
415,2025-04-01,24
415,2025-05-01,24
415,2025-06-01,24
415,2025-07-01,22
415,2025-08-01,21
415,2025-09-01,21
415,2025-10-01,19
415,2025-11-01,19
415,2025-12-01,16
416,2024-01-01,54
416,2024-02-01,52
416,2024-03-01,49
416,2024-04-01,46
416,2024-05-01,46
416,2024-06-01,43
416,2024-07-01,43
416,2024-08-01,43
416,2024-09-01,42
416,2024-10-01,40
416,2024-11-01,38
416,2024-12-01,36
416,2025-01-01,36
416,2025-02-01,34
416,2025-03-01,34
416,2025-04-01,33
416,2025-05-01,31
416,2025-06-01,31
416,2025-07-01,29
416,2025-08-01,27
416,2025-09-01,26
416,2025-10-01,23
416,2025-11-01,21
416,2025-12-01,20
417,2024-01-01,40
417,2024-02-01,38
417,2024-03-01,36
417,2024-04-01,33
417,2024-05-01,30
417,2024-06-01,28
417,2024-07-01,26
417,2024-08-01,25
417,2024-09-01,24
417,2024-10-01,24
417,2024-11-01,21
417,2024-12-01,19
417,2025-01-01,16
417,2025-02-01,15
417,2025-03-01,12
417,2025-04-01,9
417,2025-05-01,7
417,2025-06-01,5
417,2025-07-01,4
417,2025-08-01,2
417,2025-09-01,1
417,2025-10-01,1
417,2025-11-01,1
417,2025-12-01,1
418,2024-01-01,25
418,2024-02-01,25
418,2024-03-01,23
418,2024-04-01,21
418,2024-05-01,21
418,2024-06-01,18
418,2024-07-01,17
418,2024-08-01,14
418,2024-09-01,11
418,2024-10-01,10
418,2024-11-01,9
418,2024-12-01,8
418,2025-01-01,6
418,2025-02-01,5
418,2025-03-01,4
418,2025-04-01,1
418,2025-05-01,1
418,2025-06-01,1
418,2025-07-01,1
418,2025-08-01,1
418,2025-09-01,1
418,2025-10-01,1
418,2025-11-01,1
418,2025-12-01,1
419,2024-01-01,60
419,2024-02-01,59
419,2024-03-01,56
419,2024-04-01,54
419,2024-05-01,54
419,2024-06-01,51
419,2024-07-01,49
419,2024-08-01,46
419,2024-09-01,46
419,2024-10-01,45
419,2024-11-01,45
419,2024-12-01,42
419,2025-01-01,42
419,2025-02-01,42
419,2025-03-01,41
419,2025-04-01,38
419,2025-05-01,38
419,2025-06-01,38
419,2025-07-01,37
419,2025-08-01,35
419,2025-09-01,32
419,2025-10-01,30
419,2025-11-01,28
419,2025-12-01,27
420,2024-01-01,22
420,2024-02-01,20
420,2024-03-01,20
420,2024-04-01,18
420,2024-05-01,17
420,2024-06-01,17
420,2024-07-01,17
420,2024-08-01,16
420,2024-09-01,16
420,2024-10-01,14
420,2024-11-01,13
420,2024-12-01,10
420,2025-01-01,9
420,2025-02-01,6
420,2025-03-01,3
420,2025-04-01,2
420,2025-05-01,1
420,2025-06-01,1
420,2025-07-01,1
420,2025-08-01,1
420,2025-09-01,1
420,2025-10-01,1
420,2025-11-01,1
420,2025-12-01,1
421,2024-01-01,20
421,2024-02-01,19
421,2024-03-01,17
421,2024-04-01,14
421,2024-05-01,13
421,2024-06-01,11
421,2024-07-01,11
421,2024-08-01,9
421,2024-09-01,8
421,2024-10-01,7
421,2024-11-01,5
421,2024-12-01,4
421,2025-01-01,1
421,2025-02-01,1
421,2025-03-01,1
421,2025-04-01,1
421,2025-05-01,1
421,2025-06-01,1
421,2025-07-01,1
421,2025-08-01,1
421,2025-09-01,1
421,2025-10-01,1
421,2025-11-01,1
421,2025-12-01,1
422,2024-01-01,71
422,2024-02-01,68
422,2024-03-01,65
422,2024-04-01,62
422,2024-05-01,59
422,2024-06-01,56
422,2024-07-01,55
422,2024-08-01,55
422,2024-09-01,53
422,2024-10-01,50
422,2024-11-01,49
422,2024-12-01,47
422,2025-01-01,46
422,2025-02-01,43
422,2025-03-01,40
422,2025-04-01,37
422,2025-05-01,34
422,2025-06-01,32
422,2025-07-01,30
422,2025-08-01,29
422,2025-09-01,29
422,2025-10-01,26
422,2025-11-01,25
422,2025-12-01,24
423,2024-01-01,70
423,2024-02-01,67
423,2024-03-01,66
423,2024-04-01,63
423,2024-05-01,62
423,2024-06-01,60
423,2024-07-01,57
423,2024-08-01,55
423,2024-09-01,55
423,2024-10-01,52
423,2024-11-01,52
423,2024-12-01,51
423,2025-01-01,48
423,2025-02-01,45
423,2025-03-01,42
423,2025-04-01,42
423,2025-05-01,42
423,2025-06-01,41
423,2025-07-01,39
423,2025-08-01,37
423,2025-09-01,37
423,2025-10-01,34
423,2025-11-01,32
423,2025-12-01,30
424,2024-01-01,19
424,2024-02-01,19
424,2024-03-01,19
424,2024-04-01,16
424,2024-05-01,16
424,2024-06-01,13
424,2024-07-01,12
424,2024-08-01,9
424,2024-09-01,8
424,2024-10-01,7
424,2024-11-01,6
424,2024-12-01,6
424,2025-01-01,3
424,2025-02-01,1
424,2025-03-01,1
424,2025-04-01,1
424,2025-05-01,1
424,2025-06-01,1
424,2025-07-01,1
424,2025-08-01,1
424,2025-09-01,1
424,2025-10-01,1
424,2025-11-01,1
424,2025-12-01,1
425,2024-01-01,74
425,2024-02-01,71
425,2024-03-01,71
425,2024-04-01,69
425,2024-05-01,66
425,2024-06-01,63
425,2024-07-01,60
425,2024-08-01,58
425,2024-09-01,57
425,2024-10-01,54
425,2024-11-01,53
425,2024-12-01,53
425,2025-01-01,52
425,2025-02-01,51
425,2025-03-01,50
425,2025-04-01,49
425,2025-05-01,48
425,2025-06-01,48
425,2025-07-01,48
425,2025-08-01,47
425,2025-09-01,46
425,2025-10-01,43
425,2025-11-01,43
425,2025-12-01,41
426,2024-01-01,26
426,2024-02-01,23
426,2024-03-01,22
426,2024-04-01,19
426,2024-05-01,18
426,2024-06-01,18
426,2024-07-01,17
426,2024-08-01,15
426,2024-09-01,13
426,2024-10-01,10
426,2024-11-01,10
426,2024-12-01,8
426,2025-01-01,5
426,2025-02-01,5
426,2025-03-01,5
426,2025-04-01,2
426,2025-05-01,1
426,2025-06-01,1
426,2025-07-01,1
426,2025-08-01,1
426,2025-09-01,1
426,2025-10-01,1
426,2025-11-01,1
426,2025-12-01,1
427,2024-01-01,61
427,2024-02-01,58
427,2024-03-01,56
427,2024-04-01,55
427,2024-05-01,55
427,2024-06-01,55
427,2024-07-01,53
427,2024-08-01,53
427,2024-09-01,51
427,2024-10-01,48
427,2024-11-01,47
427,2024-12-01,47
427,2025-01-01,47
427,2025-02-01,44
427,2025-03-01,43
427,2025-04-01,42
427,2025-05-01,41
427,2025-06-01,38
427,2025-07-01,38
427,2025-08-01,38
427,2025-09-01,37
427,2025-10-01,34
427,2025-11-01,31
427,2025-12-01,28
428,2024-01-01,70
428,2024-02-01,69
428,2024-03-01,68
428,2024-04-01,67
428,2024-05-01,65
428,2024-06-01,64
428,2024-07-01,61
428,2024-08-01,59
428,2024-09-01,59
428,2024-10-01,59
428,2024-11-01,56
428,2024-12-01,53
428,2025-01-01,50
428,2025-02-01,47
428,2025-03-01,45
428,2025-04-01,42
428,2025-05-01,41
428,2025-06-01,41
428,2025-07-01,38
428,2025-08-01,37
428,2025-09-01,34
428,2025-10-01,33
428,2025-11-01,31
428,2025-12-01,31
429,2024-01-01,34
429,2024-02-01,33
429,2024-03-01,30
429,2024-04-01,29
429,2024-05-01,29
429,2024-06-01,27
429,2024-07-01,25
429,2024-08-01,24
429,2024-09-01,23
429,2024-10-01,21
429,2024-11-01,21
429,2024-12-01,18
429,2025-01-01,15
429,2025-02-01,14
429,2025-03-01,12
429,2025-04-01,10
429,2025-05-01,8
429,2025-06-01,8
429,2025-07-01,7
429,2025-08-01,6
429,2025-09-01,5
429,2025-10-01,5
429,2025-11-01,4
429,2025-12-01,1
430,2024-01-01,32
430,2024-02-01,31
430,2024-03-01,31
430,2024-04-01,28
430,2024-05-01,25
430,2024-06-01,23
430,2024-07-01,21
430,2024-08-01,18
430,2024-09-01,17
430,2024-10-01,16
430,2024-11-01,15
430,2024-12-01,15
430,2025-01-01,14
430,2025-02-01,14
430,2025-03-01,11
430,2025-04-01,10
430,2025-05-01,9
430,2025-06-01,7
430,2025-07-01,4
430,2025-08-01,3
430,2025-09-01,3
430,2025-10-01,1
430,2025-11-01,1
430,2025-12-01,1
431,2024-01-01,18
431,2024-02-01,18
431,2024-03-01,15
431,2024-04-01,13
431,2024-05-01,13
431,2024-06-01,10
431,2024-07-01,10
431,2024-08-01,9
431,2024-09-01,6
431,2024-10-01,4
431,2024-11-01,2
431,2024-12-01,1
431,2025-01-01,1
431,2025-02-01,1
431,2025-03-01,1
431,2025-04-01,1
431,2025-05-01,1
431,2025-06-01,1
431,2025-07-01,1
431,2025-08-01,1
431,2025-09-01,1
431,2025-10-01,1
431,2025-11-01,1
431,2025-12-01,1
432,2024-01-01,43
432,2024-02-01,43
432,2024-03-01,42
432,2024-04-01,39
432,2024-05-01,36
432,2024-06-01,33
432,2024-07-01,33
432,2024-08-01,30
432,2024-09-01,28
432,2024-10-01,27
432,2024-11-01,24
432,2024-12-01,21
432,2025-01-01,19
432,2025-02-01,16
432,2025-03-01,16
432,2025-04-01,16
432,2025-05-01,16
432,2025-06-01,13
432,2025-07-01,12
432,2025-08-01,11
432,2025-09-01,8
432,2025-10-01,7
432,2025-11-01,6
432,2025-12-01,3
433,2024-01-01,45
433,2024-02-01,45
433,2024-03-01,45
433,2024-04-01,44
433,2024-05-01,43
433,2024-06-01,43
433,2024-07-01,43
433,2024-08-01,42
433,2024-09-01,40
433,2024-10-01,40
433,2024-11-01,40
433,2024-12-01,40
433,2025-01-01,39
433,2025-02-01,36
433,2025-03-01,36
433,2025-04-01,36
433,2025-05-01,36
433,2025-06-01,33
433,2025-07-01,30
433,2025-08-01,30
433,2025-09-01,30
433,2025-10-01,28
433,2025-11-01,25
433,2025-12-01,23
434,2024-01-01,36
434,2024-02-01,36
434,2024-03-01,36
434,2024-04-01,35
434,2024-05-01,34
434,2024-06-01,33
434,2024-07-01,31
434,2024-08-01,28
434,2024-09-01,28
434,2024-10-01,25
434,2024-11-01,24
434,2024-12-01,24
434,2025-01-01,24
434,2025-02-01,22
434,2025-03-01,19
434,2025-04-01,17
434,2025-05-01,16
434,2025-06-01,13
434,2025-07-01,12
434,2025-08-01,10
434,2025-09-01,8
434,2025-10-01,8
434,2025-11-01,5
434,2025-12-01,2
435,2024-01-01,29
435,2024-02-01,28
435,2024-03-01,27
435,2024-04-01,25
435,2024-05-01,24
435,2024-06-01,21
435,2024-07-01,21
435,2024-08-01,19
435,2024-09-01,19
435,2024-10-01,17
435,2024-11-01,15
435,2024-12-01,15
435,2025-01-01,14
435,2025-02-01,13
435,2025-03-01,12
435,2025-04-01,11
435,2025-05-01,11
435,2025-06-01,8
435,2025-07-01,6
435,2025-08-01,6
435,2025-09-01,5
435,2025-10-01,4
435,2025-11-01,4
435,2025-12-01,2
436,2024-01-01,28
436,2024-02-01,25
436,2024-03-01,25
436,2024-04-01,22
436,2024-05-01,20
436,2024-06-01,20
436,2024-07-01,20
436,2024-08-01,19
436,2024-09-01,19
436,2024-10-01,18
436,2024-11-01,17
436,2024-12-01,16
436,2025-01-01,14
436,2025-02-01,11
436,2025-03-01,10
436,2025-04-01,10
436,2025-05-01,10
436,2025-06-01,9
436,2025-07-01,8
436,2025-08-01,8
436,2025-09-01,7
436,2025-10-01,4
436,2025-11-01,1
436,2025-12-01,1
437,2024-01-01,27
437,2024-02-01,25
437,2024-03-01,23
437,2024-04-01,22
437,2024-05-01,20
437,2024-06-01,17
437,2024-07-01,15
437,2024-08-01,12
437,2024-09-01,9
437,2024-10-01,8
437,2024-11-01,6
437,2024-12-01,5
437,2025-01-01,2
437,2025-02-01,2
437,2025-03-01,1
437,2025-04-01,1
437,2025-05-01,1
437,2025-06-01,1
437,2025-07-01,1
437,2025-08-01,1
437,2025-09-01,1
437,2025-10-01,1
437,2025-11-01,1
437,2025-12-01,1
438,2024-01-01,49
438,2024-02-01,47
438,2024-03-01,47
438,2024-04-01,47
438,2024-05-01,44
438,2024-06-01,41
438,2024-07-01,38
438,2024-08-01,37
438,2024-09-01,36
438,2024-10-01,33
438,2024-11-01,32
438,2024-12-01,30
438,2025-01-01,27
438,2025-02-01,24
438,2025-03-01,23
438,2025-04-01,23
438,2025-05-01,20
438,2025-06-01,19
438,2025-07-01,18
438,2025-08-01,18
438,2025-09-01,15
438,2025-10-01,15
438,2025-11-01,13
438,2025-12-01,13
439,2024-01-01,59
439,2024-02-01,59
439,2024-03-01,57
439,2024-04-01,56
439,2024-05-01,54
439,2024-06-01,54
439,2024-07-01,52
439,2024-08-01,50
439,2024-09-01,50
439,2024-10-01,50
439,2024-11-01,49
439,2024-12-01,48
439,2025-01-01,45
439,2025-02-01,44
439,2025-03-01,44
439,2025-04-01,42
439,2025-05-01,40
439,2025-06-01,39
439,2025-07-01,38
439,2025-08-01,38
439,2025-09-01,36
439,2025-10-01,33
439,2025-11-01,30
439,2025-12-01,29
440,2024-01-01,59
440,2024-02-01,56
440,2024-03-01,55
440,2024-04-01,55
440,2024-05-01,53
440,2024-06-01,53
440,2024-07-01,52
440,2024-08-01,51
440,2024-09-01,48
440,2024-10-01,45
440,2024-11-01,43
440,2024-12-01,41
440,2025-01-01,40
440,2025-02-01,39
440,2025-03-01,38
440,2025-04-01,36
440,2025-05-01,35
440,2025-06-01,33
440,2025-07-01,32
440,2025-08-01,32
440,2025-09-01,32
440,2025-10-01,31
440,2025-11-01,31
440,2025-12-01,29
441,2024-01-01,59
441,2024-02-01,56
441,2024-03-01,56
441,2024-04-01,54
441,2024-05-01,54
441,2024-06-01,54
441,2024-07-01,53
441,2024-08-01,50
441,2024-09-01,47
441,2024-10-01,45
441,2024-11-01,43
441,2024-12-01,40
441,2025-01-01,39
441,2025-02-01,38
441,2025-03-01,35
441,2025-04-01,35
441,2025-05-01,32
441,2025-06-01,32
441,2025-07-01,29
441,2025-08-01,29
441,2025-09-01,28
441,2025-10-01,25
441,2025-11-01,23
441,2025-12-01,23
442,2024-01-01,35
442,2024-02-01,34
442,2024-03-01,34
442,2024-04-01,31
442,2024-05-01,30
442,2024-06-01,27
442,2024-07-01,24
442,2024-08-01,23
442,2024-09-01,22
442,2024-10-01,21
442,2024-11-01,18
442,2024-12-01,16
442,2025-01-01,16
442,2025-02-01,14
442,2025-03-01,11
442,2025-04-01,10
442,2025-05-01,9
442,2025-06-01,9
442,2025-07-01,9
442,2025-08-01,7
442,2025-09-01,5
442,2025-10-01,5
442,2025-11-01,2
442,2025-12-01,1
443,2024-01-01,24
443,2024-02-01,21
443,2024-03-01,21
443,2024-04-01,19
443,2024-05-01,18
443,2024-06-01,18
443,2024-07-01,16
443,2024-08-01,13
443,2024-09-01,12
443,2024-10-01,9
443,2024-11-01,6
443,2024-12-01,3
443,2025-01-01,1
443,2025-02-01,1
443,2025-03-01,1
443,2025-04-01,1
443,2025-05-01,1
443,2025-06-01,1
443,2025-07-01,1
443,2025-08-01,1
443,2025-09-01,1
443,2025-10-01,1
443,2025-11-01,1
443,2025-12-01,1
444,2024-01-01,63
444,2024-02-01,62
444,2024-03-01,61
444,2024-04-01,59
444,2024-05-01,58
444,2024-06-01,55
444,2024-07-01,52
444,2024-08-01,49
444,2024-09-01,49
444,2024-10-01,49
444,2024-11-01,49
444,2024-12-01,48
444,2025-01-01,45
444,2025-02-01,44
444,2025-03-01,42
444,2025-04-01,40
444,2025-05-01,40
444,2025-06-01,38
444,2025-07-01,35
444,2025-08-01,33
444,2025-09-01,33
444,2025-10-01,32
444,2025-11-01,30
444,2025-12-01,27
445,2024-01-01,68
445,2024-02-01,67
445,2024-03-01,64
445,2024-04-01,64
445,2024-05-01,64
445,2024-06-01,61
445,2024-07-01,59
445,2024-08-01,56
445,2024-09-01,56
445,2024-10-01,56
445,2024-11-01,56
445,2024-12-01,54
445,2025-01-01,52
445,2025-02-01,50
445,2025-03-01,50
445,2025-04-01,49
445,2025-05-01,46
445,2025-06-01,43
445,2025-07-01,43
445,2025-08-01,41
445,2025-09-01,40
445,2025-10-01,39
445,2025-11-01,37
445,2025-12-01,34
446,2024-01-01,62
446,2024-02-01,61
446,2024-03-01,59
446,2024-04-01,56
446,2024-05-01,55
446,2024-06-01,52
446,2024-07-01,51
446,2024-08-01,49
446,2024-09-01,46
446,2024-10-01,45
446,2024-11-01,44
446,2024-12-01,43
446,2025-01-01,42
446,2025-02-01,40
446,2025-03-01,37
446,2025-04-01,34
446,2025-05-01,34
446,2025-06-01,31
446,2025-07-01,31
446,2025-08-01,30
446,2025-09-01,28
446,2025-10-01,26
446,2025-11-01,25
446,2025-12-01,25
447,2024-01-01,55
447,2024-02-01,53
447,2024-03-01,50
447,2024-04-01,50
447,2024-05-01,47
447,2024-06-01,45
447,2024-07-01,43
447,2024-08-01,40
447,2024-09-01,37
447,2024-10-01,35
447,2024-11-01,32
447,2024-12-01,29
447,2025-01-01,29
447,2025-02-01,27
447,2025-03-01,26
447,2025-04-01,26
447,2025-05-01,25
447,2025-06-01,22
447,2025-07-01,19
447,2025-08-01,18
447,2025-09-01,15
447,2025-10-01,12
447,2025-11-01,12
447,2025-12-01,11
448,2024-01-01,71
448,2024-02-01,71
448,2024-03-01,69
448,2024-04-01,67
448,2024-05-01,66
448,2024-06-01,64
448,2024-07-01,64
448,2024-08-01,63
448,2024-09-01,61
448,2024-10-01,59
448,2024-11-01,58
448,2024-12-01,56
448,2025-01-01,54
448,2025-02-01,53
448,2025-03-01,51
448,2025-04-01,49
448,2025-05-01,47
448,2025-06-01,45
448,2025-07-01,42
448,2025-08-01,41
448,2025-09-01,38
448,2025-10-01,35
448,2025-11-01,35
448,2025-12-01,32
449,2024-01-01,47
449,2024-02-01,45
449,2024-03-01,43
449,2024-04-01,40
449,2024-05-01,40
449,2024-06-01,38
449,2024-07-01,38
449,2024-08-01,37
449,2024-09-01,36
449,2024-10-01,35
449,2024-11-01,34
449,2024-12-01,31
449,2025-01-01,30
449,2025-02-01,29
449,2025-03-01,29
449,2025-04-01,27
449,2025-05-01,27
449,2025-06-01,24
449,2025-07-01,23
449,2025-08-01,21
449,2025-09-01,19
449,2025-10-01,18
449,2025-11-01,17
449,2025-12-01,14
450,2024-01-01,50
450,2024-02-01,49
450,2024-03-01,48
450,2024-04-01,47
450,2024-05-01,45
450,2024-06-01,42
450,2024-07-01,41
450,2024-08-01,40
450,2024-09-01,38
450,2024-10-01,38
450,2024-11-01,37
450,2024-12-01,35
450,2025-01-01,33
450,2025-02-01,33
450,2025-03-01,30
450,2025-04-01,27
450,2025-05-01,24
450,2025-06-01,23
450,2025-07-01,20
450,2025-08-01,19
450,2025-09-01,18
450,2025-10-01,16
450,2025-11-01,13
450,2025-12-01,10
451,2024-01-01,46
451,2024-02-01,45
451,2024-03-01,42
451,2024-04-01,41
451,2024-05-01,40
451,2024-06-01,40
451,2024-07-01,40
451,2024-08-01,37
451,2024-09-01,34
451,2024-10-01,34
451,2024-11-01,33
451,2024-12-01,32
451,2025-01-01,30
451,2025-02-01,27
451,2025-03-01,24
451,2025-04-01,21
451,2025-05-01,19
451,2025-06-01,17
451,2025-07-01,16
451,2025-08-01,16
451,2025-09-01,16
451,2025-10-01,16
451,2025-11-01,15
451,2025-12-01,15
452,2024-01-01,68
452,2024-02-01,65
452,2024-03-01,65
452,2024-04-01,63
452,2024-05-01,60
452,2024-06-01,60
452,2024-07-01,60
452,2024-08-01,58
452,2024-09-01,55
452,2024-10-01,52
452,2024-11-01,50
452,2024-12-01,48
452,2025-01-01,46
452,2025-02-01,46
452,2025-03-01,44
452,2025-04-01,42
452,2025-05-01,41
452,2025-06-01,39
452,2025-07-01,37
452,2025-08-01,37
452,2025-09-01,34
452,2025-10-01,34
452,2025-11-01,33
452,2025-12-01,31
453,2024-01-01,48
453,2024-02-01,46
453,2024-03-01,45
453,2024-04-01,43
453,2024-05-01,41
453,2024-06-01,39
453,2024-07-01,38
453,2024-08-01,36
453,2024-09-01,35
453,2024-10-01,35
453,2024-11-01,33
453,2024-12-01,30
453,2025-01-01,29
453,2025-02-01,29
453,2025-03-01,28
453,2025-04-01,27
453,2025-05-01,27
453,2025-06-01,25
453,2025-07-01,23
453,2025-08-01,22
453,2025-09-01,22
453,2025-10-01,20
453,2025-11-01,19
453,2025-12-01,16
454,2024-01-01,45
454,2024-02-01,42
454,2024-03-01,41
454,2024-04-01,41
454,2024-05-01,39
454,2024-06-01,37
454,2024-07-01,36
454,2024-08-01,34
454,2024-09-01,32
454,2024-10-01,29
454,2024-11-01,26
454,2024-12-01,26
454,2025-01-01,23
454,2025-02-01,21
454,2025-03-01,21
454,2025-04-01,21
454,2025-05-01,20
454,2025-06-01,17
454,2025-07-01,17
454,2025-08-01,15
454,2025-09-01,15
454,2025-10-01,15
454,2025-11-01,14
454,2025-12-01,12
455,2024-01-01,35
455,2024-02-01,33
455,2024-03-01,33
455,2024-04-01,31
455,2024-05-01,29
455,2024-06-01,29
455,2024-07-01,28
455,2024-08-01,25
455,2024-09-01,22
455,2024-10-01,21
455,2024-11-01,21
455,2024-12-01,18
455,2025-01-01,17
455,2025-02-01,16
455,2025-03-01,15
455,2025-04-01,12
455,2025-05-01,9
455,2025-06-01,6
455,2025-07-01,3
455,2025-08-01,1
455,2025-09-01,1
455,2025-10-01,1
455,2025-11-01,1
455,2025-12-01,1
456,2024-01-01,75
456,2024-02-01,74
456,2024-03-01,72
456,2024-04-01,72
456,2024-05-01,72
456,2024-06-01,69
456,2024-07-01,69
456,2024-08-01,69
456,2024-09-01,68
456,2024-10-01,66
456,2024-11-01,63
456,2024-12-01,60
456,2025-01-01,60
456,2025-02-01,59
456,2025-03-01,59
456,2025-04-01,59
456,2025-05-01,56
456,2025-06-01,56
456,2025-07-01,56
456,2025-08-01,55
456,2025-09-01,52
456,2025-10-01,50
456,2025-11-01,49
456,2025-12-01,48
457,2024-01-01,55
457,2024-02-01,53
457,2024-03-01,50
457,2024-04-01,50
457,2024-05-01,49
457,2024-06-01,46
457,2024-07-01,46
457,2024-08-01,44
457,2024-09-01,42
457,2024-10-01,42
457,2024-11-01,39
457,2024-12-01,38
457,2025-01-01,38
457,2025-02-01,37
457,2025-03-01,35
457,2025-04-01,35
457,2025-05-01,33
457,2025-06-01,32
457,2025-07-01,31
457,2025-08-01,31
457,2025-09-01,31
457,2025-10-01,31
457,2025-11-01,29
457,2025-12-01,28
458,2024-01-01,19
458,2024-02-01,19
458,2024-03-01,16
458,2024-04-01,16
458,2024-05-01,13
458,2024-06-01,10
458,2024-07-01,8
458,2024-08-01,7
458,2024-09-01,6
458,2024-10-01,5
458,2024-11-01,4
458,2024-12-01,2
458,2025-01-01,1
458,2025-02-01,1
458,2025-03-01,1
458,2025-04-01,1
458,2025-05-01,1
458,2025-06-01,1
458,2025-07-01,1
458,2025-08-01,1
458,2025-09-01,1
458,2025-10-01,1
458,2025-11-01,1
458,2025-12-01,1
459,2024-01-01,30
459,2024-02-01,29
459,2024-03-01,26
459,2024-04-01,26
459,2024-05-01,26
459,2024-06-01,24
459,2024-07-01,23
459,2024-08-01,20
459,2024-09-01,20
459,2024-10-01,17
459,2024-11-01,15
459,2024-12-01,14
459,2025-01-01,12
459,2025-02-01,9
459,2025-03-01,7
459,2025-04-01,4
459,2025-05-01,4
459,2025-06-01,4
459,2025-07-01,2
459,2025-08-01,2
459,2025-09-01,1
459,2025-10-01,1
459,2025-11-01,1
459,2025-12-01,1
460,2024-01-01,32
460,2024-02-01,30
460,2024-03-01,28
460,2024-04-01,25
460,2024-05-01,22
460,2024-06-01,21
460,2024-07-01,18
460,2024-08-01,18
460,2024-09-01,17
460,2024-10-01,15
460,2024-11-01,13
460,2024-12-01,10
460,2025-01-01,9
460,2025-02-01,6
460,2025-03-01,3
460,2025-04-01,1
460,2025-05-01,1
460,2025-06-01,1
460,2025-07-01,1
460,2025-08-01,1
460,2025-09-01,1
460,2025-10-01,1
460,2025-11-01,1
460,2025-12-01,1
461,2024-01-01,20
461,2024-02-01,18
461,2024-03-01,15
461,2024-04-01,14
461,2024-05-01,13
461,2024-06-01,13
461,2024-07-01,10
461,2024-08-01,7
461,2024-09-01,5
461,2024-10-01,4
461,2024-11-01,4
461,2024-12-01,1
461,2025-01-01,1
461,2025-02-01,1
461,2025-03-01,1
461,2025-04-01,1
461,2025-05-01,1
461,2025-06-01,1
461,2025-07-01,1
461,2025-08-01,1
461,2025-09-01,1
461,2025-10-01,1
461,2025-11-01,1
461,2025-12-01,1
462,2024-01-01,64
462,2024-02-01,61
462,2024-03-01,58
462,2024-04-01,58
462,2024-05-01,56
462,2024-06-01,53
462,2024-07-01,51
462,2024-08-01,51
462,2024-09-01,48
462,2024-10-01,46
462,2024-11-01,46
462,2024-12-01,44
462,2025-01-01,43
462,2025-02-01,43
462,2025-03-01,42
462,2025-04-01,42
462,2025-05-01,42
462,2025-06-01,39
462,2025-07-01,38
462,2025-08-01,37
462,2025-09-01,36
462,2025-10-01,36
462,2025-11-01,35
462,2025-12-01,34
463,2024-01-01,73
463,2024-02-01,71
463,2024-03-01,70
463,2024-04-01,69
463,2024-05-01,68
463,2024-06-01,67
463,2024-07-01,65
463,2024-08-01,62
463,2024-09-01,62
463,2024-10-01,61
463,2024-11-01,60
463,2024-12-01,58
463,2025-01-01,57
463,2025-02-01,54
463,2025-03-01,51
463,2025-04-01,50
463,2025-05-01,48
463,2025-06-01,47
463,2025-07-01,46
463,2025-08-01,44
463,2025-09-01,41
463,2025-10-01,41
463,2025-11-01,40
463,2025-12-01,37
464,2024-01-01,33
464,2024-02-01,31
464,2024-03-01,28
464,2024-04-01,28
464,2024-05-01,27
464,2024-06-01,27
464,2024-07-01,24
464,2024-08-01,22
464,2024-09-01,21
464,2024-10-01,19
464,2024-11-01,17
464,2024-12-01,17
464,2025-01-01,17
464,2025-02-01,14
464,2025-03-01,11
464,2025-04-01,9
464,2025-05-01,6
464,2025-06-01,4
464,2025-07-01,3
464,2025-08-01,1
464,2025-09-01,1
464,2025-10-01,1
464,2025-11-01,1
464,2025-12-01,1
465,2024-01-01,28
465,2024-02-01,28
465,2024-03-01,27
465,2024-04-01,27
465,2024-05-01,24
465,2024-06-01,24
465,2024-07-01,21
465,2024-08-01,18
465,2024-09-01,16
465,2024-10-01,14
465,2024-11-01,13
465,2024-12-01,10
465,2025-01-01,8
465,2025-02-01,5
465,2025-03-01,4
465,2025-04-01,1
465,2025-05-01,1
465,2025-06-01,1
465,2025-07-01,1
465,2025-08-01,1
465,2025-09-01,1
465,2025-10-01,1
465,2025-11-01,1
465,2025-12-01,1
466,2024-01-01,31
466,2024-02-01,30
466,2024-03-01,28
466,2024-04-01,28
466,2024-05-01,25
466,2024-06-01,23
466,2024-07-01,21
466,2024-08-01,18
466,2024-09-01,17
466,2024-10-01,16
466,2024-11-01,15
466,2024-12-01,14
466,2025-01-01,11
466,2025-02-01,11
466,2025-03-01,9
466,2025-04-01,7
466,2025-05-01,6
466,2025-06-01,3
466,2025-07-01,3
466,2025-08-01,3
466,2025-09-01,1
466,2025-10-01,1
466,2025-11-01,1
466,2025-12-01,1
467,2024-01-01,25
467,2024-02-01,25
467,2024-03-01,23
467,2024-04-01,22
467,2024-05-01,21
467,2024-06-01,18
467,2024-07-01,15
467,2024-08-01,12
467,2024-09-01,10
467,2024-10-01,8
467,2024-11-01,5
467,2024-12-01,4
467,2025-01-01,3
467,2025-02-01,2
467,2025-03-01,1
467,2025-04-01,1
467,2025-05-01,1
467,2025-06-01,1
467,2025-07-01,1
467,2025-08-01,1
467,2025-09-01,1
467,2025-10-01,1
467,2025-11-01,1
467,2025-12-01,1
468,2024-01-01,27
468,2024-02-01,24
468,2024-03-01,23
468,2024-04-01,21
468,2024-05-01,18
468,2024-06-01,18
468,2024-07-01,16
468,2024-08-01,16
468,2024-09-01,15
468,2024-10-01,12
468,2024-11-01,10
468,2024-12-01,9
468,2025-01-01,6
468,2025-02-01,3
468,2025-03-01,3
468,2025-04-01,3
468,2025-05-01,2
468,2025-06-01,2
468,2025-07-01,1
468,2025-08-01,1
468,2025-09-01,1
468,2025-10-01,1
468,2025-11-01,1
468,2025-12-01,1
469,2024-01-01,43
469,2024-02-01,43
469,2024-03-01,43
469,2024-04-01,41
469,2024-05-01,38
469,2024-06-01,35
469,2024-07-01,34
469,2024-08-01,34
469,2024-09-01,31
469,2024-10-01,28
469,2024-11-01,27
469,2024-12-01,26
469,2025-01-01,24
469,2025-02-01,24
469,2025-03-01,21
469,2025-04-01,19
469,2025-05-01,19
469,2025-06-01,17
469,2025-07-01,17
469,2025-08-01,17
469,2025-09-01,14
469,2025-10-01,14
469,2025-11-01,13
469,2025-12-01,10
470,2024-01-01,48
470,2024-02-01,48
470,2024-03-01,48
470,2024-04-01,47
470,2024-05-01,46
470,2024-06-01,45
470,2024-07-01,43
470,2024-08-01,42
470,2024-09-01,39
470,2024-10-01,36
470,2024-11-01,34
470,2024-12-01,33
470,2025-01-01,32
470,2025-02-01,32
470,2025-03-01,29
470,2025-04-01,27
470,2025-05-01,26
470,2025-06-01,26
470,2025-07-01,24
470,2025-08-01,22
470,2025-09-01,19
470,2025-10-01,18
470,2025-11-01,16
470,2025-12-01,16
471,2024-01-01,18
471,2024-02-01,18
471,2024-03-01,16
471,2024-04-01,16
471,2024-05-01,14
471,2024-06-01,12
471,2024-07-01,10
471,2024-08-01,10
471,2024-09-01,8
471,2024-10-01,5
471,2024-11-01,3
471,2024-12-01,2
471,2025-01-01,1
471,2025-02-01,1
471,2025-03-01,1
471,2025-04-01,1
471,2025-05-01,1
471,2025-06-01,1
471,2025-07-01,1
471,2025-08-01,1
471,2025-09-01,1
471,2025-10-01,1
471,2025-11-01,1
471,2025-12-01,1
472,2024-01-01,46
472,2024-02-01,46
472,2024-03-01,45
472,2024-04-01,43
472,2024-05-01,43
472,2024-06-01,43
472,2024-07-01,41
472,2024-08-01,40
472,2024-09-01,39
472,2024-10-01,38
472,2024-11-01,37
472,2024-12-01,37
472,2025-01-01,35
472,2025-02-01,33
472,2025-03-01,33
472,2025-04-01,33
472,2025-05-01,33
472,2025-06-01,30
472,2025-07-01,28
472,2025-08-01,26
472,2025-09-01,24
472,2025-10-01,23
472,2025-11-01,23
472,2025-12-01,23
473,2024-01-01,41
473,2024-02-01,39
473,2024-03-01,39
473,2024-04-01,36
473,2024-05-01,36
473,2024-06-01,35
473,2024-07-01,33
473,2024-08-01,30
473,2024-09-01,30
473,2024-10-01,28
473,2024-11-01,25
473,2024-12-01,23
473,2025-01-01,21
473,2025-02-01,20
473,2025-03-01,18
473,2025-04-01,15
473,2025-05-01,13
473,2025-06-01,10
473,2025-07-01,8
473,2025-08-01,8
473,2025-09-01,7
473,2025-10-01,7
473,2025-11-01,6
473,2025-12-01,3
474,2024-01-01,47
474,2024-02-01,45
474,2024-03-01,45
474,2024-04-01,44
474,2024-05-01,41
474,2024-06-01,38
474,2024-07-01,36
474,2024-08-01,33
474,2024-09-01,31
474,2024-10-01,29
474,2024-11-01,27
474,2024-12-01,27
474,2025-01-01,27
474,2025-02-01,25
474,2025-03-01,23
474,2025-04-01,21
474,2025-05-01,18
474,2025-06-01,16
474,2025-07-01,14
474,2025-08-01,13
474,2025-09-01,12
474,2025-10-01,11
474,2025-11-01,10
474,2025-12-01,8
475,2024-01-01,62
475,2024-02-01,59
475,2024-03-01,58
475,2024-04-01,58
475,2024-05-01,55
475,2024-06-01,52
475,2024-07-01,51
475,2024-08-01,50
475,2024-09-01,48
475,2024-10-01,45
475,2024-11-01,44
475,2024-12-01,43
475,2025-01-01,41
475,2025-02-01,38
475,2025-03-01,37
475,2025-04-01,35
475,2025-05-01,34
475,2025-06-01,34
475,2025-07-01,34
475,2025-08-01,33
475,2025-09-01,30
475,2025-10-01,30
475,2025-11-01,28
475,2025-12-01,27
476,2024-01-01,42
476,2024-02-01,39
476,2024-03-01,37
476,2024-04-01,37
476,2024-05-01,37
476,2024-06-01,37
476,2024-07-01,35
476,2024-08-01,35
476,2024-09-01,34
476,2024-10-01,34
476,2024-11-01,33
476,2024-12-01,30
476,2025-01-01,29
476,2025-02-01,26
476,2025-03-01,23
476,2025-04-01,22
476,2025-05-01,19
476,2025-06-01,18
476,2025-07-01,16
476,2025-08-01,13
476,2025-09-01,12
476,2025-10-01,9
476,2025-11-01,9
476,2025-12-01,8
477,2024-01-01,65
477,2024-02-01,62
477,2024-03-01,60
477,2024-04-01,59
477,2024-05-01,59
477,2024-06-01,57
477,2024-07-01,54
477,2024-08-01,51
477,2024-09-01,49
477,2024-10-01,49
477,2024-11-01,46
477,2024-12-01,43
477,2025-01-01,42
477,2025-02-01,40
477,2025-03-01,37
477,2025-04-01,37
477,2025-05-01,36
477,2025-06-01,34
477,2025-07-01,34
477,2025-08-01,31
477,2025-09-01,29
477,2025-10-01,27
477,2025-11-01,27
477,2025-12-01,25
478,2024-01-01,33
478,2024-02-01,32
478,2024-03-01,32
478,2024-04-01,31
478,2024-05-01,29
478,2024-06-01,29
478,2024-07-01,26
478,2024-08-01,26
478,2024-09-01,26
478,2024-10-01,26
478,2024-11-01,25
478,2024-12-01,24
478,2025-01-01,22
478,2025-02-01,20
478,2025-03-01,18
478,2025-04-01,16
478,2025-05-01,16
478,2025-06-01,15
478,2025-07-01,14
478,2025-08-01,13
478,2025-09-01,12
478,2025-10-01,10
478,2025-11-01,10
478,2025-12-01,9
479,2024-01-01,67
479,2024-02-01,64
479,2024-03-01,64
479,2024-04-01,64
479,2024-05-01,64
479,2024-06-01,61
479,2024-07-01,60
479,2024-08-01,59
479,2024-09-01,56
479,2024-10-01,55
479,2024-11-01,53
479,2024-12-01,52
479,2025-01-01,50
479,2025-02-01,48
479,2025-03-01,46
479,2025-04-01,43
479,2025-05-01,42
479,2025-06-01,41
479,2025-07-01,38
479,2025-08-01,35
479,2025-09-01,34
479,2025-10-01,31
479,2025-11-01,28
479,2025-12-01,26
480,2024-01-01,37
480,2024-02-01,37
480,2024-03-01,35
480,2024-04-01,33
480,2024-05-01,30
480,2024-06-01,29
480,2024-07-01,29
480,2024-08-01,29
480,2024-09-01,29
480,2024-10-01,28
480,2024-11-01,28
480,2024-12-01,28
480,2025-01-01,27
480,2025-02-01,27
480,2025-03-01,24
480,2025-04-01,21
480,2025-05-01,19
480,2025-06-01,17
480,2025-07-01,15
480,2025-08-01,12
480,2025-09-01,9
480,2025-10-01,6
480,2025-11-01,4
480,2025-12-01,2
481,2024-01-01,44
481,2024-02-01,42
481,2024-03-01,40
481,2024-04-01,37
481,2024-05-01,36
481,2024-06-01,35
481,2024-07-01,33
481,2024-08-01,32
481,2024-09-01,31
481,2024-10-01,28
481,2024-11-01,26
481,2024-12-01,24
481,2025-01-01,23
481,2025-02-01,21
481,2025-03-01,19
481,2025-04-01,17
481,2025-05-01,15
481,2025-06-01,14
481,2025-07-01,14
481,2025-08-01,13
481,2025-09-01,10
481,2025-10-01,10
481,2025-11-01,10
481,2025-12-01,10
482,2024-01-01,42
482,2024-02-01,41
482,2024-03-01,38
482,2024-04-01,37
482,2024-05-01,36
482,2024-06-01,35
482,2024-07-01,35
482,2024-08-01,34
482,2024-09-01,31
482,2024-10-01,28
482,2024-11-01,25
482,2024-12-01,25
482,2025-01-01,24
482,2025-02-01,23
482,2025-03-01,21
482,2025-04-01,21
482,2025-05-01,18
482,2025-06-01,15
482,2025-07-01,14
482,2025-08-01,11
482,2025-09-01,10
482,2025-10-01,9
482,2025-11-01,7
482,2025-12-01,7
483,2024-01-01,28
483,2024-02-01,27
483,2024-03-01,25
483,2024-04-01,24
483,2024-05-01,24
483,2024-06-01,24
483,2024-07-01,21
483,2024-08-01,21
483,2024-09-01,18
483,2024-10-01,18
483,2024-11-01,15
483,2024-12-01,14
483,2025-01-01,12
483,2025-02-01,10
483,2025-03-01,8
483,2025-04-01,7
483,2025-05-01,5
483,2025-06-01,5
483,2025-07-01,2
483,2025-08-01,1
483,2025-09-01,1
483,2025-10-01,1
483,2025-11-01,1
483,2025-12-01,1
484,2024-01-01,39
484,2024-02-01,36
484,2024-03-01,34
484,2024-04-01,32
484,2024-05-01,31
484,2024-06-01,29
484,2024-07-01,27
484,2024-08-01,24
484,2024-09-01,24
484,2024-10-01,24
484,2024-11-01,21
484,2024-12-01,21
484,2025-01-01,19
484,2025-02-01,16
484,2025-03-01,13
484,2025-04-01,12
484,2025-05-01,12
484,2025-06-01,11
484,2025-07-01,9
484,2025-08-01,6
484,2025-09-01,4
484,2025-10-01,4
484,2025-11-01,3
484,2025-12-01,3
485,2024-01-01,57
485,2024-02-01,57
485,2024-03-01,55
485,2024-04-01,55
485,2024-05-01,52
485,2024-06-01,51
485,2024-07-01,50
485,2024-08-01,49
485,2024-09-01,46
485,2024-10-01,45
485,2024-11-01,42
485,2024-12-01,41
485,2025-01-01,41
485,2025-02-01,41
485,2025-03-01,41
485,2025-04-01,41
485,2025-05-01,38
485,2025-06-01,36
485,2025-07-01,34
485,2025-08-01,34
485,2025-09-01,32
485,2025-10-01,30
485,2025-11-01,29
485,2025-12-01,26
486,2024-01-01,38
486,2024-02-01,36
486,2024-03-01,36
486,2024-04-01,35
486,2024-05-01,35
486,2024-06-01,34
486,2024-07-01,32
486,2024-08-01,29
486,2024-09-01,28
486,2024-10-01,27
486,2024-11-01,27
486,2024-12-01,25
486,2025-01-01,22
486,2025-02-01,22
486,2025-03-01,22
486,2025-04-01,19
486,2025-05-01,17
486,2025-06-01,14
486,2025-07-01,14
486,2025-08-01,14
486,2025-09-01,13
486,2025-10-01,10
486,2025-11-01,7
486,2025-12-01,4
487,2024-01-01,58
487,2024-02-01,58
487,2024-03-01,57
487,2024-04-01,57
487,2024-05-01,57
487,2024-06-01,57
487,2024-07-01,56
487,2024-08-01,53
487,2024-09-01,51
487,2024-10-01,49
487,2024-11-01,48
487,2024-12-01,45
487,2025-01-01,42
487,2025-02-01,41
487,2025-03-01,41
487,2025-04-01,38
487,2025-05-01,36
487,2025-06-01,35
487,2025-07-01,33
487,2025-08-01,33
487,2025-09-01,32
487,2025-10-01,30
487,2025-11-01,28
487,2025-12-01,28
488,2024-01-01,40
488,2024-02-01,38
488,2024-03-01,38
488,2024-04-01,36
488,2024-05-01,36
488,2024-06-01,33
488,2024-07-01,31
488,2024-08-01,29
488,2024-09-01,29
488,2024-10-01,28
488,2024-11-01,28
488,2024-12-01,27
488,2025-01-01,24
488,2025-02-01,22
488,2025-03-01,20
488,2025-04-01,20
488,2025-05-01,20
488,2025-06-01,17
488,2025-07-01,14
488,2025-08-01,13
488,2025-09-01,10
488,2025-10-01,7
488,2025-11-01,4
488,2025-12-01,1
489,2024-01-01,30
489,2024-02-01,29
489,2024-03-01,29
489,2024-04-01,27
489,2024-05-01,27
489,2024-06-01,24
489,2024-07-01,22
489,2024-08-01,19
489,2024-09-01,16
489,2024-10-01,16
489,2024-11-01,13
489,2024-12-01,13
489,2025-01-01,10
489,2025-02-01,9
489,2025-03-01,7
489,2025-04-01,7
489,2025-05-01,7
489,2025-06-01,5
489,2025-07-01,5
489,2025-08-01,3
489,2025-09-01,2
489,2025-10-01,1
489,2025-11-01,1
489,2025-12-01,1
490,2024-01-01,29
490,2024-02-01,26
490,2024-03-01,24
490,2024-04-01,21
490,2024-05-01,21
490,2024-06-01,21
490,2024-07-01,19
490,2024-08-01,16
490,2024-09-01,16
490,2024-10-01,15
490,2024-11-01,12
490,2024-12-01,9
490,2025-01-01,9
490,2025-02-01,9
490,2025-03-01,7
490,2025-04-01,4
490,2025-05-01,3
490,2025-06-01,3
490,2025-07-01,1
490,2025-08-01,1
490,2025-09-01,1
490,2025-10-01,1
490,2025-11-01,1
490,2025-12-01,1
491,2024-01-01,65
491,2024-02-01,63
491,2024-03-01,60
491,2024-04-01,58
491,2024-05-01,55
491,2024-06-01,53
491,2024-07-01,52
491,2024-08-01,49
491,2024-09-01,47
491,2024-10-01,46
491,2024-11-01,45
491,2024-12-01,45
491,2025-01-01,42
491,2025-02-01,42
491,2025-03-01,41
491,2025-04-01,41
491,2025-05-01,41
491,2025-06-01,39
491,2025-07-01,39
491,2025-08-01,38
491,2025-09-01,38
491,2025-10-01,35
491,2025-11-01,33
491,2025-12-01,32
492,2024-01-01,57
492,2024-02-01,56
492,2024-03-01,56
492,2024-04-01,54
492,2024-05-01,54
492,2024-06-01,53
492,2024-07-01,52
492,2024-08-01,51
492,2024-09-01,48
492,2024-10-01,48
492,2024-11-01,48
492,2024-12-01,48
492,2025-01-01,46
492,2025-02-01,43
492,2025-03-01,40
492,2025-04-01,38
492,2025-05-01,35
492,2025-06-01,33
492,2025-07-01,32
492,2025-08-01,31
492,2025-09-01,28
492,2025-10-01,27
492,2025-11-01,26
492,2025-12-01,25
493,2024-01-01,51
493,2024-02-01,51
493,2024-03-01,49
493,2024-04-01,47
493,2024-05-01,45
493,2024-06-01,43
493,2024-07-01,41
493,2024-08-01,40
493,2024-09-01,39
493,2024-10-01,38
493,2024-11-01,36
493,2024-12-01,34
493,2025-01-01,34
493,2025-02-01,31
493,2025-03-01,30
493,2025-04-01,27
493,2025-05-01,25
493,2025-06-01,23
493,2025-07-01,21
493,2025-08-01,18
493,2025-09-01,18
493,2025-10-01,16
493,2025-11-01,16
493,2025-12-01,16
494,2024-01-01,74
494,2024-02-01,72
494,2024-03-01,72
494,2024-04-01,69
494,2024-05-01,66
494,2024-06-01,64
494,2024-07-01,63
494,2024-08-01,62
494,2024-09-01,62
494,2024-10-01,61
494,2024-11-01,60
494,2024-12-01,59
494,2025-01-01,56
494,2025-02-01,54
494,2025-03-01,51
494,2025-04-01,48
494,2025-05-01,46
494,2025-06-01,43
494,2025-07-01,43
494,2025-08-01,43
494,2025-09-01,40
494,2025-10-01,39
494,2025-11-01,36
494,2025-12-01,35
495,2024-01-01,27
495,2024-02-01,26
495,2024-03-01,26
495,2024-04-01,23
495,2024-05-01,21
495,2024-06-01,20
495,2024-07-01,19
495,2024-08-01,16
495,2024-09-01,13
495,2024-10-01,12
495,2024-11-01,10
495,2024-12-01,7
495,2025-01-01,4
495,2025-02-01,1
495,2025-03-01,1
495,2025-04-01,1
495,2025-05-01,1
495,2025-06-01,1
495,2025-07-01,1
495,2025-08-01,1
495,2025-09-01,1
495,2025-10-01,1
495,2025-11-01,1
495,2025-12-01,1
496,2024-01-01,70
496,2024-02-01,70
496,2024-03-01,67
496,2024-04-01,67
496,2024-05-01,65
496,2024-06-01,62
496,2024-07-01,61
496,2024-08-01,60
496,2024-09-01,60
496,2024-10-01,58
496,2024-11-01,55
496,2024-12-01,53
496,2025-01-01,51
496,2025-02-01,51
496,2025-03-01,51
496,2025-04-01,48
496,2025-05-01,47
496,2025-06-01,44
496,2025-07-01,42
496,2025-08-01,42
496,2025-09-01,40
496,2025-10-01,40
496,2025-11-01,39
496,2025-12-01,37
497,2024-01-01,69
497,2024-02-01,66
497,2024-03-01,63
497,2024-04-01,61
497,2024-05-01,61
497,2024-06-01,61
497,2024-07-01,61
497,2024-08-01,59
497,2024-09-01,59
497,2024-10-01,58
497,2024-11-01,56
497,2024-12-01,55
497,2025-01-01,54
497,2025-02-01,51
497,2025-03-01,49
497,2025-04-01,49
497,2025-05-01,48
497,2025-06-01,46
497,2025-07-01,46
497,2025-08-01,43
497,2025-09-01,41
497,2025-10-01,39
497,2025-11-01,37
497,2025-12-01,37
498,2024-01-01,64
498,2024-02-01,62
498,2024-03-01,60
498,2024-04-01,60
498,2024-05-01,57
498,2024-06-01,55
498,2024-07-01,53
498,2024-08-01,50
498,2024-09-01,48
498,2024-10-01,47
498,2024-11-01,45
498,2024-12-01,44
498,2025-01-01,44
498,2025-02-01,44
498,2025-03-01,43
498,2025-04-01,42
498,2025-05-01,39
498,2025-06-01,38
498,2025-07-01,37
498,2025-08-01,35
498,2025-09-01,32
498,2025-10-01,31
498,2025-11-01,30
498,2025-12-01,29
499,2024-01-01,24
499,2024-02-01,22
499,2024-03-01,22
499,2024-04-01,20
499,2024-05-01,19
499,2024-06-01,17
499,2024-07-01,15
499,2024-08-01,12
499,2024-09-01,11
499,2024-10-01,9
499,2024-11-01,9
499,2024-12-01,6
499,2025-01-01,4
499,2025-02-01,1
499,2025-03-01,1
499,2025-04-01,1
499,2025-05-01,1
499,2025-06-01,1
499,2025-07-01,1
499,2025-08-01,1
499,2025-09-01,1
499,2025-10-01,1
499,2025-11-01,1
499,2025-12-01,1
500,2024-01-01,21
500,2024-02-01,20
500,2024-03-01,19
500,2024-04-01,19
500,2024-05-01,18
500,2024-06-01,16
500,2024-07-01,15
500,2024-08-01,13
500,2024-09-01,13
500,2024-10-01,10
500,2024-11-01,8
500,2024-12-01,5
500,2025-01-01,5
500,2025-02-01,3
500,2025-03-01,1
500,2025-04-01,1
500,2025-05-01,1
500,2025-06-01,1
500,2025-07-01,1
500,2025-08-01,1
500,2025-09-01,1
500,2025-10-01,1
500,2025-11-01,1
500,2025-12-01,1
501,2024-01-01,48
501,2024-02-01,47
501,2024-03-01,47
501,2024-04-01,45
501,2024-05-01,44
501,2024-06-01,41
501,2024-07-01,38
501,2024-08-01,37
501,2024-09-01,37
501,2024-10-01,36
501,2024-11-01,36
501,2024-12-01,33
501,2025-01-01,31
501,2025-02-01,30
501,2025-03-01,27
501,2025-04-01,25
501,2025-05-01,22
501,2025-06-01,21
501,2025-07-01,20
501,2025-08-01,18
501,2025-09-01,17
501,2025-10-01,14
501,2025-11-01,12
501,2025-12-01,10
502,2024-01-01,59
502,2024-02-01,57
502,2024-03-01,57
502,2024-04-01,54
502,2024-05-01,51
502,2024-06-01,49
502,2024-07-01,48
502,2024-08-01,46
502,2024-09-01,45
502,2024-10-01,45
502,2024-11-01,44
502,2024-12-01,42
502,2025-01-01,41
502,2025-02-01,38
502,2025-03-01,38
502,2025-04-01,35
502,2025-05-01,32
502,2025-06-01,29
502,2025-07-01,26
502,2025-08-01,25
502,2025-09-01,22
502,2025-10-01,21
502,2025-11-01,18
502,2025-12-01,16
503,2024-01-01,73
503,2024-02-01,72
503,2024-03-01,72
503,2024-04-01,71
503,2024-05-01,71
503,2024-06-01,71
503,2024-07-01,68
503,2024-08-01,68
503,2024-09-01,67
503,2024-10-01,64
503,2024-11-01,64
503,2024-12-01,63
503,2025-01-01,63
503,2025-02-01,63
503,2025-03-01,60
503,2025-04-01,57
503,2025-05-01,56
503,2025-06-01,53
503,2025-07-01,50
503,2025-08-01,48
503,2025-09-01,46
503,2025-10-01,45
503,2025-11-01,42
503,2025-12-01,41
504,2024-01-01,64
504,2024-02-01,62
504,2024-03-01,61
504,2024-04-01,58
504,2024-05-01,58
504,2024-06-01,55
504,2024-07-01,54
504,2024-08-01,52
504,2024-09-01,52
504,2024-10-01,51
504,2024-11-01,49
504,2024-12-01,48
504,2025-01-01,48
504,2025-02-01,46
504,2025-03-01,43
504,2025-04-01,42
504,2025-05-01,42
504,2025-06-01,39
504,2025-07-01,39
504,2025-08-01,38
504,2025-09-01,38
504,2025-10-01,36
504,2025-11-01,36
504,2025-12-01,35
505,2024-01-01,46
505,2024-02-01,46
505,2024-03-01,44
505,2024-04-01,41
505,2024-05-01,38
505,2024-06-01,36
505,2024-07-01,36
505,2024-08-01,33
505,2024-09-01,31
505,2024-10-01,30
505,2024-11-01,30
505,2024-12-01,29
505,2025-01-01,29
505,2025-02-01,26
505,2025-03-01,25
505,2025-04-01,24
505,2025-05-01,22
505,2025-06-01,19
505,2025-07-01,16
505,2025-08-01,16
505,2025-09-01,14
505,2025-10-01,12
505,2025-11-01,12
505,2025-12-01,11
506,2024-01-01,68
506,2024-02-01,68
506,2024-03-01,66
506,2024-04-01,66
506,2024-05-01,66
506,2024-06-01,66
506,2024-07-01,63
506,2024-08-01,62
506,2024-09-01,61
506,2024-10-01,60
506,2024-11-01,59
506,2024-12-01,57
506,2025-01-01,55
506,2025-02-01,55
506,2025-03-01,53
506,2025-04-01,52
506,2025-05-01,49
506,2025-06-01,49
506,2025-07-01,49
506,2025-08-01,48
506,2025-09-01,47
506,2025-10-01,46
506,2025-11-01,44
506,2025-12-01,44
507,2024-01-01,46
507,2024-02-01,46
507,2024-03-01,46
507,2024-04-01,44
507,2024-05-01,44
507,2024-06-01,43
507,2024-07-01,42
507,2024-08-01,39
507,2024-09-01,39
507,2024-10-01,39
507,2024-11-01,37
507,2024-12-01,36
507,2025-01-01,33
507,2025-02-01,32
507,2025-03-01,32
507,2025-04-01,32
507,2025-05-01,29
507,2025-06-01,29
507,2025-07-01,26
507,2025-08-01,23
507,2025-09-01,22
507,2025-10-01,19
507,2025-11-01,19
507,2025-12-01,17
508,2024-01-01,58
508,2024-02-01,56
508,2024-03-01,54
508,2024-04-01,51
508,2024-05-01,49
508,2024-06-01,47
508,2024-07-01,45
508,2024-08-01,44
508,2024-09-01,44
508,2024-10-01,41
508,2024-11-01,39
508,2024-12-01,39
508,2025-01-01,37
508,2025-02-01,36
508,2025-03-01,35
508,2025-04-01,33
508,2025-05-01,31
508,2025-06-01,29
508,2025-07-01,28
508,2025-08-01,27
508,2025-09-01,27
508,2025-10-01,24
508,2025-11-01,21
508,2025-12-01,20
509,2024-01-01,73
509,2024-02-01,73
509,2024-03-01,72
509,2024-04-01,71
509,2024-05-01,68
509,2024-06-01,66
509,2024-07-01,66
509,2024-08-01,63
509,2024-09-01,62
509,2024-10-01,61
509,2024-11-01,58
509,2024-12-01,56
509,2025-01-01,56
509,2025-02-01,56
509,2025-03-01,56
509,2025-04-01,56
509,2025-05-01,54
509,2025-06-01,53
509,2025-07-01,52
509,2025-08-01,52
509,2025-09-01,52
509,2025-10-01,52
509,2025-11-01,49
509,2025-12-01,46
510,2024-01-01,44
510,2024-02-01,44
510,2024-03-01,41
510,2024-04-01,39
510,2024-05-01,36
510,2024-06-01,35
510,2024-07-01,32
510,2024-08-01,31
510,2024-09-01,31
510,2024-10-01,29
510,2024-11-01,29
510,2024-12-01,29
510,2025-01-01,27
510,2025-02-01,25
510,2025-03-01,23
510,2025-04-01,22
510,2025-05-01,22
510,2025-06-01,21
510,2025-07-01,19
510,2025-08-01,18
510,2025-09-01,16
510,2025-10-01,13
510,2025-11-01,11
510,2025-12-01,11
511,2024-01-01,40
511,2024-02-01,39
511,2024-03-01,39
511,2024-04-01,37
511,2024-05-01,34
511,2024-06-01,34
511,2024-07-01,33
511,2024-08-01,30
511,2024-09-01,30
511,2024-10-01,30
511,2024-11-01,27
511,2024-12-01,27
511,2025-01-01,26
511,2025-02-01,24
511,2025-03-01,22
511,2025-04-01,19
511,2025-05-01,17
511,2025-06-01,17
511,2025-07-01,17
511,2025-08-01,16
511,2025-09-01,14
511,2025-10-01,11
511,2025-11-01,11
511,2025-12-01,8
512,2024-01-01,36
512,2024-02-01,35
512,2024-03-01,33
512,2024-04-01,32
512,2024-05-01,30
512,2024-06-01,27
512,2024-07-01,25
512,2024-08-01,22
512,2024-09-01,22
512,2024-10-01,19
512,2024-11-01,16
512,2024-12-01,16
512,2025-01-01,13
512,2025-02-01,10
512,2025-03-01,10
512,2025-04-01,10
512,2025-05-01,10
512,2025-06-01,8
512,2025-07-01,8
512,2025-08-01,8
512,2025-09-01,5
512,2025-10-01,4
512,2025-11-01,3
512,2025-12-01,1
513,2024-01-01,65
513,2024-02-01,64
513,2024-03-01,64
513,2024-04-01,61
513,2024-05-01,61
513,2024-06-01,59
513,2024-07-01,58
513,2024-08-01,56
513,2024-09-01,56
513,2024-10-01,54
513,2024-11-01,52
513,2024-12-01,49
513,2025-01-01,47
513,2025-02-01,47
513,2025-03-01,44
513,2025-04-01,42
513,2025-05-01,42
513,2025-06-01,41
513,2025-07-01,38
513,2025-08-01,36
513,2025-09-01,34
513,2025-10-01,31
513,2025-11-01,31
513,2025-12-01,29
514,2024-01-01,21
514,2024-02-01,19
514,2024-03-01,18
514,2024-04-01,17
514,2024-05-01,16
514,2024-06-01,13
514,2024-07-01,11
514,2024-08-01,8
514,2024-09-01,6
514,2024-10-01,5
514,2024-11-01,4
514,2024-12-01,4
514,2025-01-01,1
514,2025-02-01,1
514,2025-03-01,1
514,2025-04-01,1
514,2025-05-01,1
514,2025-06-01,1
514,2025-07-01,1
514,2025-08-01,1
514,2025-09-01,1
514,2025-10-01,1
514,2025-11-01,1
514,2025-12-01,1
515,2024-01-01,44
515,2024-02-01,44
515,2024-03-01,44
515,2024-04-01,41
515,2024-05-01,38
515,2024-06-01,38
515,2024-07-01,35
515,2024-08-01,32
515,2024-09-01,29
515,2024-10-01,26
515,2024-11-01,25
515,2024-12-01,22
515,2025-01-01,22
515,2025-02-01,22
515,2025-03-01,22
515,2025-04-01,22
515,2025-05-01,19
515,2025-06-01,18
515,2025-07-01,16
515,2025-08-01,14
515,2025-09-01,12
515,2025-10-01,10
515,2025-11-01,10
515,2025-12-01,7
516,2024-01-01,49
516,2024-02-01,47
516,2024-03-01,46
516,2024-04-01,45
516,2024-05-01,44
516,2024-06-01,44
516,2024-07-01,41
516,2024-08-01,41
516,2024-09-01,41
516,2024-10-01,38
516,2024-11-01,37
516,2024-12-01,34
516,2025-01-01,32
516,2025-02-01,31
516,2025-03-01,28
516,2025-04-01,28
516,2025-05-01,25
516,2025-06-01,24
516,2025-07-01,22
516,2025-08-01,22
516,2025-09-01,20
516,2025-10-01,18
516,2025-11-01,18
516,2025-12-01,15
517,2024-01-01,53
517,2024-02-01,50
517,2024-03-01,49
517,2024-04-01,47
517,2024-05-01,45
517,2024-06-01,43
517,2024-07-01,42
517,2024-08-01,40
517,2024-09-01,37
517,2024-10-01,34
517,2024-11-01,31
517,2024-12-01,28
517,2025-01-01,26
517,2025-02-01,25
517,2025-03-01,25
517,2025-04-01,22
517,2025-05-01,22
517,2025-06-01,22
517,2025-07-01,20
517,2025-08-01,17
517,2025-09-01,14
517,2025-10-01,11
517,2025-11-01,11
517,2025-12-01,8
518,2024-01-01,70
518,2024-02-01,68
518,2024-03-01,65
518,2024-04-01,62
518,2024-05-01,60
518,2024-06-01,58
518,2024-07-01,58
518,2024-08-01,58
518,2024-09-01,58
518,2024-10-01,56
518,2024-11-01,55
518,2024-12-01,52
518,2025-01-01,50
518,2025-02-01,49
518,2025-03-01,47
518,2025-04-01,46
518,2025-05-01,44
518,2025-06-01,42
518,2025-07-01,41
518,2025-08-01,40
518,2025-09-01,39
518,2025-10-01,38
518,2025-11-01,37
518,2025-12-01,36
519,2024-01-01,64
519,2024-02-01,62
519,2024-03-01,61
519,2024-04-01,60
519,2024-05-01,58
519,2024-06-01,56
519,2024-07-01,56
519,2024-08-01,56
519,2024-09-01,55
519,2024-10-01,54
519,2024-11-01,54
519,2024-12-01,54
519,2025-01-01,51
519,2025-02-01,48
519,2025-03-01,47
519,2025-04-01,44
519,2025-05-01,44
519,2025-06-01,43
519,2025-07-01,41
519,2025-08-01,39
519,2025-09-01,39
519,2025-10-01,36
519,2025-11-01,34
519,2025-12-01,31
520,2024-01-01,67
520,2024-02-01,65
520,2024-03-01,63
520,2024-04-01,62
520,2024-05-01,61
520,2024-06-01,61
520,2024-07-01,59
520,2024-08-01,56
520,2024-09-01,54
520,2024-10-01,51
520,2024-11-01,48
520,2024-12-01,46
520,2025-01-01,43
520,2025-02-01,43
520,2025-03-01,42
520,2025-04-01,39
520,2025-05-01,37
520,2025-06-01,36
520,2025-07-01,36
520,2025-08-01,33
520,2025-09-01,30
520,2025-10-01,29
520,2025-11-01,26
520,2025-12-01,24
521,2024-01-01,24
521,2024-02-01,21
521,2024-03-01,21
521,2024-04-01,21
521,2024-05-01,21
521,2024-06-01,21
521,2024-07-01,20
521,2024-08-01,19
521,2024-09-01,16
521,2024-10-01,16
521,2024-11-01,16
521,2024-12-01,13
521,2025-01-01,10
521,2025-02-01,7
521,2025-03-01,5
521,2025-04-01,2
521,2025-05-01,1
521,2025-06-01,1
521,2025-07-01,1
521,2025-08-01,1
521,2025-09-01,1
521,2025-10-01,1
521,2025-11-01,1
521,2025-12-01,1
522,2024-01-01,33
522,2024-02-01,33
522,2024-03-01,33
522,2024-04-01,32
522,2024-05-01,29
522,2024-06-01,26
522,2024-07-01,26
522,2024-08-01,24
522,2024-09-01,21
522,2024-10-01,19
522,2024-11-01,19
522,2024-12-01,19
522,2025-01-01,17
522,2025-02-01,14
522,2025-03-01,14
522,2025-04-01,13
522,2025-05-01,13
522,2025-06-01,10
522,2025-07-01,9
522,2025-08-01,9
522,2025-09-01,6
522,2025-10-01,3
522,2025-11-01,3
522,2025-12-01,1
523,2024-01-01,25
523,2024-02-01,23
523,2024-03-01,23
523,2024-04-01,21
523,2024-05-01,21
523,2024-06-01,21
523,2024-07-01,18
523,2024-08-01,15
523,2024-09-01,15
523,2024-10-01,14
523,2024-11-01,13
523,2024-12-01,12
523,2025-01-01,10
523,2025-02-01,10
523,2025-03-01,7
523,2025-04-01,5
523,2025-05-01,3
523,2025-06-01,1
523,2025-07-01,1
523,2025-08-01,1
523,2025-09-01,1
523,2025-10-01,1
523,2025-11-01,1
523,2025-12-01,1
524,2024-01-01,30
524,2024-02-01,27
524,2024-03-01,24
524,2024-04-01,22
524,2024-05-01,19
524,2024-06-01,17
524,2024-07-01,16
524,2024-08-01,14
524,2024-09-01,11
524,2024-10-01,9
524,2024-11-01,8
524,2024-12-01,8
524,2025-01-01,8
524,2025-02-01,8
524,2025-03-01,5
524,2025-04-01,4
524,2025-05-01,2
524,2025-06-01,1
524,2025-07-01,1
524,2025-08-01,1
524,2025-09-01,1
524,2025-10-01,1
524,2025-11-01,1
524,2025-12-01,1
525,2024-01-01,53
525,2024-02-01,52
525,2024-03-01,51
525,2024-04-01,48
525,2024-05-01,48
525,2024-06-01,48
525,2024-07-01,46
525,2024-08-01,43
525,2024-09-01,43
525,2024-10-01,40
525,2024-11-01,39
525,2024-12-01,38
525,2025-01-01,37
525,2025-02-01,34
525,2025-03-01,32
525,2025-04-01,30
525,2025-05-01,30
525,2025-06-01,27
525,2025-07-01,25
525,2025-08-01,22
525,2025-09-01,20
525,2025-10-01,19
525,2025-11-01,18
525,2025-12-01,18
526,2024-01-01,55
526,2024-02-01,55
526,2024-03-01,55
526,2024-04-01,54
526,2024-05-01,51
526,2024-06-01,50
526,2024-07-01,49
526,2024-08-01,49
526,2024-09-01,48
526,2024-10-01,46
526,2024-11-01,46
526,2024-12-01,45
526,2025-01-01,42
526,2025-02-01,40
526,2025-03-01,37
526,2025-04-01,35
526,2025-05-01,32
526,2025-06-01,31
526,2025-07-01,29
526,2025-08-01,29
526,2025-09-01,29
526,2025-10-01,26
526,2025-11-01,23
526,2025-12-01,20
527,2024-01-01,26
527,2024-02-01,25
527,2024-03-01,23
527,2024-04-01,20
527,2024-05-01,20
527,2024-06-01,17
527,2024-07-01,16
527,2024-08-01,15
527,2024-09-01,15
527,2024-10-01,13
527,2024-11-01,12
527,2024-12-01,11
527,2025-01-01,10
527,2025-02-01,9
527,2025-03-01,6
527,2025-04-01,3
527,2025-05-01,1
527,2025-06-01,1
527,2025-07-01,1
527,2025-08-01,1
527,2025-09-01,1
527,2025-10-01,1
527,2025-11-01,1
527,2025-12-01,1
528,2024-01-01,57
528,2024-02-01,55
528,2024-03-01,55
528,2024-04-01,54
528,2024-05-01,51
528,2024-06-01,48
528,2024-07-01,48
528,2024-08-01,47
528,2024-09-01,46
528,2024-10-01,43
528,2024-11-01,43
528,2024-12-01,41
528,2025-01-01,38
528,2025-02-01,37
528,2025-03-01,35
528,2025-04-01,35
528,2025-05-01,34
528,2025-06-01,32
528,2025-07-01,29
528,2025-08-01,28
528,2025-09-01,28
528,2025-10-01,27
528,2025-11-01,24
528,2025-12-01,24
529,2024-01-01,49
529,2024-02-01,48
529,2024-03-01,45
529,2024-04-01,43
529,2024-05-01,43
529,2024-06-01,43
529,2024-07-01,41
529,2024-08-01,39
529,2024-09-01,39
529,2024-10-01,36
529,2024-11-01,34
529,2024-12-01,31
529,2025-01-01,31
529,2025-02-01,28
529,2025-03-01,25
529,2025-04-01,23
529,2025-05-01,20
529,2025-06-01,17
529,2025-07-01,14
529,2025-08-01,14
529,2025-09-01,14
529,2025-10-01,13
529,2025-11-01,13
529,2025-12-01,13
530,2024-01-01,68
530,2024-02-01,66
530,2024-03-01,64
530,2024-04-01,64
530,2024-05-01,61
530,2024-06-01,59
530,2024-07-01,57
530,2024-08-01,57
530,2024-09-01,54
530,2024-10-01,53
530,2024-11-01,52
530,2024-12-01,52
530,2025-01-01,52
530,2025-02-01,49
530,2025-03-01,49
530,2025-04-01,49
530,2025-05-01,49
530,2025-06-01,46
530,2025-07-01,46
530,2025-08-01,44
530,2025-09-01,41
530,2025-10-01,39
530,2025-11-01,36
530,2025-12-01,34
531,2024-01-01,26
531,2024-02-01,26
531,2024-03-01,26
531,2024-04-01,23
531,2024-05-01,21
531,2024-06-01,20
531,2024-07-01,18
531,2024-08-01,18
531,2024-09-01,18
531,2024-10-01,16
531,2024-11-01,13
531,2024-12-01,10
531,2025-01-01,8
531,2025-02-01,8
531,2025-03-01,6
531,2025-04-01,6
531,2025-05-01,4
531,2025-06-01,1
531,2025-07-01,1
531,2025-08-01,1
531,2025-09-01,1
531,2025-10-01,1
531,2025-11-01,1
531,2025-12-01,1
532,2024-01-01,22
532,2024-02-01,19
532,2024-03-01,17
532,2024-04-01,16
532,2024-05-01,15
532,2024-06-01,14
532,2024-07-01,14
532,2024-08-01,11
532,2024-09-01,10
532,2024-10-01,7
532,2024-11-01,5
532,2024-12-01,3
532,2025-01-01,3
532,2025-02-01,3
532,2025-03-01,1
532,2025-04-01,1
532,2025-05-01,1
532,2025-06-01,1
532,2025-07-01,1
532,2025-08-01,1
532,2025-09-01,1
532,2025-10-01,1
532,2025-11-01,1
532,2025-12-01,1
533,2024-01-01,22
533,2024-02-01,20
533,2024-03-01,20
533,2024-04-01,18
533,2024-05-01,18
533,2024-06-01,17
533,2024-07-01,16
533,2024-08-01,14
533,2024-09-01,13
533,2024-10-01,12
533,2024-11-01,9
533,2024-12-01,9
533,2025-01-01,9
533,2025-02-01,7
533,2025-03-01,7
533,2025-04-01,4
533,2025-05-01,2
533,2025-06-01,1
533,2025-07-01,1
533,2025-08-01,1
533,2025-09-01,1
533,2025-10-01,1
533,2025-11-01,1
533,2025-12-01,1
534,2024-01-01,34
534,2024-02-01,32
534,2024-03-01,32
534,2024-04-01,32
534,2024-05-01,29
534,2024-06-01,27
534,2024-07-01,26
534,2024-08-01,24
534,2024-09-01,23
534,2024-10-01,20
534,2024-11-01,19
534,2024-12-01,16
534,2025-01-01,14
534,2025-02-01,12
534,2025-03-01,11
534,2025-04-01,9
534,2025-05-01,8
534,2025-06-01,6
534,2025-07-01,6
534,2025-08-01,5
534,2025-09-01,2
534,2025-10-01,2
534,2025-11-01,1
534,2025-12-01,1
535,2024-01-01,54
535,2024-02-01,53
535,2024-03-01,50
535,2024-04-01,48
535,2024-05-01,45
535,2024-06-01,42
535,2024-07-01,40
535,2024-08-01,39
535,2024-09-01,36
535,2024-10-01,34
535,2024-11-01,33
535,2024-12-01,31
535,2025-01-01,30
535,2025-02-01,27
535,2025-03-01,27
535,2025-04-01,25
535,2025-05-01,22
535,2025-06-01,20
535,2025-07-01,18
535,2025-08-01,17
535,2025-09-01,15
535,2025-10-01,14
535,2025-11-01,11
535,2025-12-01,9
536,2024-01-01,55
536,2024-02-01,52
536,2024-03-01,50
536,2024-04-01,50
536,2024-05-01,49
536,2024-06-01,49
536,2024-07-01,47
536,2024-08-01,45
536,2024-09-01,42
536,2024-10-01,41
536,2024-11-01,39
536,2024-12-01,37
536,2025-01-01,36
536,2025-02-01,35
536,2025-03-01,32
536,2025-04-01,32
536,2025-05-01,31
536,2025-06-01,29
536,2025-07-01,28
536,2025-08-01,26
536,2025-09-01,23
536,2025-10-01,23
536,2025-11-01,20
536,2025-12-01,19
537,2024-01-01,45
537,2024-02-01,44
537,2024-03-01,43
537,2024-04-01,42
537,2024-05-01,42
537,2024-06-01,40
537,2024-07-01,39
537,2024-08-01,37
537,2024-09-01,37
537,2024-10-01,35
537,2024-11-01,33
537,2024-12-01,33
537,2025-01-01,32
537,2025-02-01,30
537,2025-03-01,27
537,2025-04-01,25
537,2025-05-01,24
537,2025-06-01,21
537,2025-07-01,20
537,2025-08-01,18
537,2025-09-01,18
537,2025-10-01,17
537,2025-11-01,16
537,2025-12-01,16
538,2024-01-01,39
538,2024-02-01,37
538,2024-03-01,35
538,2024-04-01,35
538,2024-05-01,33
538,2024-06-01,31
538,2024-07-01,28
538,2024-08-01,25
538,2024-09-01,22
538,2024-10-01,21
538,2024-11-01,20
538,2024-12-01,17
538,2025-01-01,17
538,2025-02-01,17
538,2025-03-01,14
538,2025-04-01,13
538,2025-05-01,12
538,2025-06-01,12
538,2025-07-01,10
538,2025-08-01,10
538,2025-09-01,8
538,2025-10-01,7
538,2025-11-01,6
538,2025-12-01,3
539,2024-01-01,19
539,2024-02-01,19
539,2024-03-01,16
539,2024-04-01,14
539,2024-05-01,14
539,2024-06-01,14
539,2024-07-01,14
539,2024-08-01,13
539,2024-09-01,13
539,2024-10-01,12
539,2024-11-01,12
539,2024-12-01,12
539,2025-01-01,11
539,2025-02-01,10
539,2025-03-01,8
539,2025-04-01,8
539,2025-05-01,7
539,2025-06-01,5
539,2025-07-01,3
539,2025-08-01,2
539,2025-09-01,2
539,2025-10-01,1
539,2025-11-01,1
539,2025-12-01,1
540,2024-01-01,29
540,2024-02-01,29
540,2024-03-01,26
540,2024-04-01,25
540,2024-05-01,23
540,2024-06-01,20
540,2024-07-01,20
540,2024-08-01,19
540,2024-09-01,16
540,2024-10-01,15
540,2024-11-01,15
540,2024-12-01,14
540,2025-01-01,11
540,2025-02-01,10
540,2025-03-01,8
540,2025-04-01,6
540,2025-05-01,3
540,2025-06-01,2
540,2025-07-01,1
540,2025-08-01,1
540,2025-09-01,1
540,2025-10-01,1
540,2025-11-01,1
540,2025-12-01,1
541,2024-01-01,17
541,2024-02-01,14
541,2024-03-01,13
541,2024-04-01,11
541,2024-05-01,8
541,2024-06-01,6
541,2024-07-01,5
541,2024-08-01,3
541,2024-09-01,2
541,2024-10-01,2
541,2024-11-01,1
541,2024-12-01,1
541,2025-01-01,1
541,2025-02-01,1
541,2025-03-01,1
541,2025-04-01,1
541,2025-05-01,1
541,2025-06-01,1
541,2025-07-01,1
541,2025-08-01,1
541,2025-09-01,1
541,2025-10-01,1
541,2025-11-01,1
541,2025-12-01,1
542,2024-01-01,39
542,2024-02-01,39
542,2024-03-01,37
542,2024-04-01,35
542,2024-05-01,32
542,2024-06-01,31
542,2024-07-01,29
542,2024-08-01,26
542,2024-09-01,25
542,2024-10-01,23
542,2024-11-01,23
542,2024-12-01,21
542,2025-01-01,21
542,2025-02-01,18
542,2025-03-01,15
542,2025-04-01,14
542,2025-05-01,13
542,2025-06-01,12
542,2025-07-01,9
542,2025-08-01,9
542,2025-09-01,8
542,2025-10-01,7
542,2025-11-01,4
542,2025-12-01,4
543,2024-01-01,77
543,2024-02-01,75
543,2024-03-01,73
543,2024-04-01,72
543,2024-05-01,69
543,2024-06-01,68
543,2024-07-01,68
543,2024-08-01,68
543,2024-09-01,67
543,2024-10-01,65
543,2024-11-01,65
543,2024-12-01,65
543,2025-01-01,64
543,2025-02-01,63
543,2025-03-01,60
543,2025-04-01,59
543,2025-05-01,58
543,2025-06-01,58
543,2025-07-01,58
543,2025-08-01,58
543,2025-09-01,56
543,2025-10-01,56
543,2025-11-01,56
543,2025-12-01,55
544,2024-01-01,65
544,2024-02-01,65
544,2024-03-01,65
544,2024-04-01,62
544,2024-05-01,61
544,2024-06-01,61
544,2024-07-01,58
544,2024-08-01,58
544,2024-09-01,56
544,2024-10-01,54
544,2024-11-01,52
544,2024-12-01,50
544,2025-01-01,49
544,2025-02-01,47
544,2025-03-01,44
544,2025-04-01,44
544,2025-05-01,41
544,2025-06-01,39
544,2025-07-01,38
544,2025-08-01,36
544,2025-09-01,34
544,2025-10-01,33
544,2025-11-01,32
544,2025-12-01,31
545,2024-01-01,28
545,2024-02-01,27
545,2024-03-01,27
545,2024-04-01,25
545,2024-05-01,23
545,2024-06-01,22
545,2024-07-01,19
545,2024-08-01,18
545,2024-09-01,18
545,2024-10-01,15
545,2024-11-01,15
545,2024-12-01,12
545,2025-01-01,9
545,2025-02-01,8
545,2025-03-01,8
545,2025-04-01,5
545,2025-05-01,5
545,2025-06-01,4
545,2025-07-01,3
545,2025-08-01,2
545,2025-09-01,1
545,2025-10-01,1
545,2025-11-01,1
545,2025-12-01,1
546,2024-01-01,72
546,2024-02-01,72
546,2024-03-01,71
546,2024-04-01,69
546,2024-05-01,69
546,2024-06-01,66
546,2024-07-01,64
546,2024-08-01,63
546,2024-09-01,61
546,2024-10-01,59
546,2024-11-01,57
546,2024-12-01,57
546,2025-01-01,54
546,2025-02-01,52
546,2025-03-01,49
546,2025-04-01,49
546,2025-05-01,48
546,2025-06-01,47
546,2025-07-01,45
546,2025-08-01,45
546,2025-09-01,44
546,2025-10-01,44
546,2025-11-01,44
546,2025-12-01,42
547,2024-01-01,38
547,2024-02-01,38
547,2024-03-01,36
547,2024-04-01,36
547,2024-05-01,34
547,2024-06-01,31
547,2024-07-01,31
547,2024-08-01,29
547,2024-09-01,29
547,2024-10-01,27
547,2024-11-01,27
547,2024-12-01,26
547,2025-01-01,25
547,2025-02-01,25
547,2025-03-01,24
547,2025-04-01,24
547,2025-05-01,24
547,2025-06-01,21
547,2025-07-01,18
547,2025-08-01,17
547,2025-09-01,14
547,2025-10-01,11
547,2025-11-01,11
547,2025-12-01,9
548,2024-01-01,53
548,2024-02-01,53
548,2024-03-01,52
548,2024-04-01,50
548,2024-05-01,47
548,2024-06-01,44
548,2024-07-01,44
548,2024-08-01,44
548,2024-09-01,44
548,2024-10-01,44
548,2024-11-01,41
548,2024-12-01,41
548,2025-01-01,38
548,2025-02-01,38
548,2025-03-01,36
548,2025-04-01,34
548,2025-05-01,34
548,2025-06-01,34
548,2025-07-01,33
548,2025-08-01,31
548,2025-09-01,28
548,2025-10-01,26
548,2025-11-01,23
548,2025-12-01,23
549,2024-01-01,48
549,2024-02-01,47
549,2024-03-01,46
549,2024-04-01,44
549,2024-05-01,42
549,2024-06-01,40
549,2024-07-01,37
549,2024-08-01,37
549,2024-09-01,36
549,2024-10-01,36
549,2024-11-01,35
549,2024-12-01,34
549,2025-01-01,33
549,2025-02-01,31
549,2025-03-01,30
549,2025-04-01,30
549,2025-05-01,29
549,2025-06-01,29
549,2025-07-01,28
549,2025-08-01,27
549,2025-09-01,25
549,2025-10-01,25
549,2025-11-01,24
549,2025-12-01,23
550,2024-01-01,19
550,2024-02-01,16
550,2024-03-01,14
550,2024-04-01,14
550,2024-05-01,12
550,2024-06-01,9
550,2024-07-01,6
550,2024-08-01,3
550,2024-09-01,3
550,2024-10-01,1
550,2024-11-01,1
550,2024-12-01,1
550,2025-01-01,1
550,2025-02-01,1
550,2025-03-01,1
550,2025-04-01,1
550,2025-05-01,1
550,2025-06-01,1
550,2025-07-01,1
550,2025-08-01,1
550,2025-09-01,1
550,2025-10-01,1
550,2025-11-01,1
550,2025-12-01,1
551,2024-01-01,76
551,2024-02-01,75
551,2024-03-01,74
551,2024-04-01,73
551,2024-05-01,73
551,2024-06-01,73
551,2024-07-01,72
551,2024-08-01,69
551,2024-09-01,66
551,2024-10-01,65
551,2024-11-01,63
551,2024-12-01,60
551,2025-01-01,57
551,2025-02-01,56
551,2025-03-01,53
551,2025-04-01,53
551,2025-05-01,53
551,2025-06-01,50
551,2025-07-01,50
551,2025-08-01,48
551,2025-09-01,45
551,2025-10-01,44
551,2025-11-01,44
551,2025-12-01,42
552,2024-01-01,58
552,2024-02-01,56
552,2024-03-01,53
552,2024-04-01,51
552,2024-05-01,51
552,2024-06-01,49
552,2024-07-01,49
552,2024-08-01,49
552,2024-09-01,47
552,2024-10-01,47
552,2024-11-01,47
552,2024-12-01,46
552,2025-01-01,43
552,2025-02-01,43
552,2025-03-01,40
552,2025-04-01,39
552,2025-05-01,38
552,2025-06-01,37
552,2025-07-01,36
552,2025-08-01,33
552,2025-09-01,31
552,2025-10-01,29
552,2025-11-01,26
552,2025-12-01,26
553,2024-01-01,31
553,2024-02-01,31
553,2024-03-01,29
553,2024-04-01,28
553,2024-05-01,26
553,2024-06-01,24
553,2024-07-01,21
553,2024-08-01,18
553,2024-09-01,18
553,2024-10-01,15
553,2024-11-01,15
553,2024-12-01,15
553,2025-01-01,14
553,2025-02-01,13
553,2025-03-01,11
553,2025-04-01,10
553,2025-05-01,10
553,2025-06-01,7
553,2025-07-01,6
553,2025-08-01,5
553,2025-09-01,4
553,2025-10-01,3
553,2025-11-01,3
553,2025-12-01,3
554,2024-01-01,47
554,2024-02-01,45
554,2024-03-01,43
554,2024-04-01,42
554,2024-05-01,39
554,2024-06-01,38
554,2024-07-01,38
554,2024-08-01,36
554,2024-09-01,33
554,2024-10-01,33
554,2024-11-01,31
554,2024-12-01,28
554,2025-01-01,26
554,2025-02-01,23
554,2025-03-01,21
554,2025-04-01,20
554,2025-05-01,18
554,2025-06-01,16
554,2025-07-01,13
554,2025-08-01,10
554,2025-09-01,9
554,2025-10-01,6
554,2025-11-01,4
554,2025-12-01,1
555,2024-01-01,20
555,2024-02-01,19
555,2024-03-01,18
555,2024-04-01,18
555,2024-05-01,17
555,2024-06-01,16
555,2024-07-01,15
555,2024-08-01,13
555,2024-09-01,13
555,2024-10-01,11
555,2024-11-01,10
555,2024-12-01,9
555,2025-01-01,9
555,2025-02-01,9
555,2025-03-01,6
555,2025-04-01,5
555,2025-05-01,4
555,2025-06-01,2
555,2025-07-01,1
555,2025-08-01,1
555,2025-09-01,1
555,2025-10-01,1
555,2025-11-01,1
555,2025-12-01,1
556,2024-01-01,68
556,2024-02-01,65
556,2024-03-01,62
556,2024-04-01,62
556,2024-05-01,59
556,2024-06-01,57
556,2024-07-01,54
556,2024-08-01,53
556,2024-09-01,51
556,2024-10-01,49
556,2024-11-01,47
556,2024-12-01,46
556,2025-01-01,44
556,2025-02-01,41
556,2025-03-01,40
556,2025-04-01,38
556,2025-05-01,35
556,2025-06-01,32
556,2025-07-01,32
556,2025-08-01,29
556,2025-09-01,26
556,2025-10-01,26
556,2025-11-01,26
556,2025-12-01,25
557,2024-01-01,26
557,2024-02-01,25
557,2024-03-01,23
557,2024-04-01,22
557,2024-05-01,21
557,2024-06-01,20
557,2024-07-01,19
557,2024-08-01,19
557,2024-09-01,16
557,2024-10-01,14
557,2024-11-01,14
557,2024-12-01,12
557,2025-01-01,10
557,2025-02-01,10
557,2025-03-01,9
557,2025-04-01,9
557,2025-05-01,7
557,2025-06-01,5
557,2025-07-01,4
557,2025-08-01,4
557,2025-09-01,1
557,2025-10-01,1
557,2025-11-01,1
557,2025-12-01,1
558,2024-01-01,38
558,2024-02-01,36
558,2024-03-01,33
558,2024-04-01,30
558,2024-05-01,27
558,2024-06-01,24
558,2024-07-01,23
558,2024-08-01,21
558,2024-09-01,18
558,2024-10-01,16
558,2024-11-01,15
558,2024-12-01,14
558,2025-01-01,14
558,2025-02-01,14
558,2025-03-01,12
558,2025-04-01,12
558,2025-05-01,9
558,2025-06-01,7
558,2025-07-01,6
558,2025-08-01,5
558,2025-09-01,2
558,2025-10-01,2
558,2025-11-01,1
558,2025-12-01,1
559,2024-01-01,47
559,2024-02-01,45
559,2024-03-01,42
559,2024-04-01,40
559,2024-05-01,39
559,2024-06-01,37
559,2024-07-01,35
559,2024-08-01,33
559,2024-09-01,33
559,2024-10-01,33
559,2024-11-01,30
559,2024-12-01,30
559,2025-01-01,28
559,2025-02-01,26
559,2025-03-01,26
559,2025-04-01,26
559,2025-05-01,24
559,2025-06-01,22
559,2025-07-01,21
559,2025-08-01,18
559,2025-09-01,18
559,2025-10-01,15
559,2025-11-01,13
559,2025-12-01,10
560,2024-01-01,56
560,2024-02-01,53
560,2024-03-01,53
560,2024-04-01,52
560,2024-05-01,50
560,2024-06-01,48
560,2024-07-01,48
560,2024-08-01,46
560,2024-09-01,45
560,2024-10-01,45
560,2024-11-01,44
560,2024-12-01,43
560,2025-01-01,41
560,2025-02-01,39
560,2025-03-01,36
560,2025-04-01,35
560,2025-05-01,33
560,2025-06-01,32
560,2025-07-01,29
560,2025-08-01,28
560,2025-09-01,28
560,2025-10-01,25
560,2025-11-01,22
560,2025-12-01,21
561,2024-01-01,47
561,2024-02-01,47
561,2024-03-01,44
561,2024-04-01,41
561,2024-05-01,38
561,2024-06-01,36
561,2024-07-01,36
561,2024-08-01,33
561,2024-09-01,30
561,2024-10-01,28
561,2024-11-01,27
561,2024-12-01,24
561,2025-01-01,24
561,2025-02-01,24
561,2025-03-01,24
561,2025-04-01,24
561,2025-05-01,22
561,2025-06-01,19
561,2025-07-01,17
561,2025-08-01,17
561,2025-09-01,17
561,2025-10-01,17
561,2025-11-01,15
561,2025-12-01,15
562,2024-01-01,23
562,2024-02-01,20
562,2024-03-01,17
562,2024-04-01,17
562,2024-05-01,15
562,2024-06-01,14
562,2024-07-01,13
562,2024-08-01,10
562,2024-09-01,8
562,2024-10-01,7
562,2024-11-01,7
562,2024-12-01,7
562,2025-01-01,4
562,2025-02-01,2
562,2025-03-01,1
562,2025-04-01,1
562,2025-05-01,1
562,2025-06-01,1
562,2025-07-01,1
562,2025-08-01,1
562,2025-09-01,1
562,2025-10-01,1
562,2025-11-01,1
562,2025-12-01,1
563,2024-01-01,65
563,2024-02-01,65
563,2024-03-01,65
563,2024-04-01,62
563,2024-05-01,59
563,2024-06-01,56
563,2024-07-01,53
563,2024-08-01,50
563,2024-09-01,50
563,2024-10-01,49
563,2024-11-01,47
563,2024-12-01,45
563,2025-01-01,45
563,2025-02-01,45
563,2025-03-01,44
563,2025-04-01,41
563,2025-05-01,41
563,2025-06-01,39
563,2025-07-01,36
563,2025-08-01,36
563,2025-09-01,33
563,2025-10-01,31
563,2025-11-01,28
563,2025-12-01,28
564,2024-01-01,22
564,2024-02-01,21
564,2024-03-01,20
564,2024-04-01,17
564,2024-05-01,17
564,2024-06-01,17
564,2024-07-01,15
564,2024-08-01,13
564,2024-09-01,13
564,2024-10-01,11
564,2024-11-01,10
564,2024-12-01,9
564,2025-01-01,6
564,2025-02-01,4
564,2025-03-01,1
564,2025-04-01,1
564,2025-05-01,1
564,2025-06-01,1
564,2025-07-01,1
564,2025-08-01,1
564,2025-09-01,1
564,2025-10-01,1
564,2025-11-01,1
564,2025-12-01,1
565,2024-01-01,29
565,2024-02-01,27
565,2024-03-01,24
565,2024-04-01,21
565,2024-05-01,20
565,2024-06-01,18
565,2024-07-01,15
565,2024-08-01,14
565,2024-09-01,14
565,2024-10-01,12
565,2024-11-01,9
565,2024-12-01,7
565,2025-01-01,6
565,2025-02-01,3
565,2025-03-01,3
565,2025-04-01,3
565,2025-05-01,2
565,2025-06-01,2
565,2025-07-01,2
565,2025-08-01,2
565,2025-09-01,2
565,2025-10-01,2
565,2025-11-01,2
565,2025-12-01,2
566,2024-01-01,43
566,2024-02-01,40
566,2024-03-01,38
566,2024-04-01,37
566,2024-05-01,37
566,2024-06-01,36
566,2024-07-01,36
566,2024-08-01,33
566,2024-09-01,33
566,2024-10-01,31
566,2024-11-01,30
566,2024-12-01,29
566,2025-01-01,27
566,2025-02-01,24
566,2025-03-01,21
566,2025-04-01,19
566,2025-05-01,18
566,2025-06-01,18
566,2025-07-01,15
566,2025-08-01,15
566,2025-09-01,14
566,2025-10-01,14
566,2025-11-01,12
566,2025-12-01,9
567,2024-01-01,65
567,2024-02-01,63
567,2024-03-01,60
567,2024-04-01,57
567,2024-05-01,54
567,2024-06-01,53
567,2024-07-01,52
567,2024-08-01,51
567,2024-09-01,51
567,2024-10-01,50
567,2024-11-01,47
567,2024-12-01,46
567,2025-01-01,43
567,2025-02-01,41
567,2025-03-01,41
567,2025-04-01,41
567,2025-05-01,39
567,2025-06-01,36
567,2025-07-01,36
567,2025-08-01,35
567,2025-09-01,32
567,2025-10-01,32
567,2025-11-01,30
567,2025-12-01,27
568,2024-01-01,54
568,2024-02-01,51
568,2024-03-01,50
568,2024-04-01,47
568,2024-05-01,46
568,2024-06-01,43
568,2024-07-01,41
568,2024-08-01,40
568,2024-09-01,39
568,2024-10-01,36
568,2024-11-01,36
568,2024-12-01,35
568,2025-01-01,32
568,2025-02-01,30
568,2025-03-01,27
568,2025-04-01,24
568,2025-05-01,23
568,2025-06-01,23
568,2025-07-01,21
568,2025-08-01,20
568,2025-09-01,19
568,2025-10-01,18
568,2025-11-01,16
568,2025-12-01,16
569,2024-01-01,64
569,2024-02-01,64
569,2024-03-01,62
569,2024-04-01,59
569,2024-05-01,57
569,2024-06-01,56
569,2024-07-01,54
569,2024-08-01,53
569,2024-09-01,51
569,2024-10-01,50
569,2024-11-01,49
569,2024-12-01,48
569,2025-01-01,48
569,2025-02-01,46
569,2025-03-01,44
569,2025-04-01,41
569,2025-05-01,38
569,2025-06-01,35
569,2025-07-01,33
569,2025-08-01,33
569,2025-09-01,32
569,2025-10-01,30
569,2025-11-01,30
569,2025-12-01,30
570,2024-01-01,49
570,2024-02-01,49
570,2024-03-01,47
570,2024-04-01,46
570,2024-05-01,43
570,2024-06-01,43
570,2024-07-01,43
570,2024-08-01,41
570,2024-09-01,39
570,2024-10-01,38
570,2024-11-01,35
570,2024-12-01,32
570,2025-01-01,30
570,2025-02-01,28
570,2025-03-01,27
570,2025-04-01,25
570,2025-05-01,24
570,2025-06-01,23
570,2025-07-01,20
570,2025-08-01,19
570,2025-09-01,16
570,2025-10-01,13
570,2025-11-01,10
570,2025-12-01,8
571,2024-01-01,74
571,2024-02-01,72
571,2024-03-01,71
571,2024-04-01,69
571,2024-05-01,68
571,2024-06-01,68
571,2024-07-01,68
571,2024-08-01,68
571,2024-09-01,67
571,2024-10-01,65
571,2024-11-01,62
571,2024-12-01,59
571,2025-01-01,58
571,2025-02-01,57
571,2025-03-01,56
571,2025-04-01,55
571,2025-05-01,52
571,2025-06-01,50
571,2025-07-01,47
571,2025-08-01,46
571,2025-09-01,46
571,2025-10-01,43
571,2025-11-01,43
571,2025-12-01,43
572,2024-01-01,30
572,2024-02-01,28
572,2024-03-01,25
572,2024-04-01,23
572,2024-05-01,21
572,2024-06-01,20
572,2024-07-01,18
572,2024-08-01,15
572,2024-09-01,12
572,2024-10-01,12
572,2024-11-01,10
572,2024-12-01,9
572,2025-01-01,8
572,2025-02-01,5
572,2025-03-01,3
572,2025-04-01,2
572,2025-05-01,1
572,2025-06-01,1
572,2025-07-01,1
572,2025-08-01,1
572,2025-09-01,1
572,2025-10-01,1
572,2025-11-01,1
572,2025-12-01,1
573,2024-01-01,41
573,2024-02-01,40
573,2024-03-01,40
573,2024-04-01,40
573,2024-05-01,38
573,2024-06-01,38
573,2024-07-01,36
573,2024-08-01,34
573,2024-09-01,32
573,2024-10-01,31
573,2024-11-01,29
573,2024-12-01,29
573,2025-01-01,26
573,2025-02-01,25
573,2025-03-01,25
573,2025-04-01,23
573,2025-05-01,21
573,2025-06-01,18
573,2025-07-01,18
573,2025-08-01,17
573,2025-09-01,17
573,2025-10-01,15
573,2025-11-01,14
573,2025-12-01,12
574,2024-01-01,78
574,2024-02-01,75
574,2024-03-01,73
574,2024-04-01,73
574,2024-05-01,72
574,2024-06-01,69
574,2024-07-01,67
574,2024-08-01,65
574,2024-09-01,64
574,2024-10-01,64
574,2024-11-01,62
574,2024-12-01,61
574,2025-01-01,59
574,2025-02-01,59
574,2025-03-01,56
574,2025-04-01,56
574,2025-05-01,56
574,2025-06-01,56
574,2025-07-01,55
574,2025-08-01,53
574,2025-09-01,50
574,2025-10-01,49
574,2025-11-01,49
574,2025-12-01,46
575,2024-01-01,40
575,2024-02-01,40
575,2024-03-01,37
575,2024-04-01,35
575,2024-05-01,35
575,2024-06-01,33
575,2024-07-01,30
575,2024-08-01,27
575,2024-09-01,27
575,2024-10-01,25
575,2024-11-01,23
575,2024-12-01,23
575,2025-01-01,22
575,2025-02-01,21
575,2025-03-01,18
575,2025-04-01,15
575,2025-05-01,14
575,2025-06-01,13
575,2025-07-01,12
575,2025-08-01,12
575,2025-09-01,12
575,2025-10-01,12
575,2025-11-01,12
575,2025-12-01,12
576,2024-01-01,29
576,2024-02-01,27
576,2024-03-01,24
576,2024-04-01,22
576,2024-05-01,19
576,2024-06-01,16
576,2024-07-01,16
576,2024-08-01,16
576,2024-09-01,14
576,2024-10-01,12
576,2024-11-01,12
576,2024-12-01,9
576,2025-01-01,7
576,2025-02-01,6
576,2025-03-01,5
576,2025-04-01,4
576,2025-05-01,2
576,2025-06-01,2
576,2025-07-01,2
576,2025-08-01,2
576,2025-09-01,1
576,2025-10-01,1
576,2025-11-01,1
576,2025-12-01,1
577,2024-01-01,52
577,2024-02-01,52
577,2024-03-01,50
577,2024-04-01,50
577,2024-05-01,50
577,2024-06-01,48
577,2024-07-01,46
577,2024-08-01,43
577,2024-09-01,42
577,2024-10-01,39
577,2024-11-01,38
577,2024-12-01,37
577,2025-01-01,36
577,2025-02-01,36
577,2025-03-01,36
577,2025-04-01,34
577,2025-05-01,33
577,2025-06-01,32
577,2025-07-01,31
577,2025-08-01,31
577,2025-09-01,29
577,2025-10-01,29
577,2025-11-01,26
577,2025-12-01,23
578,2024-01-01,25
578,2024-02-01,22
578,2024-03-01,20
578,2024-04-01,20
578,2024-05-01,20
578,2024-06-01,18
578,2024-07-01,18
578,2024-08-01,18
578,2024-09-01,16
578,2024-10-01,13
578,2024-11-01,11
578,2024-12-01,10
578,2025-01-01,10
578,2025-02-01,8
578,2025-03-01,8
578,2025-04-01,5
578,2025-05-01,5
578,2025-06-01,3
578,2025-07-01,1
578,2025-08-01,1
578,2025-09-01,1
578,2025-10-01,1
578,2025-11-01,1
578,2025-12-01,1
579,2024-01-01,51
579,2024-02-01,48
579,2024-03-01,47
579,2024-04-01,44
579,2024-05-01,42
579,2024-06-01,39
579,2024-07-01,39
579,2024-08-01,37
579,2024-09-01,37
579,2024-10-01,34
579,2024-11-01,32
579,2024-12-01,31
579,2025-01-01,29
579,2025-02-01,29
579,2025-03-01,27
579,2025-04-01,26
579,2025-05-01,25
579,2025-06-01,24
579,2025-07-01,23
579,2025-08-01,23
579,2025-09-01,21
579,2025-10-01,18
579,2025-11-01,17
579,2025-12-01,14
580,2024-01-01,33
580,2024-02-01,30
580,2024-03-01,27
580,2024-04-01,27
580,2024-05-01,24
580,2024-06-01,22
580,2024-07-01,19
580,2024-08-01,17
580,2024-09-01,16
580,2024-10-01,13
580,2024-11-01,10
580,2024-12-01,7
580,2025-01-01,6
580,2025-02-01,6
580,2025-03-01,3
580,2025-04-01,1
580,2025-05-01,1
580,2025-06-01,1
580,2025-07-01,1
580,2025-08-01,1
580,2025-09-01,1
580,2025-10-01,1
580,2025-11-01,1
580,2025-12-01,1
581,2024-01-01,60
581,2024-02-01,57
581,2024-03-01,56
581,2024-04-01,53
581,2024-05-01,52
581,2024-06-01,52
581,2024-07-01,49
581,2024-08-01,48
581,2024-09-01,48
581,2024-10-01,48
581,2024-11-01,45
581,2024-12-01,44
581,2025-01-01,44
581,2025-02-01,41
581,2025-03-01,41
581,2025-04-01,39
581,2025-05-01,36
581,2025-06-01,36
581,2025-07-01,33
581,2025-08-01,30
581,2025-09-01,29
581,2025-10-01,28
581,2025-11-01,28
581,2025-12-01,25
582,2024-01-01,73
582,2024-02-01,70
582,2024-03-01,69
582,2024-04-01,66
582,2024-05-01,65
582,2024-06-01,63
582,2024-07-01,63
582,2024-08-01,62
582,2024-09-01,62
582,2024-10-01,62
582,2024-11-01,62
582,2024-12-01,62
582,2025-01-01,61
582,2025-02-01,59
582,2025-03-01,56
582,2025-04-01,55
582,2025-05-01,53
582,2025-06-01,50
582,2025-07-01,50
582,2025-08-01,47
582,2025-09-01,44
582,2025-10-01,42
582,2025-11-01,39
582,2025-12-01,39
583,2024-01-01,48
583,2024-02-01,46
583,2024-03-01,46
583,2024-04-01,46
583,2024-05-01,43
583,2024-06-01,41
583,2024-07-01,41
583,2024-08-01,41
583,2024-09-01,41
583,2024-10-01,40
583,2024-11-01,39
583,2024-12-01,38
583,2025-01-01,35
583,2025-02-01,32
583,2025-03-01,29
583,2025-04-01,29
583,2025-05-01,28
583,2025-06-01,28
583,2025-07-01,28
583,2025-08-01,26
583,2025-09-01,26
583,2025-10-01,23
583,2025-11-01,22
583,2025-12-01,21
584,2024-01-01,61
584,2024-02-01,58
584,2024-03-01,55
584,2024-04-01,54
584,2024-05-01,51
584,2024-06-01,48
584,2024-07-01,48
584,2024-08-01,46
584,2024-09-01,43
584,2024-10-01,43
584,2024-11-01,43
584,2024-12-01,40
584,2025-01-01,38
584,2025-02-01,37
584,2025-03-01,35
584,2025-04-01,32
584,2025-05-01,30
584,2025-06-01,30
584,2025-07-01,30
584,2025-08-01,28
584,2025-09-01,27
584,2025-10-01,25
584,2025-11-01,22
584,2025-12-01,21
585,2024-01-01,68
585,2024-02-01,67
585,2024-03-01,65
585,2024-04-01,62
585,2024-05-01,62
585,2024-06-01,59
585,2024-07-01,57
585,2024-08-01,57
585,2024-09-01,56
585,2024-10-01,53
585,2024-11-01,52
585,2024-12-01,52
585,2025-01-01,50
585,2025-02-01,50
585,2025-03-01,50
585,2025-04-01,49
585,2025-05-01,46
585,2025-06-01,46
585,2025-07-01,44
585,2025-08-01,44
585,2025-09-01,43
585,2025-10-01,40
585,2025-11-01,38
585,2025-12-01,37
586,2024-01-01,76
586,2024-02-01,73
586,2024-03-01,72
586,2024-04-01,71
586,2024-05-01,68
586,2024-06-01,66
586,2024-07-01,65
586,2024-08-01,62
586,2024-09-01,61
586,2024-10-01,58
586,2024-11-01,58
586,2024-12-01,58
586,2025-01-01,57
586,2025-02-01,56
586,2025-03-01,56
586,2025-04-01,54
586,2025-05-01,51
586,2025-06-01,49
586,2025-07-01,47
586,2025-08-01,45
586,2025-09-01,45
586,2025-10-01,44
586,2025-11-01,42
586,2025-12-01,42
587,2024-01-01,22
587,2024-02-01,19
587,2024-03-01,17
587,2024-04-01,16
587,2024-05-01,14
587,2024-06-01,13
587,2024-07-01,11
587,2024-08-01,8
587,2024-09-01,5
587,2024-10-01,3
587,2024-11-01,2
587,2024-12-01,1
587,2025-01-01,1
587,2025-02-01,1
587,2025-03-01,1
587,2025-04-01,1
587,2025-05-01,1
587,2025-06-01,1
587,2025-07-01,1
587,2025-08-01,1
587,2025-09-01,1
587,2025-10-01,1
587,2025-11-01,1
587,2025-12-01,1
588,2024-01-01,26
588,2024-02-01,23
588,2024-03-01,21
588,2024-04-01,19
588,2024-05-01,19
588,2024-06-01,16
588,2024-07-01,14
588,2024-08-01,13
588,2024-09-01,10
588,2024-10-01,10
588,2024-11-01,9
588,2024-12-01,8
588,2025-01-01,7
588,2025-02-01,5
588,2025-03-01,4
588,2025-04-01,2
588,2025-05-01,1
588,2025-06-01,1
588,2025-07-01,1
588,2025-08-01,1
588,2025-09-01,1
588,2025-10-01,1
588,2025-11-01,1
588,2025-12-01,1
589,2024-01-01,23
589,2024-02-01,22
589,2024-03-01,20
589,2024-04-01,19
589,2024-05-01,17
589,2024-06-01,15
589,2024-07-01,15
589,2024-08-01,14
589,2024-09-01,13
589,2024-10-01,13
589,2024-11-01,11
589,2024-12-01,9
589,2025-01-01,9
589,2025-02-01,9
589,2025-03-01,6
589,2025-04-01,4
589,2025-05-01,1
589,2025-06-01,1
589,2025-07-01,1
589,2025-08-01,1
589,2025-09-01,1
589,2025-10-01,1
589,2025-11-01,1
589,2025-12-01,1
590,2024-01-01,60
590,2024-02-01,60
590,2024-03-01,60
590,2024-04-01,58
590,2024-05-01,56
590,2024-06-01,56
590,2024-07-01,54
590,2024-08-01,53
590,2024-09-01,52
590,2024-10-01,52
590,2024-11-01,49
590,2024-12-01,48
590,2025-01-01,47
590,2025-02-01,44
590,2025-03-01,42
590,2025-04-01,39
590,2025-05-01,37
590,2025-06-01,35
590,2025-07-01,32
590,2025-08-01,30
590,2025-09-01,29
590,2025-10-01,29
590,2025-11-01,27
590,2025-12-01,26
591,2024-01-01,77
591,2024-02-01,76
591,2024-03-01,74
591,2024-04-01,71
591,2024-05-01,71
591,2024-06-01,69
591,2024-07-01,69
591,2024-08-01,67
591,2024-09-01,65
591,2024-10-01,62
591,2024-11-01,60
591,2024-12-01,59
591,2025-01-01,58
591,2025-02-01,58
591,2025-03-01,58
591,2025-04-01,57
591,2025-05-01,57
591,2025-06-01,57
591,2025-07-01,56
591,2025-08-01,55
591,2025-09-01,54
591,2025-10-01,51
591,2025-11-01,48
591,2025-12-01,47
592,2024-01-01,25
592,2024-02-01,22
592,2024-03-01,22
592,2024-04-01,20
592,2024-05-01,18
592,2024-06-01,18
592,2024-07-01,16
592,2024-08-01,16
592,2024-09-01,13
592,2024-10-01,11
592,2024-11-01,9
592,2024-12-01,9
592,2025-01-01,9
592,2025-02-01,6
592,2025-03-01,6
592,2025-04-01,6
592,2025-05-01,3
592,2025-06-01,2
592,2025-07-01,1
592,2025-08-01,1
592,2025-09-01,1
592,2025-10-01,1
592,2025-11-01,1
592,2025-12-01,1
593,2024-01-01,45
593,2024-02-01,43
593,2024-03-01,43
593,2024-04-01,43
593,2024-05-01,43
593,2024-06-01,43
593,2024-07-01,40
593,2024-08-01,37
593,2024-09-01,34
593,2024-10-01,31
593,2024-11-01,29
593,2024-12-01,26
593,2025-01-01,23
593,2025-02-01,23
593,2025-03-01,21
593,2025-04-01,21
593,2025-05-01,19
593,2025-06-01,18
593,2025-07-01,16
593,2025-08-01,14
593,2025-09-01,14
593,2025-10-01,12
593,2025-11-01,10
593,2025-12-01,10
594,2024-01-01,40
594,2024-02-01,39
594,2024-03-01,37
594,2024-04-01,37
594,2024-05-01,36
594,2024-06-01,35
594,2024-07-01,34
594,2024-08-01,33
594,2024-09-01,33
594,2024-10-01,32
594,2024-11-01,30
594,2024-12-01,28
594,2025-01-01,28
594,2025-02-01,25
594,2025-03-01,24
594,2025-04-01,23
594,2025-05-01,21
594,2025-06-01,21
594,2025-07-01,18
594,2025-08-01,16
594,2025-09-01,13
594,2025-10-01,13
594,2025-11-01,13
594,2025-12-01,13
595,2024-01-01,34
595,2024-02-01,32
595,2024-03-01,30
595,2024-04-01,29
595,2024-05-01,27
595,2024-06-01,25
595,2024-07-01,24
595,2024-08-01,21
595,2024-09-01,20
595,2024-10-01,19
595,2024-11-01,19
595,2024-12-01,19
595,2025-01-01,18
595,2025-02-01,18
595,2025-03-01,17
595,2025-04-01,17
595,2025-05-01,15
595,2025-06-01,15
595,2025-07-01,15
595,2025-08-01,13
595,2025-09-01,12
595,2025-10-01,12
595,2025-11-01,12
595,2025-12-01,10
596,2024-01-01,44
596,2024-02-01,41
596,2024-03-01,39
596,2024-04-01,38
596,2024-05-01,38
596,2024-06-01,38
596,2024-07-01,35
596,2024-08-01,35
596,2024-09-01,35
596,2024-10-01,34
596,2024-11-01,34
596,2024-12-01,33
596,2025-01-01,30
596,2025-02-01,29
596,2025-03-01,27
596,2025-04-01,25
596,2025-05-01,22
596,2025-06-01,22
596,2025-07-01,21
596,2025-08-01,19
596,2025-09-01,18
596,2025-10-01,16
596,2025-11-01,15
596,2025-12-01,15
597,2024-01-01,59
597,2024-02-01,58
597,2024-03-01,56
597,2024-04-01,54
597,2024-05-01,51
597,2024-06-01,51
597,2024-07-01,51
597,2024-08-01,51
597,2024-09-01,49
597,2024-10-01,46
597,2024-11-01,44
597,2024-12-01,44
597,2025-01-01,43
597,2025-02-01,41
597,2025-03-01,38
597,2025-04-01,38
597,2025-05-01,37
597,2025-06-01,35
597,2025-07-01,34
597,2025-08-01,33
597,2025-09-01,30
597,2025-10-01,28
597,2025-11-01,25
597,2025-12-01,25
598,2024-01-01,62
598,2024-02-01,59
598,2024-03-01,59
598,2024-04-01,57
598,2024-05-01,54
598,2024-06-01,53
598,2024-07-01,52
598,2024-08-01,51
598,2024-09-01,50
598,2024-10-01,47
598,2024-11-01,46
598,2024-12-01,43
598,2025-01-01,41
598,2025-02-01,40
598,2025-03-01,38
598,2025-04-01,35
598,2025-05-01,35
598,2025-06-01,33
598,2025-07-01,32
598,2025-08-01,32
598,2025-09-01,30
598,2025-10-01,27
598,2025-11-01,24
598,2025-12-01,21
599,2024-01-01,19
599,2024-02-01,17
599,2024-03-01,16
599,2024-04-01,15
599,2024-05-01,13
599,2024-06-01,11
599,2024-07-01,11
599,2024-08-01,8
599,2024-09-01,7
599,2024-10-01,6
599,2024-11-01,6
599,2024-12-01,4
599,2025-01-01,2
599,2025-02-01,2
599,2025-03-01,1
599,2025-04-01,1
599,2025-05-01,1
599,2025-06-01,1
599,2025-07-01,1
599,2025-08-01,1
599,2025-09-01,1
599,2025-10-01,1
599,2025-11-01,1
599,2025-12-01,1
600,2024-01-01,49
600,2024-02-01,46
600,2024-03-01,43
600,2024-04-01,42
600,2024-05-01,42
600,2024-06-01,40
600,2024-07-01,38
600,2024-08-01,36
600,2024-09-01,33
600,2024-10-01,33
600,2024-11-01,31
600,2024-12-01,29
600,2025-01-01,27
600,2025-02-01,26
600,2025-03-01,24
600,2025-04-01,23
600,2025-05-01,21
600,2025-06-01,19
600,2025-07-01,17
600,2025-08-01,16
600,2025-09-01,14
600,2025-10-01,14
600,2025-11-01,12
600,2025-12-01,11
601,2024-01-01,41
601,2024-02-01,38
601,2024-03-01,38
601,2024-04-01,38
601,2024-05-01,37
601,2024-06-01,35
601,2024-07-01,33
601,2024-08-01,30
601,2024-09-01,27
601,2024-10-01,24
601,2024-11-01,21
601,2024-12-01,21
601,2025-01-01,21
601,2025-02-01,19
601,2025-03-01,19
601,2025-04-01,17
601,2025-05-01,15
601,2025-06-01,13
601,2025-07-01,11
601,2025-08-01,10
601,2025-09-01,8
601,2025-10-01,8
601,2025-11-01,8
601,2025-12-01,8
602,2024-01-01,51
602,2024-02-01,48
602,2024-03-01,45
602,2024-04-01,43
602,2024-05-01,41
602,2024-06-01,41
602,2024-07-01,41
602,2024-08-01,38
602,2024-09-01,35
602,2024-10-01,35
602,2024-11-01,33
602,2024-12-01,32
602,2025-01-01,31
602,2025-02-01,28
602,2025-03-01,25
602,2025-04-01,22
602,2025-05-01,21
602,2025-06-01,20
602,2025-07-01,20
602,2025-08-01,18
602,2025-09-01,15
602,2025-10-01,15
602,2025-11-01,14
602,2025-12-01,14
603,2024-01-01,75
603,2024-02-01,74
603,2024-03-01,74
603,2024-04-01,72
603,2024-05-01,71
603,2024-06-01,68
603,2024-07-01,67
603,2024-08-01,65
603,2024-09-01,65
603,2024-10-01,63
603,2024-11-01,63
603,2024-12-01,62
603,2025-01-01,61
603,2025-02-01,59
603,2025-03-01,56
603,2025-04-01,55
603,2025-05-01,52
603,2025-06-01,49
603,2025-07-01,47
603,2025-08-01,46
603,2025-09-01,43
603,2025-10-01,42
603,2025-11-01,42
603,2025-12-01,39
604,2024-01-01,20
604,2024-02-01,17
604,2024-03-01,16
604,2024-04-01,16
604,2024-05-01,16
604,2024-06-01,14
604,2024-07-01,12
604,2024-08-01,11
604,2024-09-01,9
604,2024-10-01,8
604,2024-11-01,5
604,2024-12-01,5
604,2025-01-01,2
604,2025-02-01,1
604,2025-03-01,1
604,2025-04-01,1
604,2025-05-01,1
604,2025-06-01,1
604,2025-07-01,1
604,2025-08-01,1
604,2025-09-01,1
604,2025-10-01,1
604,2025-11-01,1
604,2025-12-01,1
605,2024-01-01,41
605,2024-02-01,38
605,2024-03-01,38
605,2024-04-01,37
605,2024-05-01,34
605,2024-06-01,33
605,2024-07-01,33
605,2024-08-01,32
605,2024-09-01,31
605,2024-10-01,29
605,2024-11-01,27
605,2024-12-01,24
605,2025-01-01,22
605,2025-02-01,20
605,2025-03-01,18
605,2025-04-01,17
605,2025-05-01,16
605,2025-06-01,14
605,2025-07-01,14
605,2025-08-01,12
605,2025-09-01,12
605,2025-10-01,11
605,2025-11-01,11
605,2025-12-01,10
606,2024-01-01,71
606,2024-02-01,70
606,2024-03-01,68
606,2024-04-01,65
606,2024-05-01,62
606,2024-06-01,61
606,2024-07-01,59
606,2024-08-01,56
606,2024-09-01,53
606,2024-10-01,51
606,2024-11-01,49
606,2024-12-01,46
606,2025-01-01,43
606,2025-02-01,43
606,2025-03-01,43
606,2025-04-01,42
606,2025-05-01,39
606,2025-06-01,37
606,2025-07-01,35
606,2025-08-01,32
606,2025-09-01,31
606,2025-10-01,29
606,2025-11-01,26
606,2025-12-01,23
607,2024-01-01,38
607,2024-02-01,36
607,2024-03-01,36
607,2024-04-01,35
607,2024-05-01,32
607,2024-06-01,31
607,2024-07-01,28
607,2024-08-01,28
607,2024-09-01,27
607,2024-10-01,24
607,2024-11-01,24
607,2024-12-01,22
607,2025-01-01,19
607,2025-02-01,19
607,2025-03-01,19
607,2025-04-01,18
607,2025-05-01,15
607,2025-06-01,13
607,2025-07-01,10
607,2025-08-01,10
607,2025-09-01,8
607,2025-10-01,8
607,2025-11-01,7
607,2025-12-01,4
608,2024-01-01,64
608,2024-02-01,61
608,2024-03-01,59
608,2024-04-01,59
608,2024-05-01,56
608,2024-06-01,55
608,2024-07-01,54
608,2024-08-01,51
608,2024-09-01,51
608,2024-10-01,48
608,2024-11-01,45
608,2024-12-01,45
608,2025-01-01,43
608,2025-02-01,41
608,2025-03-01,40
608,2025-04-01,38
608,2025-05-01,35
608,2025-06-01,35
608,2025-07-01,34
608,2025-08-01,32
608,2025-09-01,29
608,2025-10-01,28
608,2025-11-01,28
608,2025-12-01,26
609,2024-01-01,67
609,2024-02-01,64
609,2024-03-01,61
609,2024-04-01,58
609,2024-05-01,58
609,2024-06-01,57
609,2024-07-01,54
609,2024-08-01,53
609,2024-09-01,52
609,2024-10-01,50
609,2024-11-01,48
609,2024-12-01,47
609,2025-01-01,45
609,2025-02-01,43
609,2025-03-01,42
609,2025-04-01,42
609,2025-05-01,40
609,2025-06-01,38
609,2025-07-01,38
609,2025-08-01,38
609,2025-09-01,38
609,2025-10-01,37
609,2025-11-01,37
609,2025-12-01,36
610,2024-01-01,64
610,2024-02-01,64
610,2024-03-01,64
610,2024-04-01,61
610,2024-05-01,60
610,2024-06-01,59
610,2024-07-01,59
610,2024-08-01,59
610,2024-09-01,59
610,2024-10-01,56
610,2024-11-01,54
610,2024-12-01,54
610,2025-01-01,53
610,2025-02-01,51
610,2025-03-01,50
610,2025-04-01,48
610,2025-05-01,45
610,2025-06-01,43
610,2025-07-01,42
610,2025-08-01,40
610,2025-09-01,37
610,2025-10-01,36
610,2025-11-01,36
610,2025-12-01,34
611,2024-01-01,55
611,2024-02-01,52
611,2024-03-01,51
611,2024-04-01,51
611,2024-05-01,51
611,2024-06-01,49
611,2024-07-01,46
611,2024-08-01,43
611,2024-09-01,41
611,2024-10-01,40
611,2024-11-01,39
611,2024-12-01,37
611,2025-01-01,36
611,2025-02-01,35
611,2025-03-01,34
611,2025-04-01,32
611,2025-05-01,32
611,2025-06-01,29
611,2025-07-01,29
611,2025-08-01,28
611,2025-09-01,26
611,2025-10-01,23
611,2025-11-01,22
611,2025-12-01,19
612,2024-01-01,55
612,2024-02-01,54
612,2024-03-01,51
612,2024-04-01,51
612,2024-05-01,49
612,2024-06-01,46
612,2024-07-01,45
612,2024-08-01,43
612,2024-09-01,40
612,2024-10-01,37
612,2024-11-01,36
612,2024-12-01,33
612,2025-01-01,32
612,2025-02-01,31
612,2025-03-01,30
612,2025-04-01,29
612,2025-05-01,26
612,2025-06-01,24
612,2025-07-01,22
612,2025-08-01,22
612,2025-09-01,21
612,2025-10-01,18
612,2025-11-01,15
612,2025-12-01,15
613,2024-01-01,31
613,2024-02-01,31
613,2024-03-01,29
613,2024-04-01,26
613,2024-05-01,25
613,2024-06-01,25
613,2024-07-01,22
613,2024-08-01,22
613,2024-09-01,22
613,2024-10-01,22
613,2024-11-01,21
613,2024-12-01,19
613,2025-01-01,17
613,2025-02-01,14
613,2025-03-01,13
613,2025-04-01,11
613,2025-05-01,8
613,2025-06-01,5
613,2025-07-01,5
613,2025-08-01,4
613,2025-09-01,2
613,2025-10-01,1
613,2025-11-01,1
613,2025-12-01,1
614,2024-01-01,57
614,2024-02-01,54
614,2024-03-01,53
614,2024-04-01,51
614,2024-05-01,50
614,2024-06-01,48
614,2024-07-01,45
614,2024-08-01,44
614,2024-09-01,41
614,2024-10-01,40
614,2024-11-01,39
614,2024-12-01,37
614,2025-01-01,37
614,2025-02-01,35
614,2025-03-01,34
614,2025-04-01,34
614,2025-05-01,34
614,2025-06-01,31
614,2025-07-01,30
614,2025-08-01,28
614,2025-09-01,28
614,2025-10-01,28
614,2025-11-01,26
614,2025-12-01,24
615,2024-01-01,34
615,2024-02-01,31
615,2024-03-01,31
615,2024-04-01,28
615,2024-05-01,27
615,2024-06-01,24
615,2024-07-01,22
615,2024-08-01,22
615,2024-09-01,19
615,2024-10-01,17
615,2024-11-01,15
615,2024-12-01,12
615,2025-01-01,12
615,2025-02-01,9
615,2025-03-01,8
615,2025-04-01,5
615,2025-05-01,2
615,2025-06-01,2
615,2025-07-01,1
615,2025-08-01,1
615,2025-09-01,1
615,2025-10-01,1
615,2025-11-01,1
615,2025-12-01,1
616,2024-01-01,56
616,2024-02-01,53
616,2024-03-01,52
616,2024-04-01,52
616,2024-05-01,51
616,2024-06-01,51
616,2024-07-01,49
616,2024-08-01,46
616,2024-09-01,44
616,2024-10-01,42
616,2024-11-01,41
616,2024-12-01,40
616,2025-01-01,39
616,2025-02-01,37
616,2025-03-01,34
616,2025-04-01,31
616,2025-05-01,29
616,2025-06-01,26
616,2025-07-01,24
616,2025-08-01,22
616,2025-09-01,19
616,2025-10-01,19
616,2025-11-01,19
616,2025-12-01,18
617,2024-01-01,66
617,2024-02-01,64
617,2024-03-01,64
617,2024-04-01,61
617,2024-05-01,58
617,2024-06-01,55
617,2024-07-01,55
617,2024-08-01,54
617,2024-09-01,54
617,2024-10-01,53
617,2024-11-01,51
617,2024-12-01,49
617,2025-01-01,48
617,2025-02-01,46
617,2025-03-01,44
617,2025-04-01,41
617,2025-05-01,38
617,2025-06-01,38
617,2025-07-01,38
617,2025-08-01,38
617,2025-09-01,35
617,2025-10-01,35
617,2025-11-01,35
617,2025-12-01,32
618,2024-01-01,74
618,2024-02-01,73
618,2024-03-01,70
618,2024-04-01,70
618,2024-05-01,68
618,2024-06-01,66
618,2024-07-01,65
618,2024-08-01,64
618,2024-09-01,63
618,2024-10-01,61
618,2024-11-01,60
618,2024-12-01,57
618,2025-01-01,54
618,2025-02-01,52
618,2025-03-01,49
618,2025-04-01,48
618,2025-05-01,46
618,2025-06-01,45
618,2025-07-01,42
618,2025-08-01,41
618,2025-09-01,39
618,2025-10-01,38
618,2025-11-01,35
618,2025-12-01,35
619,2024-01-01,77
619,2024-02-01,75
619,2024-03-01,74
619,2024-04-01,74
619,2024-05-01,71
619,2024-06-01,70
619,2024-07-01,69
619,2024-08-01,69
619,2024-09-01,67
619,2024-10-01,64
619,2024-11-01,63
619,2024-12-01,62
619,2025-01-01,59
619,2025-02-01,59
619,2025-03-01,57
619,2025-04-01,54
619,2025-05-01,52
619,2025-06-01,52
619,2025-07-01,52
619,2025-08-01,49
619,2025-09-01,48
619,2025-10-01,48
619,2025-11-01,48
619,2025-12-01,45
620,2024-01-01,64
620,2024-02-01,64
620,2024-03-01,62
620,2024-04-01,62
620,2024-05-01,59
620,2024-06-01,58
620,2024-07-01,57
620,2024-08-01,54
620,2024-09-01,53
620,2024-10-01,53
620,2024-11-01,51
620,2024-12-01,51
620,2025-01-01,48
620,2025-02-01,48
620,2025-03-01,47
620,2025-04-01,47
620,2025-05-01,45
620,2025-06-01,44
620,2025-07-01,42
620,2025-08-01,40
620,2025-09-01,38
620,2025-10-01,38
620,2025-11-01,38
620,2025-12-01,38
621,2024-01-01,19
621,2024-02-01,19
621,2024-03-01,18
621,2024-04-01,16
621,2024-05-01,15
621,2024-06-01,12
621,2024-07-01,12
621,2024-08-01,9
621,2024-09-01,8
621,2024-10-01,8
621,2024-11-01,5
621,2024-12-01,5
621,2025-01-01,4
621,2025-02-01,1
621,2025-03-01,1
621,2025-04-01,1
621,2025-05-01,1
621,2025-06-01,1
621,2025-07-01,1
621,2025-08-01,1
621,2025-09-01,1
621,2025-10-01,1
621,2025-11-01,1
621,2025-12-01,1
622,2024-01-01,34
622,2024-02-01,32
622,2024-03-01,32
622,2024-04-01,31
622,2024-05-01,29
622,2024-06-01,26
622,2024-07-01,25
622,2024-08-01,23
622,2024-09-01,22
622,2024-10-01,19
622,2024-11-01,17
622,2024-12-01,14
622,2025-01-01,12
622,2025-02-01,12
622,2025-03-01,11
622,2025-04-01,8
622,2025-05-01,7
622,2025-06-01,4
622,2025-07-01,3
622,2025-08-01,2
622,2025-09-01,1
622,2025-10-01,1
622,2025-11-01,1
622,2025-12-01,1
623,2024-01-01,70
623,2024-02-01,69
623,2024-03-01,67
623,2024-04-01,67
623,2024-05-01,65
623,2024-06-01,62
623,2024-07-01,60
623,2024-08-01,60
623,2024-09-01,57
623,2024-10-01,55
623,2024-11-01,55
623,2024-12-01,55
623,2025-01-01,54
623,2025-02-01,52
623,2025-03-01,49
623,2025-04-01,48
623,2025-05-01,46
623,2025-06-01,44
623,2025-07-01,41
623,2025-08-01,40
623,2025-09-01,39
623,2025-10-01,36
623,2025-11-01,35
623,2025-12-01,35
624,2024-01-01,39
624,2024-02-01,39
624,2024-03-01,36
624,2024-04-01,34
624,2024-05-01,32
624,2024-06-01,29
624,2024-07-01,26
624,2024-08-01,26
624,2024-09-01,26
624,2024-10-01,24
624,2024-11-01,23
624,2024-12-01,22
624,2025-01-01,21
624,2025-02-01,20
624,2025-03-01,18
624,2025-04-01,17
624,2025-05-01,16
624,2025-06-01,13
624,2025-07-01,12
624,2025-08-01,9
624,2025-09-01,7
624,2025-10-01,4
624,2025-11-01,4
624,2025-12-01,1
625,2024-01-01,70
625,2024-02-01,67
625,2024-03-01,65
625,2024-04-01,63
625,2024-05-01,62
625,2024-06-01,62
625,2024-07-01,62
625,2024-08-01,59
625,2024-09-01,59
625,2024-10-01,57
625,2024-11-01,56
625,2024-12-01,55
625,2025-01-01,53
625,2025-02-01,52
625,2025-03-01,49
625,2025-04-01,48
625,2025-05-01,48
625,2025-06-01,47
625,2025-07-01,46
625,2025-08-01,44
625,2025-09-01,42
625,2025-10-01,42
625,2025-11-01,40
625,2025-12-01,40
626,2024-01-01,43
626,2024-02-01,42
626,2024-03-01,42
626,2024-04-01,39
626,2024-05-01,38
626,2024-06-01,38
626,2024-07-01,36
626,2024-08-01,34
626,2024-09-01,32
626,2024-10-01,32
626,2024-11-01,32
626,2024-12-01,29
626,2025-01-01,28
626,2025-02-01,27
626,2025-03-01,26
626,2025-04-01,25
626,2025-05-01,25
626,2025-06-01,25
626,2025-07-01,22
626,2025-08-01,21
626,2025-09-01,21
626,2025-10-01,21
626,2025-11-01,21
626,2025-12-01,21
627,2024-01-01,72
627,2024-02-01,72
627,2024-03-01,70
627,2024-04-01,67
627,2024-05-01,66
627,2024-06-01,65
627,2024-07-01,63
627,2024-08-01,62
627,2024-09-01,60
627,2024-10-01,58
627,2024-11-01,58
627,2024-12-01,57
627,2025-01-01,54
627,2025-02-01,52
627,2025-03-01,49
627,2025-04-01,49
627,2025-05-01,48
627,2025-06-01,48
627,2025-07-01,48
627,2025-08-01,45
627,2025-09-01,42
627,2025-10-01,40
627,2025-11-01,39
627,2025-12-01,39
628,2024-01-01,20
628,2024-02-01,20
628,2024-03-01,20
628,2024-04-01,18
628,2024-05-01,18
628,2024-06-01,18
628,2024-07-01,15
628,2024-08-01,14
628,2024-09-01,12
628,2024-10-01,12
628,2024-11-01,10
628,2024-12-01,9
628,2025-01-01,7
628,2025-02-01,5
628,2025-03-01,3
628,2025-04-01,1
628,2025-05-01,1
628,2025-06-01,1
628,2025-07-01,1
628,2025-08-01,1
628,2025-09-01,1
628,2025-10-01,1
628,2025-11-01,1
628,2025-12-01,1
629,2024-01-01,46
629,2024-02-01,46
629,2024-03-01,46
629,2024-04-01,43
629,2024-05-01,40
629,2024-06-01,39
629,2024-07-01,38
629,2024-08-01,37
629,2024-09-01,36
629,2024-10-01,34
629,2024-11-01,31
629,2024-12-01,31
629,2025-01-01,29
629,2025-02-01,28
629,2025-03-01,27
629,2025-04-01,25
629,2025-05-01,25
629,2025-06-01,22
629,2025-07-01,19
629,2025-08-01,19
629,2025-09-01,16
629,2025-10-01,15
629,2025-11-01,14
629,2025-12-01,13
630,2024-01-01,29
630,2024-02-01,26
630,2024-03-01,23
630,2024-04-01,21
630,2024-05-01,21
630,2024-06-01,18
630,2024-07-01,15
630,2024-08-01,13
630,2024-09-01,12
630,2024-10-01,9
630,2024-11-01,8
630,2024-12-01,6
630,2025-01-01,3
630,2025-02-01,2
630,2025-03-01,2
630,2025-04-01,1
630,2025-05-01,1
630,2025-06-01,1
630,2025-07-01,1
630,2025-08-01,1
630,2025-09-01,1
630,2025-10-01,1
630,2025-11-01,1
630,2025-12-01,1
631,2024-01-01,43
631,2024-02-01,43
631,2024-03-01,43
631,2024-04-01,40
631,2024-05-01,39
631,2024-06-01,36
631,2024-07-01,34
631,2024-08-01,34
631,2024-09-01,34
631,2024-10-01,34
631,2024-11-01,32
631,2024-12-01,31
631,2025-01-01,30
631,2025-02-01,29
631,2025-03-01,29
631,2025-04-01,28
631,2025-05-01,25
631,2025-06-01,25
631,2025-07-01,23
631,2025-08-01,21
631,2025-09-01,20
631,2025-10-01,20
631,2025-11-01,17
631,2025-12-01,14
632,2024-01-01,35
632,2024-02-01,33
632,2024-03-01,31
632,2024-04-01,28
632,2024-05-01,25
632,2024-06-01,22
632,2024-07-01,20
632,2024-08-01,17
632,2024-09-01,15
632,2024-10-01,13
632,2024-11-01,12
632,2024-12-01,11
632,2025-01-01,10
632,2025-02-01,7
632,2025-03-01,5
632,2025-04-01,2
632,2025-05-01,1
632,2025-06-01,1
632,2025-07-01,1
632,2025-08-01,1
632,2025-09-01,1
632,2025-10-01,1
632,2025-11-01,1
632,2025-12-01,1
633,2024-01-01,63
633,2024-02-01,61
633,2024-03-01,58
633,2024-04-01,57
633,2024-05-01,57
633,2024-06-01,54
633,2024-07-01,52
633,2024-08-01,51
633,2024-09-01,49
633,2024-10-01,47
633,2024-11-01,45
633,2024-12-01,43
633,2025-01-01,43
633,2025-02-01,42
633,2025-03-01,39
633,2025-04-01,38
633,2025-05-01,37
633,2025-06-01,36
633,2025-07-01,33
633,2025-08-01,32
633,2025-09-01,29
633,2025-10-01,26
633,2025-11-01,26
633,2025-12-01,24
634,2024-01-01,41
634,2024-02-01,40
634,2024-03-01,38
634,2024-04-01,36
634,2024-05-01,34
634,2024-06-01,33
634,2024-07-01,32
634,2024-08-01,29
634,2024-09-01,26
634,2024-10-01,26
634,2024-11-01,25
634,2024-12-01,25
634,2025-01-01,24
634,2025-02-01,22
634,2025-03-01,22
634,2025-04-01,22
634,2025-05-01,22
634,2025-06-01,21
634,2025-07-01,18
634,2025-08-01,18
634,2025-09-01,15
634,2025-10-01,14
634,2025-11-01,14
634,2025-12-01,13
635,2024-01-01,24
635,2024-02-01,24
635,2024-03-01,21
635,2024-04-01,19
635,2024-05-01,17
635,2024-06-01,17
635,2024-07-01,16
635,2024-08-01,15
635,2024-09-01,14
635,2024-10-01,12
635,2024-11-01,9
635,2024-12-01,7
635,2025-01-01,4
635,2025-02-01,2
635,2025-03-01,1
635,2025-04-01,1
635,2025-05-01,1
635,2025-06-01,1
635,2025-07-01,1
635,2025-08-01,1
635,2025-09-01,1
635,2025-10-01,1
635,2025-11-01,1
635,2025-12-01,1
636,2024-01-01,34
636,2024-02-01,34
636,2024-03-01,33
636,2024-04-01,33
636,2024-05-01,33
636,2024-06-01,30
636,2024-07-01,29
636,2024-08-01,28
636,2024-09-01,28
636,2024-10-01,28
636,2024-11-01,25
636,2024-12-01,23
636,2025-01-01,22
636,2025-02-01,21
636,2025-03-01,18
636,2025-04-01,15
636,2025-05-01,14
636,2025-06-01,13
636,2025-07-01,13
636,2025-08-01,11
636,2025-09-01,10
636,2025-10-01,7
636,2025-11-01,7
636,2025-12-01,7
637,2024-01-01,76
637,2024-02-01,76
637,2024-03-01,73
637,2024-04-01,73
637,2024-05-01,70
637,2024-06-01,70
637,2024-07-01,69
637,2024-08-01,68
637,2024-09-01,65
637,2024-10-01,63
637,2024-11-01,62
637,2024-12-01,62
637,2025-01-01,60
637,2025-02-01,60
637,2025-03-01,60
637,2025-04-01,59
637,2025-05-01,56
637,2025-06-01,53
637,2025-07-01,53
637,2025-08-01,52
637,2025-09-01,52
637,2025-10-01,50
637,2025-11-01,50
637,2025-12-01,49
638,2024-01-01,74
638,2024-02-01,73
638,2024-03-01,71
638,2024-04-01,70
638,2024-05-01,68
638,2024-06-01,66
638,2024-07-01,66
638,2024-08-01,64
638,2024-09-01,63
638,2024-10-01,60
638,2024-11-01,59
638,2024-12-01,56
638,2025-01-01,54
638,2025-02-01,54
638,2025-03-01,52
638,2025-04-01,50
638,2025-05-01,47
638,2025-06-01,46
638,2025-07-01,46
638,2025-08-01,46
638,2025-09-01,46
638,2025-10-01,46
638,2025-11-01,45
638,2025-12-01,45
639,2024-01-01,72
639,2024-02-01,72
639,2024-03-01,72
639,2024-04-01,71
639,2024-05-01,70
639,2024-06-01,70
639,2024-07-01,69
639,2024-08-01,67
639,2024-09-01,67
639,2024-10-01,66
639,2024-11-01,63
639,2024-12-01,63
639,2025-01-01,63
639,2025-02-01,60
639,2025-03-01,57
639,2025-04-01,56
639,2025-05-01,53
639,2025-06-01,51
639,2025-07-01,51
639,2025-08-01,49
639,2025-09-01,48
639,2025-10-01,45
639,2025-11-01,45
639,2025-12-01,42
640,2024-01-01,54
640,2024-02-01,53
640,2024-03-01,52
640,2024-04-01,51
640,2024-05-01,51
640,2024-06-01,49
640,2024-07-01,47
640,2024-08-01,47
640,2024-09-01,44
640,2024-10-01,44
640,2024-11-01,42
640,2024-12-01,40
640,2025-01-01,40
640,2025-02-01,39
640,2025-03-01,36
640,2025-04-01,36
640,2025-05-01,34
640,2025-06-01,33
640,2025-07-01,30
640,2025-08-01,28
640,2025-09-01,25
640,2025-10-01,24
640,2025-11-01,22
640,2025-12-01,21
641,2024-01-01,56
641,2024-02-01,53
641,2024-03-01,52
641,2024-04-01,51
641,2024-05-01,48
641,2024-06-01,45
641,2024-07-01,42
641,2024-08-01,42
641,2024-09-01,39
641,2024-10-01,39
641,2024-11-01,36
641,2024-12-01,35
641,2025-01-01,34
641,2025-02-01,31
641,2025-03-01,28
641,2025-04-01,28
641,2025-05-01,26
641,2025-06-01,26
641,2025-07-01,25
641,2025-08-01,22
641,2025-09-01,21
641,2025-10-01,19
641,2025-11-01,19
641,2025-12-01,18
642,2024-01-01,65
642,2024-02-01,64
642,2024-03-01,62
642,2024-04-01,62
642,2024-05-01,62
642,2024-06-01,60
642,2024-07-01,59
642,2024-08-01,58
642,2024-09-01,58
642,2024-10-01,56
642,2024-11-01,56
642,2024-12-01,56
642,2025-01-01,53
642,2025-02-01,52
642,2025-03-01,51
642,2025-04-01,48
642,2025-05-01,47
642,2025-06-01,46
642,2025-07-01,45
642,2025-08-01,43
642,2025-09-01,40
642,2025-10-01,40
642,2025-11-01,38
642,2025-12-01,38
643,2024-01-01,68
643,2024-02-01,65
643,2024-03-01,64
643,2024-04-01,62
643,2024-05-01,59
643,2024-06-01,59
643,2024-07-01,58
643,2024-08-01,57
643,2024-09-01,55
643,2024-10-01,53
643,2024-11-01,51
643,2024-12-01,50
643,2025-01-01,47
643,2025-02-01,47
643,2025-03-01,44
643,2025-04-01,44
643,2025-05-01,41
643,2025-06-01,39
643,2025-07-01,39
643,2025-08-01,38
643,2025-09-01,38
643,2025-10-01,37
643,2025-11-01,34
643,2025-12-01,32
644,2024-01-01,59
644,2024-02-01,56
644,2024-03-01,54
644,2024-04-01,52
644,2024-05-01,50
644,2024-06-01,47
644,2024-07-01,44
644,2024-08-01,41
644,2024-09-01,39
644,2024-10-01,39
644,2024-11-01,38
644,2024-12-01,35
644,2025-01-01,35
644,2025-02-01,34
644,2025-03-01,32
644,2025-04-01,32
644,2025-05-01,30
644,2025-06-01,29
644,2025-07-01,26
644,2025-08-01,24
644,2025-09-01,24
644,2025-10-01,21
644,2025-11-01,21
644,2025-12-01,20
645,2024-01-01,62
645,2024-02-01,62
645,2024-03-01,62
645,2024-04-01,62
645,2024-05-01,62
645,2024-06-01,61
645,2024-07-01,61
645,2024-08-01,60
645,2024-09-01,60
645,2024-10-01,60
645,2024-11-01,58
645,2024-12-01,56
645,2025-01-01,56
645,2025-02-01,55
645,2025-03-01,55
645,2025-04-01,53
645,2025-05-01,53
645,2025-06-01,51
645,2025-07-01,51
645,2025-08-01,48
645,2025-09-01,48
645,2025-10-01,47
645,2025-11-01,45
645,2025-12-01,42
646,2024-01-01,76
646,2024-02-01,75
646,2024-03-01,75
646,2024-04-01,74
646,2024-05-01,74
646,2024-06-01,71
646,2024-07-01,70
646,2024-08-01,69
646,2024-09-01,67
646,2024-10-01,66
646,2024-11-01,66
646,2024-12-01,65
646,2025-01-01,64
646,2025-02-01,61
646,2025-03-01,61
646,2025-04-01,59
646,2025-05-01,59
646,2025-06-01,56
646,2025-07-01,56
646,2025-08-01,56
646,2025-09-01,55
646,2025-10-01,54
646,2025-11-01,54
646,2025-12-01,54
647,2024-01-01,43
647,2024-02-01,42
647,2024-03-01,41
647,2024-04-01,40
647,2024-05-01,39
647,2024-06-01,39
647,2024-07-01,39
647,2024-08-01,37
647,2024-09-01,36
647,2024-10-01,35
647,2024-11-01,35
647,2024-12-01,33
647,2025-01-01,33
647,2025-02-01,32
647,2025-03-01,31
647,2025-04-01,28
647,2025-05-01,25
647,2025-06-01,22
647,2025-07-01,20
647,2025-08-01,20
647,2025-09-01,19
647,2025-10-01,18
647,2025-11-01,16
647,2025-12-01,15
648,2024-01-01,45
648,2024-02-01,42
648,2024-03-01,39
648,2024-04-01,37
648,2024-05-01,34
648,2024-06-01,31
648,2024-07-01,29
648,2024-08-01,27
648,2024-09-01,24
648,2024-10-01,24
648,2024-11-01,22
648,2024-12-01,21
648,2025-01-01,19
648,2025-02-01,18
648,2025-03-01,16
648,2025-04-01,14
648,2025-05-01,11
648,2025-06-01,8
648,2025-07-01,5
648,2025-08-01,5
648,2025-09-01,2
648,2025-10-01,1
648,2025-11-01,1
648,2025-12-01,1
649,2024-01-01,23
649,2024-02-01,21
649,2024-03-01,19
649,2024-04-01,18
649,2024-05-01,18
649,2024-06-01,16
649,2024-07-01,13
649,2024-08-01,13
649,2024-09-01,12
649,2024-10-01,11
649,2024-11-01,8
649,2024-12-01,5
649,2025-01-01,2
649,2025-02-01,2
649,2025-03-01,1
649,2025-04-01,1
649,2025-05-01,1
649,2025-06-01,1
649,2025-07-01,1
649,2025-08-01,1
649,2025-09-01,1
649,2025-10-01,1
649,2025-11-01,1
649,2025-12-01,1
650,2024-01-01,26
650,2024-02-01,26
650,2024-03-01,26
650,2024-04-01,26
650,2024-05-01,26
650,2024-06-01,23
650,2024-07-01,20
650,2024-08-01,19
650,2024-09-01,18
650,2024-10-01,17
650,2024-11-01,15
650,2024-12-01,14
650,2025-01-01,11
650,2025-02-01,9
650,2025-03-01,6
650,2025-04-01,4
650,2025-05-01,3
650,2025-06-01,2
650,2025-07-01,1
650,2025-08-01,1
650,2025-09-01,1
650,2025-10-01,1
650,2025-11-01,1
650,2025-12-01,1
651,2024-01-01,63
651,2024-02-01,62
651,2024-03-01,59
651,2024-04-01,57
651,2024-05-01,57
651,2024-06-01,55
651,2024-07-01,54
651,2024-08-01,54
651,2024-09-01,53
651,2024-10-01,51
651,2024-11-01,51
651,2024-12-01,51
651,2025-01-01,49
651,2025-02-01,49
651,2025-03-01,46
651,2025-04-01,46
651,2025-05-01,46
651,2025-06-01,43
651,2025-07-01,42
651,2025-08-01,41
651,2025-09-01,38
651,2025-10-01,38
651,2025-11-01,36
651,2025-12-01,33
652,2024-01-01,21
652,2024-02-01,18
652,2024-03-01,16
652,2024-04-01,16
652,2024-05-01,13
652,2024-06-01,11
652,2024-07-01,8
652,2024-08-01,5
652,2024-09-01,4
652,2024-10-01,3
652,2024-11-01,3
652,2024-12-01,2
652,2025-01-01,1
652,2025-02-01,1
652,2025-03-01,1
652,2025-04-01,1
652,2025-05-01,1
652,2025-06-01,1
652,2025-07-01,1
652,2025-08-01,1
652,2025-09-01,1
652,2025-10-01,1
652,2025-11-01,1
652,2025-12-01,1
653,2024-01-01,61
653,2024-02-01,61
653,2024-03-01,59
653,2024-04-01,58
653,2024-05-01,58
653,2024-06-01,56
653,2024-07-01,54
653,2024-08-01,53
653,2024-09-01,50
653,2024-10-01,48
653,2024-11-01,48
653,2024-12-01,47
653,2025-01-01,44
653,2025-02-01,41
653,2025-03-01,38
653,2025-04-01,36
653,2025-05-01,33
653,2025-06-01,31
653,2025-07-01,30
653,2025-08-01,29
653,2025-09-01,26
653,2025-10-01,25
653,2025-11-01,25
653,2025-12-01,25
654,2024-01-01,55
654,2024-02-01,53
654,2024-03-01,52
654,2024-04-01,49
654,2024-05-01,47
654,2024-06-01,44
654,2024-07-01,41
654,2024-08-01,39
654,2024-09-01,36
654,2024-10-01,35
654,2024-11-01,35
654,2024-12-01,35
654,2025-01-01,32
654,2025-02-01,32
654,2025-03-01,29
654,2025-04-01,27
654,2025-05-01,26
654,2025-06-01,26
654,2025-07-01,24
654,2025-08-01,23
654,2025-09-01,23
654,2025-10-01,23
654,2025-11-01,22
654,2025-12-01,20
655,2024-01-01,66
655,2024-02-01,65
655,2024-03-01,63
655,2024-04-01,62
655,2024-05-01,61
655,2024-06-01,61
655,2024-07-01,60
655,2024-08-01,59
655,2024-09-01,56
655,2024-10-01,55
655,2024-11-01,53
655,2024-12-01,53
655,2025-01-01,53
655,2025-02-01,52
655,2025-03-01,51
655,2025-04-01,49
655,2025-05-01,46
655,2025-06-01,46
655,2025-07-01,43
655,2025-08-01,41
655,2025-09-01,41
655,2025-10-01,39
655,2025-11-01,38
655,2025-12-01,36
656,2024-01-01,18
656,2024-02-01,18
656,2024-03-01,18
656,2024-04-01,15
656,2024-05-01,14
656,2024-06-01,14
656,2024-07-01,12
656,2024-08-01,11
656,2024-09-01,11
656,2024-10-01,9
656,2024-11-01,7
656,2024-12-01,7
656,2025-01-01,4
656,2025-02-01,1
656,2025-03-01,1
656,2025-04-01,1
656,2025-05-01,1
656,2025-06-01,1
656,2025-07-01,1
656,2025-08-01,1
656,2025-09-01,1
656,2025-10-01,1
656,2025-11-01,1
656,2025-12-01,1
657,2024-01-01,41
657,2024-02-01,40
657,2024-03-01,37
657,2024-04-01,35
657,2024-05-01,33
657,2024-06-01,31
657,2024-07-01,31
657,2024-08-01,30
657,2024-09-01,28
657,2024-10-01,25
657,2024-11-01,22
657,2024-12-01,19
657,2025-01-01,18
657,2025-02-01,16
657,2025-03-01,13
657,2025-04-01,12
657,2025-05-01,9
657,2025-06-01,7
657,2025-07-01,5
657,2025-08-01,3
657,2025-09-01,1
657,2025-10-01,1
657,2025-11-01,1
657,2025-12-01,1
658,2024-01-01,77
658,2024-02-01,74
658,2024-03-01,72
658,2024-04-01,69
658,2024-05-01,67
658,2024-06-01,66
658,2024-07-01,63
658,2024-08-01,62
658,2024-09-01,59
658,2024-10-01,56
658,2024-11-01,53
658,2024-12-01,53
658,2025-01-01,51
658,2025-02-01,50
658,2025-03-01,49
658,2025-04-01,46
658,2025-05-01,45
658,2025-06-01,44
658,2025-07-01,43
658,2025-08-01,42
658,2025-09-01,42
658,2025-10-01,39
658,2025-11-01,38
658,2025-12-01,38
659,2024-01-01,57
659,2024-02-01,55
659,2024-03-01,53
659,2024-04-01,51
659,2024-05-01,50
659,2024-06-01,47
659,2024-07-01,45
659,2024-08-01,44
659,2024-09-01,41
659,2024-10-01,40
659,2024-11-01,38
659,2024-12-01,36
659,2025-01-01,36
659,2025-02-01,36
659,2025-03-01,33
659,2025-04-01,32
659,2025-05-01,31
659,2025-06-01,29
659,2025-07-01,27
659,2025-08-01,24
659,2025-09-01,24
659,2025-10-01,22
659,2025-11-01,21
659,2025-12-01,19
660,2024-01-01,47
660,2024-02-01,47
660,2024-03-01,44
660,2024-04-01,41
660,2024-05-01,41
660,2024-06-01,40
660,2024-07-01,40
660,2024-08-01,38
660,2024-09-01,36
660,2024-10-01,36
660,2024-11-01,34
660,2024-12-01,34
660,2025-01-01,32
660,2025-02-01,32
660,2025-03-01,30
660,2025-04-01,29
660,2025-05-01,28
660,2025-06-01,26
660,2025-07-01,26
660,2025-08-01,24
660,2025-09-01,21
660,2025-10-01,18
660,2025-11-01,18
660,2025-12-01,16
661,2024-01-01,77
661,2024-02-01,77
661,2024-03-01,74
661,2024-04-01,71
661,2024-05-01,71
661,2024-06-01,68
661,2024-07-01,68
661,2024-08-01,65
661,2024-09-01,62
661,2024-10-01,62
661,2024-11-01,62
661,2024-12-01,59
661,2025-01-01,56
661,2025-02-01,55
661,2025-03-01,53
661,2025-04-01,53
661,2025-05-01,53
661,2025-06-01,51
661,2025-07-01,50
661,2025-08-01,47
661,2025-09-01,44
661,2025-10-01,43
661,2025-11-01,42
661,2025-12-01,40
662,2024-01-01,23
662,2024-02-01,22
662,2024-03-01,21
662,2024-04-01,18
662,2024-05-01,15
662,2024-06-01,12
662,2024-07-01,9
662,2024-08-01,6
662,2024-09-01,4
662,2024-10-01,1
662,2024-11-01,1
662,2024-12-01,1
662,2025-01-01,1
662,2025-02-01,1
662,2025-03-01,1
662,2025-04-01,1
662,2025-05-01,1
662,2025-06-01,1
662,2025-07-01,1
662,2025-08-01,1
662,2025-09-01,1
662,2025-10-01,1
662,2025-11-01,1
662,2025-12-01,1
663,2024-01-01,27
663,2024-02-01,26
663,2024-03-01,26
663,2024-04-01,26
663,2024-05-01,24
663,2024-06-01,24
663,2024-07-01,24
663,2024-08-01,22
663,2024-09-01,21
663,2024-10-01,18
663,2024-11-01,16
663,2024-12-01,14
663,2025-01-01,11
663,2025-02-01,10
663,2025-03-01,7
663,2025-04-01,4
663,2025-05-01,3
663,2025-06-01,2
663,2025-07-01,1
663,2025-08-01,1
663,2025-09-01,1
663,2025-10-01,1
663,2025-11-01,1
663,2025-12-01,1
664,2024-01-01,40
664,2024-02-01,37
664,2024-03-01,34
664,2024-04-01,34
664,2024-05-01,33
664,2024-06-01,33
664,2024-07-01,33
664,2024-08-01,30
664,2024-09-01,30
664,2024-10-01,27
664,2024-11-01,24
664,2024-12-01,21
664,2025-01-01,21
664,2025-02-01,18
664,2025-03-01,18
664,2025-04-01,17
664,2025-05-01,14
664,2025-06-01,12
664,2025-07-01,10
664,2025-08-01,8
664,2025-09-01,6
664,2025-10-01,4
664,2025-11-01,4
664,2025-12-01,3
665,2024-01-01,61
665,2024-02-01,60
665,2024-03-01,59
665,2024-04-01,58
665,2024-05-01,57
665,2024-06-01,55
665,2024-07-01,52
665,2024-08-01,51
665,2024-09-01,50
665,2024-10-01,48
665,2024-11-01,48
665,2024-12-01,48
665,2025-01-01,48
665,2025-02-01,45
665,2025-03-01,45
665,2025-04-01,44
665,2025-05-01,42
665,2025-06-01,40
665,2025-07-01,40
665,2025-08-01,38
665,2025-09-01,37
665,2025-10-01,37
665,2025-11-01,36
665,2025-12-01,33
666,2024-01-01,40
666,2024-02-01,39
666,2024-03-01,38
666,2024-04-01,35
666,2024-05-01,35
666,2024-06-01,34
666,2024-07-01,34
666,2024-08-01,32
666,2024-09-01,31
666,2024-10-01,30
666,2024-11-01,28
666,2024-12-01,28
666,2025-01-01,25
666,2025-02-01,24
666,2025-03-01,22
666,2025-04-01,20
666,2025-05-01,19
666,2025-06-01,19
666,2025-07-01,19
666,2025-08-01,18
666,2025-09-01,16
666,2025-10-01,15
666,2025-11-01,12
666,2025-12-01,9
667,2024-01-01,45
667,2024-02-01,43
667,2024-03-01,40
667,2024-04-01,39
667,2024-05-01,37
667,2024-06-01,37
667,2024-07-01,37
667,2024-08-01,34
667,2024-09-01,34
667,2024-10-01,33
667,2024-11-01,31
667,2024-12-01,30
667,2025-01-01,29
667,2025-02-01,28
667,2025-03-01,27
667,2025-04-01,25
667,2025-05-01,23
667,2025-06-01,22
667,2025-07-01,21
667,2025-08-01,21
667,2025-09-01,21
667,2025-10-01,19
667,2025-11-01,19
667,2025-12-01,17
668,2024-01-01,31
668,2024-02-01,29
668,2024-03-01,29
668,2024-04-01,26
668,2024-05-01,26
668,2024-06-01,24
668,2024-07-01,22
668,2024-08-01,21
668,2024-09-01,19
668,2024-10-01,16
668,2024-11-01,14
668,2024-12-01,13
668,2025-01-01,11
668,2025-02-01,9
668,2025-03-01,7
668,2025-04-01,6
668,2025-05-01,6
668,2025-06-01,4
668,2025-07-01,1
668,2025-08-01,1
668,2025-09-01,1
668,2025-10-01,1
668,2025-11-01,1
668,2025-12-01,1
669,2024-01-01,70
669,2024-02-01,70
669,2024-03-01,70
669,2024-04-01,70
669,2024-05-01,68
669,2024-06-01,67
669,2024-07-01,64
669,2024-08-01,61
669,2024-09-01,59
669,2024-10-01,57
669,2024-11-01,54
669,2024-12-01,53
669,2025-01-01,51
669,2025-02-01,50
669,2025-03-01,47
669,2025-04-01,46
669,2025-05-01,46
669,2025-06-01,43
669,2025-07-01,43
669,2025-08-01,40
669,2025-09-01,40
669,2025-10-01,39
669,2025-11-01,36
669,2025-12-01,33
670,2024-01-01,39
670,2024-02-01,36
670,2024-03-01,34
670,2024-04-01,34
670,2024-05-01,31
670,2024-06-01,30
670,2024-07-01,29
670,2024-08-01,28
670,2024-09-01,27
670,2024-10-01,27
670,2024-11-01,24
670,2024-12-01,24
670,2025-01-01,24
670,2025-02-01,23
670,2025-03-01,21
670,2025-04-01,20
670,2025-05-01,18
670,2025-06-01,18
670,2025-07-01,17
670,2025-08-01,16
670,2025-09-01,16
670,2025-10-01,15
670,2025-11-01,12
670,2025-12-01,10
671,2024-01-01,64
671,2024-02-01,63
671,2024-03-01,60
671,2024-04-01,59
671,2024-05-01,57
671,2024-06-01,56
671,2024-07-01,54
671,2024-08-01,54
671,2024-09-01,52
671,2024-10-01,52
671,2024-11-01,52
671,2024-12-01,52
671,2025-01-01,50
671,2025-02-01,47
671,2025-03-01,45
671,2025-04-01,44
671,2025-05-01,43
671,2025-06-01,40
671,2025-07-01,37
671,2025-08-01,34
671,2025-09-01,34
671,2025-10-01,31
671,2025-11-01,28
671,2025-12-01,25
672,2024-01-01,61
672,2024-02-01,60
672,2024-03-01,57
672,2024-04-01,56
672,2024-05-01,54
672,2024-06-01,53
672,2024-07-01,53
672,2024-08-01,51
672,2024-09-01,50
672,2024-10-01,49
672,2024-11-01,47
672,2024-12-01,46
672,2025-01-01,45
672,2025-02-01,42
672,2025-03-01,42
672,2025-04-01,40
672,2025-05-01,37
672,2025-06-01,36
672,2025-07-01,34
672,2025-08-01,32
672,2025-09-01,32
672,2025-10-01,32
672,2025-11-01,30
672,2025-12-01,30
673,2024-01-01,59
673,2024-02-01,59
673,2024-03-01,59
673,2024-04-01,56
673,2024-05-01,55
673,2024-06-01,54
673,2024-07-01,52
673,2024-08-01,52
673,2024-09-01,49
673,2024-10-01,46
673,2024-11-01,45
673,2024-12-01,45
673,2025-01-01,42
673,2025-02-01,40
673,2025-03-01,40
673,2025-04-01,40
673,2025-05-01,40
673,2025-06-01,37
673,2025-07-01,36
673,2025-08-01,35
673,2025-09-01,33
673,2025-10-01,30
673,2025-11-01,30
673,2025-12-01,28
674,2024-01-01,61
674,2024-02-01,61
674,2024-03-01,61
674,2024-04-01,58
674,2024-05-01,55
674,2024-06-01,52
674,2024-07-01,50
674,2024-08-01,50
674,2024-09-01,49
674,2024-10-01,47
674,2024-11-01,45
674,2024-12-01,44
674,2025-01-01,43
674,2025-02-01,40
674,2025-03-01,39
674,2025-04-01,38
674,2025-05-01,37
674,2025-06-01,36
674,2025-07-01,33
674,2025-08-01,31
674,2025-09-01,31
674,2025-10-01,31
674,2025-11-01,29
674,2025-12-01,29
675,2024-01-01,54
675,2024-02-01,54
675,2024-03-01,54
675,2024-04-01,52
675,2024-05-01,52
675,2024-06-01,51
675,2024-07-01,49
675,2024-08-01,46
675,2024-09-01,46
675,2024-10-01,43
675,2024-11-01,43
675,2024-12-01,42
675,2025-01-01,40
675,2025-02-01,37
675,2025-03-01,35
675,2025-04-01,32
675,2025-05-01,32
675,2025-06-01,31
675,2025-07-01,28
675,2025-08-01,25
675,2025-09-01,24
675,2025-10-01,23
675,2025-11-01,22
675,2025-12-01,21
676,2024-01-01,51
676,2024-02-01,51
676,2024-03-01,51
676,2024-04-01,48
676,2024-05-01,47
676,2024-06-01,45
676,2024-07-01,43
676,2024-08-01,40
676,2024-09-01,39
676,2024-10-01,39
676,2024-11-01,38
676,2024-12-01,36
676,2025-01-01,35
676,2025-02-01,35
676,2025-03-01,35
676,2025-04-01,32
676,2025-05-01,30
676,2025-06-01,29
676,2025-07-01,28
676,2025-08-01,25
676,2025-09-01,22
676,2025-10-01,19
676,2025-11-01,17
676,2025-12-01,16
677,2024-01-01,33
677,2024-02-01,32
677,2024-03-01,32
677,2024-04-01,29
677,2024-05-01,27
677,2024-06-01,26
677,2024-07-01,25
677,2024-08-01,22
677,2024-09-01,19
677,2024-10-01,18
677,2024-11-01,16
677,2024-12-01,16
677,2025-01-01,15
677,2025-02-01,13
677,2025-03-01,10
677,2025-04-01,9
677,2025-05-01,6
677,2025-06-01,6
677,2025-07-01,3
677,2025-08-01,3
677,2025-09-01,1
677,2025-10-01,1
677,2025-11-01,1
677,2025-12-01,1
678,2024-01-01,63
678,2024-02-01,62
678,2024-03-01,59
678,2024-04-01,57
678,2024-05-01,56
678,2024-06-01,54
678,2024-07-01,53
678,2024-08-01,50
678,2024-09-01,48
678,2024-10-01,45
678,2024-11-01,44
678,2024-12-01,42
678,2025-01-01,42
678,2025-02-01,40
678,2025-03-01,37
678,2025-04-01,37
678,2025-05-01,37
678,2025-06-01,36
678,2025-07-01,36
678,2025-08-01,36
678,2025-09-01,35
678,2025-10-01,33
678,2025-11-01,30
678,2025-12-01,28
679,2024-01-01,41
679,2024-02-01,39
679,2024-03-01,36
679,2024-04-01,36
679,2024-05-01,34
679,2024-06-01,31
679,2024-07-01,28
679,2024-08-01,26
679,2024-09-01,24
679,2024-10-01,24
679,2024-11-01,23
679,2024-12-01,20
679,2025-01-01,18
679,2025-02-01,16
679,2025-03-01,14
679,2025-04-01,11
679,2025-05-01,11
679,2025-06-01,10
679,2025-07-01,7
679,2025-08-01,7
679,2025-09-01,4
679,2025-10-01,1
679,2025-11-01,1
679,2025-12-01,1
680,2024-01-01,64
680,2024-02-01,64
680,2024-03-01,62
680,2024-04-01,60
680,2024-05-01,59
680,2024-06-01,59
680,2024-07-01,59
680,2024-08-01,57
680,2024-09-01,55
680,2024-10-01,55
680,2024-11-01,55
680,2024-12-01,52
680,2025-01-01,52
680,2025-02-01,49
680,2025-03-01,47
680,2025-04-01,46
680,2025-05-01,45
680,2025-06-01,42
680,2025-07-01,40
680,2025-08-01,38
680,2025-09-01,36
680,2025-10-01,36
680,2025-11-01,34
680,2025-12-01,34
681,2024-01-01,74
681,2024-02-01,71
681,2024-03-01,69
681,2024-04-01,67
681,2024-05-01,64
681,2024-06-01,64
681,2024-07-01,64
681,2024-08-01,64
681,2024-09-01,63
681,2024-10-01,62
681,2024-11-01,60
681,2024-12-01,57
681,2025-01-01,54
681,2025-02-01,52
681,2025-03-01,52
681,2025-04-01,51
681,2025-05-01,48
681,2025-06-01,46
681,2025-07-01,46
681,2025-08-01,46
681,2025-09-01,45
681,2025-10-01,44
681,2025-11-01,42
681,2025-12-01,40
682,2024-01-01,64
682,2024-02-01,61
682,2024-03-01,61
682,2024-04-01,59
682,2024-05-01,58
682,2024-06-01,56
682,2024-07-01,53
682,2024-08-01,50
682,2024-09-01,49
682,2024-10-01,47
682,2024-11-01,44
682,2024-12-01,42
682,2025-01-01,39
682,2025-02-01,38
682,2025-03-01,35
682,2025-04-01,33
682,2025-05-01,31
682,2025-06-01,28
682,2025-07-01,28
682,2025-08-01,27
682,2025-09-01,26
682,2025-10-01,23
682,2025-11-01,20
682,2025-12-01,20
683,2024-01-01,57
683,2024-02-01,56
683,2024-03-01,53
683,2024-04-01,52
683,2024-05-01,51
683,2024-06-01,50
683,2024-07-01,50
683,2024-08-01,50
683,2024-09-01,49
683,2024-10-01,47
683,2024-11-01,47
683,2024-12-01,44
683,2025-01-01,41
683,2025-02-01,40
683,2025-03-01,37
683,2025-04-01,37
683,2025-05-01,35
683,2025-06-01,33
683,2025-07-01,31
683,2025-08-01,28
683,2025-09-01,27
683,2025-10-01,24
683,2025-11-01,23
683,2025-12-01,21
684,2024-01-01,57
684,2024-02-01,57
684,2024-03-01,55
684,2024-04-01,54
684,2024-05-01,54
684,2024-06-01,51
684,2024-07-01,51
684,2024-08-01,51
684,2024-09-01,48
684,2024-10-01,47
684,2024-11-01,44
684,2024-12-01,42
684,2025-01-01,41
684,2025-02-01,41
684,2025-03-01,38
684,2025-04-01,36
684,2025-05-01,33
684,2025-06-01,32
684,2025-07-01,30
684,2025-08-01,30
684,2025-09-01,29
684,2025-10-01,27
684,2025-11-01,26
684,2025-12-01,26
685,2024-01-01,71
685,2024-02-01,68
685,2024-03-01,68
685,2024-04-01,66
685,2024-05-01,66
685,2024-06-01,66
685,2024-07-01,65
685,2024-08-01,62
685,2024-09-01,62
685,2024-10-01,61
685,2024-11-01,61
685,2024-12-01,61
685,2025-01-01,61
685,2025-02-01,58
685,2025-03-01,56
685,2025-04-01,53
685,2025-05-01,52
685,2025-06-01,50
685,2025-07-01,49
685,2025-08-01,49
685,2025-09-01,47
685,2025-10-01,46
685,2025-11-01,46
685,2025-12-01,45
686,2024-01-01,54
686,2024-02-01,54
686,2024-03-01,51
686,2024-04-01,49
686,2024-05-01,49
686,2024-06-01,46
686,2024-07-01,43
686,2024-08-01,41
686,2024-09-01,40
686,2024-10-01,39
686,2024-11-01,38
686,2024-12-01,36
686,2025-01-01,33
686,2025-02-01,33
686,2025-03-01,31
686,2025-04-01,30
686,2025-05-01,29
686,2025-06-01,29
686,2025-07-01,27
686,2025-08-01,26
686,2025-09-01,24
686,2025-10-01,21
686,2025-11-01,19
686,2025-12-01,16
687,2024-01-01,41
687,2024-02-01,38
687,2024-03-01,38
687,2024-04-01,37
687,2024-05-01,37
687,2024-06-01,35
687,2024-07-01,35
687,2024-08-01,33
687,2024-09-01,32
687,2024-10-01,30
687,2024-11-01,30
687,2024-12-01,30
687,2025-01-01,29
687,2025-02-01,29
687,2025-03-01,28
687,2025-04-01,27
687,2025-05-01,27
687,2025-06-01,24
687,2025-07-01,22
687,2025-08-01,19
687,2025-09-01,18
687,2025-10-01,16
687,2025-11-01,13
687,2025-12-01,13
688,2024-01-01,33
688,2024-02-01,31
688,2024-03-01,29
688,2024-04-01,27
688,2024-05-01,24
688,2024-06-01,24
688,2024-07-01,24
688,2024-08-01,22
688,2024-09-01,22
688,2024-10-01,19
688,2024-11-01,19
688,2024-12-01,18
688,2025-01-01,18
688,2025-02-01,16
688,2025-03-01,16
688,2025-04-01,16
688,2025-05-01,16
688,2025-06-01,16
688,2025-07-01,15
688,2025-08-01,12
688,2025-09-01,10
688,2025-10-01,8
688,2025-11-01,8
688,2025-12-01,5
689,2024-01-01,43
689,2024-02-01,40
689,2024-03-01,37
689,2024-04-01,34
689,2024-05-01,31
689,2024-06-01,31
689,2024-07-01,30
689,2024-08-01,27
689,2024-09-01,25
689,2024-10-01,23
689,2024-11-01,22
689,2024-12-01,20
689,2025-01-01,20
689,2025-02-01,20
689,2025-03-01,19
689,2025-04-01,16
689,2025-05-01,14
689,2025-06-01,12
689,2025-07-01,11
689,2025-08-01,10
689,2025-09-01,8
689,2025-10-01,5
689,2025-11-01,4
689,2025-12-01,4
690,2024-01-01,69
690,2024-02-01,68
690,2024-03-01,67
690,2024-04-01,65
690,2024-05-01,65
690,2024-06-01,65
690,2024-07-01,63
690,2024-08-01,62
690,2024-09-01,60
690,2024-10-01,58
690,2024-11-01,57
690,2024-12-01,55
690,2025-01-01,52
690,2025-02-01,52
690,2025-03-01,49
690,2025-04-01,46
690,2025-05-01,43
690,2025-06-01,41
690,2025-07-01,40
690,2025-08-01,38
690,2025-09-01,38
690,2025-10-01,36
690,2025-11-01,34
690,2025-12-01,32
691,2024-01-01,63
691,2024-02-01,62
691,2024-03-01,62
691,2024-04-01,62
691,2024-05-01,62
691,2024-06-01,60
691,2024-07-01,60
691,2024-08-01,57
691,2024-09-01,56
691,2024-10-01,54
691,2024-11-01,52
691,2024-12-01,49
691,2025-01-01,49
691,2025-02-01,47
691,2025-03-01,45
691,2025-04-01,42
691,2025-05-01,39
691,2025-06-01,39
691,2025-07-01,38
691,2025-08-01,37
691,2025-09-01,37
691,2025-10-01,36
691,2025-11-01,33
691,2025-12-01,30
692,2024-01-01,72
692,2024-02-01,70
692,2024-03-01,68
692,2024-04-01,66
692,2024-05-01,65
692,2024-06-01,63
692,2024-07-01,60
692,2024-08-01,59
692,2024-09-01,59
692,2024-10-01,58
692,2024-11-01,56
692,2024-12-01,55
692,2025-01-01,53
692,2025-02-01,51
692,2025-03-01,51
692,2025-04-01,51
692,2025-05-01,48
692,2025-06-01,46
692,2025-07-01,45
692,2025-08-01,45
692,2025-09-01,45
692,2025-10-01,43
692,2025-11-01,42
692,2025-12-01,42
693,2024-01-01,57
693,2024-02-01,56
693,2024-03-01,54
693,2024-04-01,54
693,2024-05-01,52
693,2024-06-01,51
693,2024-07-01,49
693,2024-08-01,47
693,2024-09-01,45
693,2024-10-01,42
693,2024-11-01,41
693,2024-12-01,40
693,2025-01-01,39
693,2025-02-01,38
693,2025-03-01,37
693,2025-04-01,37
693,2025-05-01,37
693,2025-06-01,37
693,2025-07-01,35
693,2025-08-01,33
693,2025-09-01,32
693,2025-10-01,29
693,2025-11-01,28
693,2025-12-01,28
694,2024-01-01,59
694,2024-02-01,58
694,2024-03-01,58
694,2024-04-01,57
694,2024-05-01,55
694,2024-06-01,52
694,2024-07-01,52
694,2024-08-01,51
694,2024-09-01,49
694,2024-10-01,49
694,2024-11-01,49
694,2024-12-01,47
694,2025-01-01,46
694,2025-02-01,45
694,2025-03-01,44
694,2025-04-01,44
694,2025-05-01,41
694,2025-06-01,41
694,2025-07-01,40
694,2025-08-01,40
694,2025-09-01,37
694,2025-10-01,37
694,2025-11-01,35
694,2025-12-01,34
695,2024-01-01,60
695,2024-02-01,60
695,2024-03-01,60
695,2024-04-01,60
695,2024-05-01,59
695,2024-06-01,59
695,2024-07-01,58
695,2024-08-01,58
695,2024-09-01,57
695,2024-10-01,55
695,2024-11-01,55
695,2024-12-01,54
695,2025-01-01,52
695,2025-02-01,50
695,2025-03-01,47
695,2025-04-01,47
695,2025-05-01,46
695,2025-06-01,43
695,2025-07-01,43
695,2025-08-01,41
695,2025-09-01,41
695,2025-10-01,40
695,2025-11-01,38
695,2025-12-01,35
696,2024-01-01,76
696,2024-02-01,73
696,2024-03-01,73
696,2024-04-01,73
696,2024-05-01,73
696,2024-06-01,71
696,2024-07-01,69
696,2024-08-01,68
696,2024-09-01,68
696,2024-10-01,67
696,2024-11-01,65
696,2024-12-01,65
696,2025-01-01,64
696,2025-02-01,64
696,2025-03-01,64
696,2025-04-01,61
696,2025-05-01,60
696,2025-06-01,58
696,2025-07-01,57
696,2025-08-01,56
696,2025-09-01,55
696,2025-10-01,52
696,2025-11-01,52
696,2025-12-01,50
697,2024-01-01,69
697,2024-02-01,66
697,2024-03-01,66
697,2024-04-01,64
697,2024-05-01,63
697,2024-06-01,60
697,2024-07-01,58
697,2024-08-01,58
697,2024-09-01,56
697,2024-10-01,53
697,2024-11-01,53
697,2024-12-01,52
697,2025-01-01,49
697,2025-02-01,46
697,2025-03-01,46
697,2025-04-01,43
697,2025-05-01,41
697,2025-06-01,40
697,2025-07-01,38
697,2025-08-01,38
697,2025-09-01,35
697,2025-10-01,34
697,2025-11-01,34
697,2025-12-01,32
698,2024-01-01,68
698,2024-02-01,68
698,2024-03-01,66
698,2024-04-01,63
698,2024-05-01,61
698,2024-06-01,60
698,2024-07-01,57
698,2024-08-01,56
698,2024-09-01,53
698,2024-10-01,53
698,2024-11-01,50
698,2024-12-01,47
698,2025-01-01,45
698,2025-02-01,43
698,2025-03-01,42
698,2025-04-01,41
698,2025-05-01,40
698,2025-06-01,37
698,2025-07-01,34
698,2025-08-01,33
698,2025-09-01,33
698,2025-10-01,33
698,2025-11-01,30
698,2025-12-01,30
699,2024-01-01,35
699,2024-02-01,35
699,2024-03-01,35
699,2024-04-01,32
699,2024-05-01,29
699,2024-06-01,26
699,2024-07-01,26
699,2024-08-01,25
699,2024-09-01,23
699,2024-10-01,20
699,2024-11-01,17
699,2024-12-01,14
699,2025-01-01,13
699,2025-02-01,11
699,2025-03-01,9
699,2025-04-01,6
699,2025-05-01,6
699,2025-06-01,3
699,2025-07-01,1
699,2025-08-01,1
699,2025-09-01,1
699,2025-10-01,1
699,2025-11-01,1
699,2025-12-01,1
700,2024-01-01,29
700,2024-02-01,28
700,2024-03-01,25
700,2024-04-01,22
700,2024-05-01,19
700,2024-06-01,18
700,2024-07-01,16
700,2024-08-01,13
700,2024-09-01,12
700,2024-10-01,10
700,2024-11-01,10
700,2024-12-01,9
700,2025-01-01,7
700,2025-02-01,6
700,2025-03-01,4
700,2025-04-01,2
700,2025-05-01,1
700,2025-06-01,1
700,2025-07-01,1
700,2025-08-01,1
700,2025-09-01,1
700,2025-10-01,1
700,2025-11-01,1
700,2025-12-01,1
701,2024-01-01,72
701,2024-02-01,72
701,2024-03-01,71
701,2024-04-01,69
701,2024-05-01,69
701,2024-06-01,68
701,2024-07-01,67
701,2024-08-01,67
701,2024-09-01,65
701,2024-10-01,65
701,2024-11-01,64
701,2024-12-01,63
701,2025-01-01,63
701,2025-02-01,61
701,2025-03-01,59
701,2025-04-01,56
701,2025-05-01,54
701,2025-06-01,54
701,2025-07-01,52
701,2025-08-01,50
701,2025-09-01,47
701,2025-10-01,45
701,2025-11-01,42
701,2025-12-01,39
702,2024-01-01,57
702,2024-02-01,57
702,2024-03-01,57
702,2024-04-01,55
702,2024-05-01,55
702,2024-06-01,55
702,2024-07-01,52
702,2024-08-01,51
702,2024-09-01,51
702,2024-10-01,50
702,2024-11-01,50
702,2024-12-01,49
702,2025-01-01,48
702,2025-02-01,48
702,2025-03-01,45
702,2025-04-01,44
702,2025-05-01,43
702,2025-06-01,43
702,2025-07-01,42
702,2025-08-01,41
702,2025-09-01,38
702,2025-10-01,37
702,2025-11-01,34
702,2025-12-01,33
703,2024-01-01,70
703,2024-02-01,67
703,2024-03-01,65
703,2024-04-01,64
703,2024-05-01,61
703,2024-06-01,60
703,2024-07-01,59
703,2024-08-01,58
703,2024-09-01,58
703,2024-10-01,56
703,2024-11-01,56
703,2024-12-01,54
703,2025-01-01,53
703,2025-02-01,52
703,2025-03-01,49
703,2025-04-01,47
703,2025-05-01,45
703,2025-06-01,45
703,2025-07-01,43
703,2025-08-01,42
703,2025-09-01,39
703,2025-10-01,39
703,2025-11-01,36
703,2025-12-01,34
704,2024-01-01,38
704,2024-02-01,36
704,2024-03-01,33
704,2024-04-01,32
704,2024-05-01,32
704,2024-06-01,30
704,2024-07-01,27
704,2024-08-01,26
704,2024-09-01,24
704,2024-10-01,24
704,2024-11-01,22
704,2024-12-01,20
704,2025-01-01,18
704,2025-02-01,17
704,2025-03-01,16
704,2025-04-01,14
704,2025-05-01,12
704,2025-06-01,12
704,2025-07-01,10
704,2025-08-01,7
704,2025-09-01,4
704,2025-10-01,4
704,2025-11-01,3
704,2025-12-01,1
705,2024-01-01,35
705,2024-02-01,35
705,2024-03-01,34
705,2024-04-01,32
705,2024-05-01,32
705,2024-06-01,30
705,2024-07-01,30
705,2024-08-01,29
705,2024-09-01,29
705,2024-10-01,26
705,2024-11-01,23
705,2024-12-01,23
705,2025-01-01,20
705,2025-02-01,18
705,2025-03-01,15
705,2025-04-01,12
705,2025-05-01,10
705,2025-06-01,8
705,2025-07-01,7
705,2025-08-01,5
705,2025-09-01,5
705,2025-10-01,2
705,2025-11-01,1
705,2025-12-01,1
706,2024-01-01,35
706,2024-02-01,35
706,2024-03-01,34
706,2024-04-01,34
706,2024-05-01,31
706,2024-06-01,29
706,2024-07-01,29
706,2024-08-01,27
706,2024-09-01,24
706,2024-10-01,21
706,2024-11-01,19
706,2024-12-01,16
706,2025-01-01,15
706,2025-02-01,15
706,2025-03-01,14
706,2025-04-01,13
706,2025-05-01,12
706,2025-06-01,10
706,2025-07-01,8
706,2025-08-01,5
706,2025-09-01,3
706,2025-10-01,1
706,2025-11-01,1
706,2025-12-01,1
707,2024-01-01,61
707,2024-02-01,61
707,2024-03-01,58
707,2024-04-01,56
707,2024-05-01,54
707,2024-06-01,54
707,2024-07-01,53
707,2024-08-01,52
707,2024-09-01,49
707,2024-10-01,47
707,2024-11-01,46
707,2024-12-01,44
707,2025-01-01,42
707,2025-02-01,40
707,2025-03-01,37
707,2025-04-01,37
707,2025-05-01,34
707,2025-06-01,33
707,2025-07-01,33
707,2025-08-01,32
707,2025-09-01,32
707,2025-10-01,32
707,2025-11-01,29
707,2025-12-01,27
708,2024-01-01,50
708,2024-02-01,47
708,2024-03-01,46
708,2024-04-01,45
708,2024-05-01,43
708,2024-06-01,41
708,2024-07-01,40
708,2024-08-01,39
708,2024-09-01,36
708,2024-10-01,35
708,2024-11-01,32
708,2024-12-01,30
708,2025-01-01,29
708,2025-02-01,27
708,2025-03-01,27
708,2025-04-01,27
708,2025-05-01,27
708,2025-06-01,26
708,2025-07-01,24
708,2025-08-01,23
708,2025-09-01,21
708,2025-10-01,18
708,2025-11-01,17
708,2025-12-01,17
709,2024-01-01,61
709,2024-02-01,60
709,2024-03-01,58
709,2024-04-01,56
709,2024-05-01,55
709,2024-06-01,54
709,2024-07-01,52
709,2024-08-01,50
709,2024-09-01,47
709,2024-10-01,47
709,2024-11-01,45
709,2024-12-01,45
709,2025-01-01,42
709,2025-02-01,42
709,2025-03-01,42
709,2025-04-01,39
709,2025-05-01,37
709,2025-06-01,37
709,2025-07-01,35
709,2025-08-01,33
709,2025-09-01,32
709,2025-10-01,30
709,2025-11-01,28
709,2025-12-01,28
710,2024-01-01,36
710,2024-02-01,35
710,2024-03-01,34
710,2024-04-01,34
710,2024-05-01,34
710,2024-06-01,33
710,2024-07-01,32
710,2024-08-01,29
710,2024-09-01,27
710,2024-10-01,27
710,2024-11-01,27
710,2024-12-01,25
710,2025-01-01,23
710,2025-02-01,23
710,2025-03-01,22
710,2025-04-01,21
710,2025-05-01,19
710,2025-06-01,19
710,2025-07-01,17
710,2025-08-01,16
710,2025-09-01,13
710,2025-10-01,10
710,2025-11-01,9
710,2025-12-01,7
711,2024-01-01,58
711,2024-02-01,58
711,2024-03-01,56
711,2024-04-01,54
711,2024-05-01,51
711,2024-06-01,49
711,2024-07-01,46
711,2024-08-01,43
711,2024-09-01,42
711,2024-10-01,39
711,2024-11-01,39
711,2024-12-01,37
711,2025-01-01,34
711,2025-02-01,32
711,2025-03-01,29
711,2025-04-01,28
711,2025-05-01,28
711,2025-06-01,26
711,2025-07-01,25
711,2025-08-01,23
711,2025-09-01,22
711,2025-10-01,22
711,2025-11-01,19
711,2025-12-01,18
712,2024-01-01,52
712,2024-02-01,51
712,2024-03-01,51
712,2024-04-01,51
712,2024-05-01,48
712,2024-06-01,45
712,2024-07-01,43
712,2024-08-01,41
712,2024-09-01,38
712,2024-10-01,35
712,2024-11-01,32
712,2024-12-01,31
712,2025-01-01,28
712,2025-02-01,27
712,2025-03-01,26
712,2025-04-01,23
712,2025-05-01,23
712,2025-06-01,23
712,2025-07-01,21
712,2025-08-01,18
712,2025-09-01,16
712,2025-10-01,13
712,2025-11-01,11
712,2025-12-01,10
713,2024-01-01,55
713,2024-02-01,52
713,2024-03-01,50
713,2024-04-01,48
713,2024-05-01,46
713,2024-06-01,44
713,2024-07-01,42
713,2024-08-01,40
713,2024-09-01,40
713,2024-10-01,38
713,2024-11-01,38
713,2024-12-01,35
713,2025-01-01,34
713,2025-02-01,34
713,2025-03-01,31
713,2025-04-01,30
713,2025-05-01,30
713,2025-06-01,30
713,2025-07-01,27
713,2025-08-01,25
713,2025-09-01,25
713,2025-10-01,25
713,2025-11-01,22
713,2025-12-01,20
714,2024-01-01,31
714,2024-02-01,29
714,2024-03-01,26
714,2024-04-01,24
714,2024-05-01,21
714,2024-06-01,20
714,2024-07-01,20
714,2024-08-01,20
714,2024-09-01,17
714,2024-10-01,14
714,2024-11-01,12
714,2024-12-01,10
714,2025-01-01,10
714,2025-02-01,10
714,2025-03-01,10
714,2025-04-01,7
714,2025-05-01,6
714,2025-06-01,5
714,2025-07-01,2
714,2025-08-01,1
714,2025-09-01,1
714,2025-10-01,1
714,2025-11-01,1
714,2025-12-01,1
715,2024-01-01,26
715,2024-02-01,23
715,2024-03-01,21
715,2024-04-01,19
715,2024-05-01,17
715,2024-06-01,16
715,2024-07-01,14
715,2024-08-01,12
715,2024-09-01,10
715,2024-10-01,9
715,2024-11-01,9
715,2024-12-01,8
715,2025-01-01,5
715,2025-02-01,3
715,2025-03-01,1
715,2025-04-01,1
715,2025-05-01,1
715,2025-06-01,1
715,2025-07-01,1
715,2025-08-01,1
715,2025-09-01,1
715,2025-10-01,1
715,2025-11-01,1
715,2025-12-01,1
716,2024-01-01,69
716,2024-02-01,69
716,2024-03-01,68
716,2024-04-01,67
716,2024-05-01,64
716,2024-06-01,63
716,2024-07-01,61
716,2024-08-01,61
716,2024-09-01,61
716,2024-10-01,58
716,2024-11-01,55
716,2024-12-01,53
716,2025-01-01,50
716,2025-02-01,49
716,2025-03-01,48
716,2025-04-01,46
716,2025-05-01,46
716,2025-06-01,44
716,2025-07-01,41
716,2025-08-01,41
716,2025-09-01,41
716,2025-10-01,41
716,2025-11-01,38
716,2025-12-01,37
717,2024-01-01,46
717,2024-02-01,43
717,2024-03-01,41
717,2024-04-01,39
717,2024-05-01,38
717,2024-06-01,35
717,2024-07-01,33
717,2024-08-01,30
717,2024-09-01,27
717,2024-10-01,26
717,2024-11-01,25
717,2024-12-01,22
717,2025-01-01,22
717,2025-02-01,22
717,2025-03-01,19
717,2025-04-01,18
717,2025-05-01,18
717,2025-06-01,17
717,2025-07-01,17
717,2025-08-01,14
717,2025-09-01,12
717,2025-10-01,10
717,2025-11-01,9
717,2025-12-01,8
718,2024-01-01,33
718,2024-02-01,33
718,2024-03-01,30
718,2024-04-01,27
718,2024-05-01,26
718,2024-06-01,24
718,2024-07-01,22
718,2024-08-01,21
718,2024-09-01,19
718,2024-10-01,18
718,2024-11-01,18
718,2024-12-01,15
718,2025-01-01,13
718,2025-02-01,11
718,2025-03-01,11
718,2025-04-01,11
718,2025-05-01,9
718,2025-06-01,7
718,2025-07-01,6
718,2025-08-01,5
718,2025-09-01,3
718,2025-10-01,2
718,2025-11-01,2
718,2025-12-01,1
719,2024-01-01,54
719,2024-02-01,53
719,2024-03-01,51
719,2024-04-01,50
719,2024-05-01,47
719,2024-06-01,44
719,2024-07-01,42
719,2024-08-01,39
719,2024-09-01,37
719,2024-10-01,35
719,2024-11-01,32
719,2024-12-01,32
719,2025-01-01,29
719,2025-02-01,26
719,2025-03-01,25
719,2025-04-01,22
719,2025-05-01,21
719,2025-06-01,20
719,2025-07-01,17
719,2025-08-01,15
719,2025-09-01,15
719,2025-10-01,12
719,2025-11-01,9
719,2025-12-01,7
720,2024-01-01,35
720,2024-02-01,33
720,2024-03-01,32
720,2024-04-01,29
720,2024-05-01,27
720,2024-06-01,25
720,2024-07-01,22
720,2024-08-01,19
720,2024-09-01,19
720,2024-10-01,17
720,2024-11-01,17
720,2024-12-01,16
720,2025-01-01,13
720,2025-02-01,10
720,2025-03-01,10
720,2025-04-01,8
720,2025-05-01,7
720,2025-06-01,5
720,2025-07-01,3
720,2025-08-01,3
720,2025-09-01,1
720,2025-10-01,1
720,2025-11-01,1
720,2025-12-01,1
721,2024-01-01,54
721,2024-02-01,53
721,2024-03-01,51
721,2024-04-01,51
721,2024-05-01,49
721,2024-06-01,46
721,2024-07-01,44
721,2024-08-01,42
721,2024-09-01,40
721,2024-10-01,37
721,2024-11-01,37
721,2024-12-01,35
721,2025-01-01,32
721,2025-02-01,31
721,2025-03-01,31
721,2025-04-01,28
721,2025-05-01,26
721,2025-06-01,23
721,2025-07-01,23
721,2025-08-01,21
721,2025-09-01,20
721,2025-10-01,19
721,2025-11-01,18
721,2025-12-01,15
722,2024-01-01,63
722,2024-02-01,61
722,2024-03-01,59
722,2024-04-01,57
722,2024-05-01,54
722,2024-06-01,54
722,2024-07-01,54
722,2024-08-01,53
722,2024-09-01,53
722,2024-10-01,51
722,2024-11-01,49
722,2024-12-01,46
722,2025-01-01,44
722,2025-02-01,44
722,2025-03-01,42
722,2025-04-01,41
722,2025-05-01,38
722,2025-06-01,35
722,2025-07-01,35
722,2025-08-01,33
722,2025-09-01,31
722,2025-10-01,31
722,2025-11-01,31
722,2025-12-01,30
723,2024-01-01,58
723,2024-02-01,57
723,2024-03-01,54
723,2024-04-01,52
723,2024-05-01,49
723,2024-06-01,46
723,2024-07-01,43
723,2024-08-01,41
723,2024-09-01,38
723,2024-10-01,36
723,2024-11-01,33
723,2024-12-01,33
723,2025-01-01,33
723,2025-02-01,31
723,2025-03-01,28
723,2025-04-01,25
723,2025-05-01,22
723,2025-06-01,22
723,2025-07-01,19
723,2025-08-01,16
723,2025-09-01,14
723,2025-10-01,11
723,2025-11-01,11
723,2025-12-01,8
724,2024-01-01,36
724,2024-02-01,35
724,2024-03-01,35
724,2024-04-01,34
724,2024-05-01,33
724,2024-06-01,30
724,2024-07-01,29
724,2024-08-01,27
724,2024-09-01,27
724,2024-10-01,25
724,2024-11-01,24
724,2024-12-01,21
724,2025-01-01,21
724,2025-02-01,19
724,2025-03-01,16
724,2025-04-01,15
724,2025-05-01,12
724,2025-06-01,10
724,2025-07-01,7
724,2025-08-01,5
724,2025-09-01,2
724,2025-10-01,2
724,2025-11-01,1
724,2025-12-01,1
725,2024-01-01,42
725,2024-02-01,39
725,2024-03-01,39
725,2024-04-01,37
725,2024-05-01,34
725,2024-06-01,34
725,2024-07-01,34
725,2024-08-01,33
725,2024-09-01,33
725,2024-10-01,32
725,2024-11-01,30
725,2024-12-01,29
725,2025-01-01,27
725,2025-02-01,27
725,2025-03-01,27
725,2025-04-01,26
725,2025-05-01,24
725,2025-06-01,24
725,2025-07-01,23
725,2025-08-01,22
725,2025-09-01,21
725,2025-10-01,21
725,2025-11-01,19
725,2025-12-01,19
726,2024-01-01,60
726,2024-02-01,60
726,2024-03-01,58
726,2024-04-01,57
726,2024-05-01,54
726,2024-06-01,51
726,2024-07-01,51
726,2024-08-01,48
726,2024-09-01,45
726,2024-10-01,44
726,2024-11-01,43
726,2024-12-01,41
726,2025-01-01,38
726,2025-02-01,36
726,2025-03-01,34
726,2025-04-01,33
726,2025-05-01,32
726,2025-06-01,32
726,2025-07-01,31
726,2025-08-01,29
726,2025-09-01,26
726,2025-10-01,24
726,2025-11-01,22
726,2025-12-01,20
727,2024-01-01,67
727,2024-02-01,67
727,2024-03-01,64
727,2024-04-01,63
727,2024-05-01,61
727,2024-06-01,61
727,2024-07-01,58
727,2024-08-01,56
727,2024-09-01,53
727,2024-10-01,52
727,2024-11-01,51
727,2024-12-01,51
727,2025-01-01,50
727,2025-02-01,50
727,2025-03-01,48
727,2025-04-01,45
727,2025-05-01,44
727,2025-06-01,41
727,2025-07-01,38
727,2025-08-01,36
727,2025-09-01,34
727,2025-10-01,33
727,2025-11-01,31
727,2025-12-01,28
728,2024-01-01,68
728,2024-02-01,68
728,2024-03-01,67
728,2024-04-01,65
728,2024-05-01,63
728,2024-06-01,61
728,2024-07-01,59
728,2024-08-01,56
728,2024-09-01,56
728,2024-10-01,53
728,2024-11-01,52
728,2024-12-01,52
728,2025-01-01,52
728,2025-02-01,49
728,2025-03-01,48
728,2025-04-01,47
728,2025-05-01,47
728,2025-06-01,45
728,2025-07-01,44
728,2025-08-01,41
728,2025-09-01,40
728,2025-10-01,40
728,2025-11-01,38
728,2025-12-01,37
729,2024-01-01,35
729,2024-02-01,32
729,2024-03-01,32
729,2024-04-01,32
729,2024-05-01,30
729,2024-06-01,30
729,2024-07-01,28
729,2024-08-01,28
729,2024-09-01,26
729,2024-10-01,25
729,2024-11-01,24
729,2024-12-01,23
729,2025-01-01,23
729,2025-02-01,21
729,2025-03-01,19
729,2025-04-01,16
729,2025-05-01,15
729,2025-06-01,12
729,2025-07-01,11
729,2025-08-01,8
729,2025-09-01,7
729,2025-10-01,5
729,2025-11-01,4
729,2025-12-01,4
730,2024-01-01,68
730,2024-02-01,66
730,2024-03-01,66
730,2024-04-01,64
730,2024-05-01,61
730,2024-06-01,58
730,2024-07-01,58
730,2024-08-01,55
730,2024-09-01,55
730,2024-10-01,54
730,2024-11-01,51
730,2024-12-01,50
730,2025-01-01,48
730,2025-02-01,45
730,2025-03-01,43
730,2025-04-01,41
730,2025-05-01,41
730,2025-06-01,39
730,2025-07-01,39
730,2025-08-01,39
730,2025-09-01,39
730,2025-10-01,39
730,2025-11-01,39
730,2025-12-01,38
731,2024-01-01,53
731,2024-02-01,53
731,2024-03-01,52
731,2024-04-01,49
731,2024-05-01,46
731,2024-06-01,45
731,2024-07-01,42
731,2024-08-01,41
731,2024-09-01,39
731,2024-10-01,37
731,2024-11-01,37
731,2024-12-01,37
731,2025-01-01,37
731,2025-02-01,37
731,2025-03-01,36
731,2025-04-01,34
731,2025-05-01,33
731,2025-06-01,30
731,2025-07-01,27
731,2025-08-01,24
731,2025-09-01,21
731,2025-10-01,18
731,2025-11-01,16
731,2025-12-01,15
732,2024-01-01,75
732,2024-02-01,73
732,2024-03-01,73
732,2024-04-01,71
732,2024-05-01,69
732,2024-06-01,69
732,2024-07-01,69
732,2024-08-01,66
732,2024-09-01,66
732,2024-10-01,65
732,2024-11-01,63
732,2024-12-01,61
732,2025-01-01,58
732,2025-02-01,56
732,2025-03-01,56
732,2025-04-01,54
732,2025-05-01,52
732,2025-06-01,52
732,2025-07-01,52
732,2025-08-01,50
732,2025-09-01,49
732,2025-10-01,49
732,2025-11-01,48
732,2025-12-01,47
733,2024-01-01,70
733,2024-02-01,67
733,2024-03-01,66
733,2024-04-01,63
733,2024-05-01,63
733,2024-06-01,61
733,2024-07-01,59
733,2024-08-01,56
733,2024-09-01,56
733,2024-10-01,53
733,2024-11-01,50
733,2024-12-01,50
733,2025-01-01,49
733,2025-02-01,48
733,2025-03-01,48
733,2025-04-01,45
733,2025-05-01,43
733,2025-06-01,40
733,2025-07-01,39
733,2025-08-01,39
733,2025-09-01,39
733,2025-10-01,39
733,2025-11-01,38
733,2025-12-01,35
734,2024-01-01,22
734,2024-02-01,19
734,2024-03-01,18
734,2024-04-01,16
734,2024-05-01,14
734,2024-06-01,14
734,2024-07-01,11
734,2024-08-01,11
734,2024-09-01,9
734,2024-10-01,9
734,2024-11-01,6
734,2024-12-01,5
734,2025-01-01,3
734,2025-02-01,1
734,2025-03-01,1
734,2025-04-01,1
734,2025-05-01,1
734,2025-06-01,1
734,2025-07-01,1
734,2025-08-01,1
734,2025-09-01,1
734,2025-10-01,1
734,2025-11-01,1
734,2025-12-01,1
735,2024-01-01,60
735,2024-02-01,60
735,2024-03-01,58
735,2024-04-01,57
735,2024-05-01,55
735,2024-06-01,54
735,2024-07-01,53
735,2024-08-01,50
735,2024-09-01,48
735,2024-10-01,47
735,2024-11-01,46
735,2024-12-01,43
735,2025-01-01,41
735,2025-02-01,41
735,2025-03-01,38
735,2025-04-01,37
735,2025-05-01,35
735,2025-06-01,34
735,2025-07-01,31
735,2025-08-01,28
735,2025-09-01,26
735,2025-10-01,23
735,2025-11-01,20
735,2025-12-01,20
736,2024-01-01,53
736,2024-02-01,53
736,2024-03-01,51
736,2024-04-01,48
736,2024-05-01,47
736,2024-06-01,46
736,2024-07-01,45
736,2024-08-01,42
736,2024-09-01,41
736,2024-10-01,40
736,2024-11-01,37
736,2024-12-01,35
736,2025-01-01,34
736,2025-02-01,31
736,2025-03-01,31
736,2025-04-01,28
736,2025-05-01,28
736,2025-06-01,25
736,2025-07-01,24
736,2025-08-01,22
736,2025-09-01,20
736,2025-10-01,19
736,2025-11-01,19
736,2025-12-01,16
737,2024-01-01,46
737,2024-02-01,45
737,2024-03-01,44
737,2024-04-01,41
737,2024-05-01,39
737,2024-06-01,37
737,2024-07-01,37
737,2024-08-01,34
737,2024-09-01,34
737,2024-10-01,33
737,2024-11-01,33
737,2024-12-01,32
737,2025-01-01,29
737,2025-02-01,26
737,2025-03-01,23
737,2025-04-01,20
737,2025-05-01,20
737,2025-06-01,19
737,2025-07-01,17
737,2025-08-01,14
737,2025-09-01,11
737,2025-10-01,10
737,2025-11-01,8
737,2025-12-01,5
738,2024-01-01,51
738,2024-02-01,51
738,2024-03-01,49
738,2024-04-01,48
738,2024-05-01,47
738,2024-06-01,47
738,2024-07-01,46
738,2024-08-01,45
738,2024-09-01,44
738,2024-10-01,42
738,2024-11-01,40
738,2024-12-01,39
738,2025-01-01,39
738,2025-02-01,38
738,2025-03-01,35
738,2025-04-01,35
738,2025-05-01,33
738,2025-06-01,30
738,2025-07-01,29
738,2025-08-01,28
738,2025-09-01,28
738,2025-10-01,28
738,2025-11-01,27
738,2025-12-01,26
739,2024-01-01,73
739,2024-02-01,71
739,2024-03-01,71
739,2024-04-01,68
739,2024-05-01,67
739,2024-06-01,65
739,2024-07-01,62
739,2024-08-01,60
739,2024-09-01,58
739,2024-10-01,56
739,2024-11-01,53
739,2024-12-01,50
739,2025-01-01,49
739,2025-02-01,47
739,2025-03-01,47
739,2025-04-01,47
739,2025-05-01,47
739,2025-06-01,44
739,2025-07-01,43
739,2025-08-01,40
739,2025-09-01,38
739,2025-10-01,38
739,2025-11-01,35
739,2025-12-01,35
740,2024-01-01,35
740,2024-02-01,33
740,2024-03-01,33
740,2024-04-01,31
740,2024-05-01,29
740,2024-06-01,26
740,2024-07-01,23
740,2024-08-01,20
740,2024-09-01,18
740,2024-10-01,17
740,2024-11-01,16
740,2024-12-01,14
740,2025-01-01,12
740,2025-02-01,9
740,2025-03-01,6
740,2025-04-01,3
740,2025-05-01,2
740,2025-06-01,1
740,2025-07-01,1
740,2025-08-01,1
740,2025-09-01,1
740,2025-10-01,1
740,2025-11-01,1
740,2025-12-01,1
741,2024-01-01,71
741,2024-02-01,69
741,2024-03-01,67
741,2024-04-01,66
741,2024-05-01,63
741,2024-06-01,63
741,2024-07-01,60
741,2024-08-01,57
741,2024-09-01,56
741,2024-10-01,56
741,2024-11-01,56
741,2024-12-01,54
741,2025-01-01,51
741,2025-02-01,51
741,2025-03-01,49
741,2025-04-01,49
741,2025-05-01,46
741,2025-06-01,44
741,2025-07-01,44
741,2025-08-01,43
741,2025-09-01,43
741,2025-10-01,40
741,2025-11-01,39
741,2025-12-01,39
742,2024-01-01,74
742,2024-02-01,71
742,2024-03-01,71
742,2024-04-01,71
742,2024-05-01,71
742,2024-06-01,68
742,2024-07-01,67
742,2024-08-01,64
742,2024-09-01,62
742,2024-10-01,60
742,2024-11-01,57
742,2024-12-01,57
742,2025-01-01,57
742,2025-02-01,56
742,2025-03-01,53
742,2025-04-01,50
742,2025-05-01,50
742,2025-06-01,48
742,2025-07-01,46
742,2025-08-01,45
742,2025-09-01,44
742,2025-10-01,42
742,2025-11-01,39
742,2025-12-01,38
743,2024-01-01,33
743,2024-02-01,33
743,2024-03-01,32
743,2024-04-01,30
743,2024-05-01,29
743,2024-06-01,27
743,2024-07-01,24
743,2024-08-01,23
743,2024-09-01,22
743,2024-10-01,21
743,2024-11-01,18
743,2024-12-01,18
743,2025-01-01,18
743,2025-02-01,16
743,2025-03-01,15
743,2025-04-01,15
743,2025-05-01,12
743,2025-06-01,11
743,2025-07-01,9
743,2025-08-01,9
743,2025-09-01,6
743,2025-10-01,3
743,2025-11-01,1
743,2025-12-01,1
744,2024-01-01,38
744,2024-02-01,36
744,2024-03-01,33
744,2024-04-01,30
744,2024-05-01,30
744,2024-06-01,30
744,2024-07-01,29
744,2024-08-01,26
744,2024-09-01,24
744,2024-10-01,21
744,2024-11-01,19
744,2024-12-01,16
744,2025-01-01,14
744,2025-02-01,11
744,2025-03-01,8
744,2025-04-01,7
744,2025-05-01,7
744,2025-06-01,7
744,2025-07-01,5
744,2025-08-01,2
744,2025-09-01,1
744,2025-10-01,1
744,2025-11-01,1
744,2025-12-01,1
745,2024-01-01,60
745,2024-02-01,57
745,2024-03-01,55
745,2024-04-01,55
745,2024-05-01,52
745,2024-06-01,49
745,2024-07-01,48
745,2024-08-01,46
745,2024-09-01,44
745,2024-10-01,43
745,2024-11-01,42
745,2024-12-01,41
745,2025-01-01,38
745,2025-02-01,35
745,2025-03-01,32
745,2025-04-01,32
745,2025-05-01,32
745,2025-06-01,30
745,2025-07-01,29
745,2025-08-01,28
745,2025-09-01,25
745,2025-10-01,25
745,2025-11-01,24
745,2025-12-01,22
746,2024-01-01,18
746,2024-02-01,15
746,2024-03-01,15
746,2024-04-01,13
746,2024-05-01,11
746,2024-06-01,10
746,2024-07-01,8
746,2024-08-01,7
746,2024-09-01,6
746,2024-10-01,6
746,2024-11-01,4
746,2024-12-01,1
746,2025-01-01,1
746,2025-02-01,1
746,2025-03-01,1
746,2025-04-01,1
746,2025-05-01,1
746,2025-06-01,1
746,2025-07-01,1
746,2025-08-01,1
746,2025-09-01,1
746,2025-10-01,1
746,2025-11-01,1
746,2025-12-01,1
747,2024-01-01,56
747,2024-02-01,55
747,2024-03-01,53
747,2024-04-01,52
747,2024-05-01,50
747,2024-06-01,47
747,2024-07-01,45
747,2024-08-01,43
747,2024-09-01,41
747,2024-10-01,41
747,2024-11-01,38
747,2024-12-01,37
747,2025-01-01,37
747,2025-02-01,34
747,2025-03-01,32
747,2025-04-01,30
747,2025-05-01,29
747,2025-06-01,28
747,2025-07-01,25
747,2025-08-01,22
747,2025-09-01,21
747,2025-10-01,18
747,2025-11-01,17
747,2025-12-01,15
748,2024-01-01,33
748,2024-02-01,32
748,2024-03-01,31
748,2024-04-01,31
748,2024-05-01,31
748,2024-06-01,31
748,2024-07-01,31
748,2024-08-01,30
748,2024-09-01,27
748,2024-10-01,27
748,2024-11-01,25
748,2024-12-01,24
748,2025-01-01,21
748,2025-02-01,19
748,2025-03-01,18
748,2025-04-01,17
748,2025-05-01,15
748,2025-06-01,15
748,2025-07-01,15
748,2025-08-01,13
748,2025-09-01,10
748,2025-10-01,10
748,2025-11-01,9
748,2025-12-01,8
749,2024-01-01,42
749,2024-02-01,42
749,2024-03-01,39
749,2024-04-01,39
749,2024-05-01,36
749,2024-06-01,34
749,2024-07-01,33
749,2024-08-01,30
749,2024-09-01,28
749,2024-10-01,28
749,2024-11-01,26
749,2024-12-01,26
749,2025-01-01,23
749,2025-02-01,20
749,2025-03-01,19
749,2025-04-01,18
749,2025-05-01,15
749,2025-06-01,15
749,2025-07-01,15
749,2025-08-01,12
749,2025-09-01,12
749,2025-10-01,9
749,2025-11-01,8
749,2025-12-01,8
750,2024-01-01,59
750,2024-02-01,58
750,2024-03-01,56
750,2024-04-01,55
750,2024-05-01,54
750,2024-06-01,54
750,2024-07-01,53
750,2024-08-01,50
750,2024-09-01,50
750,2024-10-01,50
750,2024-11-01,50
750,2024-12-01,49
750,2025-01-01,49
750,2025-02-01,47
750,2025-03-01,45
750,2025-04-01,44
750,2025-05-01,44
750,2025-06-01,41
750,2025-07-01,38
750,2025-08-01,36
750,2025-09-01,35
750,2025-10-01,34
750,2025-11-01,33
750,2025-12-01,32
751,2024-01-01,37
751,2024-02-01,37
751,2024-03-01,37
751,2024-04-01,34
751,2024-05-01,34
751,2024-06-01,33
751,2024-07-01,32
751,2024-08-01,29
751,2024-09-01,26
751,2024-10-01,24
751,2024-11-01,21
751,2024-12-01,19
751,2025-01-01,19
751,2025-02-01,18
751,2025-03-01,16
751,2025-04-01,14
751,2025-05-01,12
751,2025-06-01,9
751,2025-07-01,6
751,2025-08-01,3
751,2025-09-01,1
751,2025-10-01,1
751,2025-11-01,1
751,2025-12-01,1
752,2024-01-01,33
752,2024-02-01,30
752,2024-03-01,28
752,2024-04-01,26
752,2024-05-01,23
752,2024-06-01,22
752,2024-07-01,19
752,2024-08-01,18
752,2024-09-01,18
752,2024-10-01,15
752,2024-11-01,14
752,2024-12-01,14
752,2025-01-01,14
752,2025-02-01,12
752,2025-03-01,12
752,2025-04-01,10
752,2025-05-01,10
752,2025-06-01,10
752,2025-07-01,9
752,2025-08-01,8
752,2025-09-01,6
752,2025-10-01,3
752,2025-11-01,2
752,2025-12-01,2
753,2024-01-01,36
753,2024-02-01,34
753,2024-03-01,34
753,2024-04-01,33
753,2024-05-01,30
753,2024-06-01,28
753,2024-07-01,28
753,2024-08-01,27
753,2024-09-01,26
753,2024-10-01,23
753,2024-11-01,21
753,2024-12-01,21
753,2025-01-01,20
753,2025-02-01,20
753,2025-03-01,19
753,2025-04-01,17
753,2025-05-01,15
753,2025-06-01,12
753,2025-07-01,11
753,2025-08-01,11
753,2025-09-01,10
753,2025-10-01,10
753,2025-11-01,7
753,2025-12-01,6
754,2024-01-01,34
754,2024-02-01,31
754,2024-03-01,28
754,2024-04-01,28
754,2024-05-01,27
754,2024-06-01,25
754,2024-07-01,23
754,2024-08-01,23
754,2024-09-01,23
754,2024-10-01,23
754,2024-11-01,20
754,2024-12-01,17
754,2025-01-01,15
754,2025-02-01,14
754,2025-03-01,14
754,2025-04-01,11
754,2025-05-01,10
754,2025-06-01,10
754,2025-07-01,9
754,2025-08-01,9
754,2025-09-01,8
754,2025-10-01,6
754,2025-11-01,6
754,2025-12-01,6
755,2024-01-01,78
755,2024-02-01,78
755,2024-03-01,75
755,2024-04-01,73
755,2024-05-01,70
755,2024-06-01,68
755,2024-07-01,67
755,2024-08-01,65
755,2024-09-01,63
755,2024-10-01,60
755,2024-11-01,60
755,2024-12-01,58
755,2025-01-01,58
755,2025-02-01,56
755,2025-03-01,53
755,2025-04-01,51
755,2025-05-01,50
755,2025-06-01,48
755,2025-07-01,46
755,2025-08-01,46
755,2025-09-01,46
755,2025-10-01,45
755,2025-11-01,43
755,2025-12-01,43
756,2024-01-01,75
756,2024-02-01,72
756,2024-03-01,71
756,2024-04-01,68
756,2024-05-01,68
756,2024-06-01,68
756,2024-07-01,67
756,2024-08-01,65
756,2024-09-01,65
756,2024-10-01,62
756,2024-11-01,62
756,2024-12-01,61
756,2025-01-01,58
756,2025-02-01,55
756,2025-03-01,52
756,2025-04-01,51
756,2025-05-01,50
756,2025-06-01,48
756,2025-07-01,46
756,2025-08-01,44
756,2025-09-01,43
756,2025-10-01,40
756,2025-11-01,37
756,2025-12-01,37
757,2024-01-01,55
757,2024-02-01,52
757,2024-03-01,49
757,2024-04-01,46
757,2024-05-01,45
757,2024-06-01,43
757,2024-07-01,40
757,2024-08-01,37
757,2024-09-01,34
757,2024-10-01,31
757,2024-11-01,31
757,2024-12-01,28
757,2025-01-01,25
757,2025-02-01,22
757,2025-03-01,22
757,2025-04-01,21
757,2025-05-01,21
757,2025-06-01,18
757,2025-07-01,17
757,2025-08-01,14
757,2025-09-01,13
757,2025-10-01,10
757,2025-11-01,7
757,2025-12-01,6
758,2024-01-01,38
758,2024-02-01,38
758,2024-03-01,38
758,2024-04-01,38
758,2024-05-01,38
758,2024-06-01,37
758,2024-07-01,36
758,2024-08-01,36
758,2024-09-01,34
758,2024-10-01,32
758,2024-11-01,30
758,2024-12-01,27
758,2025-01-01,27
758,2025-02-01,24
758,2025-03-01,23
758,2025-04-01,22
758,2025-05-01,20
758,2025-06-01,18
758,2025-07-01,17
758,2025-08-01,15
758,2025-09-01,13
758,2025-10-01,12
758,2025-11-01,9
758,2025-12-01,7
759,2024-01-01,73
759,2024-02-01,73
759,2024-03-01,70
759,2024-04-01,67
759,2024-05-01,65
759,2024-06-01,62
759,2024-07-01,62
759,2024-08-01,61
759,2024-09-01,61
759,2024-10-01,60
759,2024-11-01,60
759,2024-12-01,60
759,2025-01-01,57
759,2025-02-01,57
759,2025-03-01,55
759,2025-04-01,53
759,2025-05-01,51
759,2025-06-01,49
759,2025-07-01,46
759,2025-08-01,44
759,2025-09-01,44
759,2025-10-01,42
759,2025-11-01,39
759,2025-12-01,38
760,2024-01-01,40
760,2024-02-01,37
760,2024-03-01,36
760,2024-04-01,34
760,2024-05-01,33
760,2024-06-01,33
760,2024-07-01,33
760,2024-08-01,33
760,2024-09-01,32
760,2024-10-01,30
760,2024-11-01,30
760,2024-12-01,27
760,2025-01-01,25
760,2025-02-01,25
760,2025-03-01,23
760,2025-04-01,20
760,2025-05-01,19
760,2025-06-01,19
760,2025-07-01,16
760,2025-08-01,16
760,2025-09-01,16
760,2025-10-01,15
760,2025-11-01,14
760,2025-12-01,12
761,2024-01-01,60
761,2024-02-01,59
761,2024-03-01,59
761,2024-04-01,57
761,2024-05-01,56
761,2024-06-01,54
761,2024-07-01,52
761,2024-08-01,49
761,2024-09-01,47
761,2024-10-01,44
761,2024-11-01,44
761,2024-12-01,44
761,2025-01-01,43
761,2025-02-01,43
761,2025-03-01,40
761,2025-04-01,38
761,2025-05-01,36
761,2025-06-01,36
761,2025-07-01,33
761,2025-08-01,31
761,2025-09-01,31
761,2025-10-01,28
761,2025-11-01,25
761,2025-12-01,23
762,2024-01-01,28
762,2024-02-01,25
762,2024-03-01,22
762,2024-04-01,22
762,2024-05-01,19
762,2024-06-01,19
762,2024-07-01,19
762,2024-08-01,19
762,2024-09-01,16
762,2024-10-01,13
762,2024-11-01,13
762,2024-12-01,11
762,2025-01-01,8
762,2025-02-01,7
762,2025-03-01,5
762,2025-04-01,4
762,2025-05-01,1
762,2025-06-01,1
762,2025-07-01,1
762,2025-08-01,1
762,2025-09-01,1
762,2025-10-01,1
762,2025-11-01,1
762,2025-12-01,1
763,2024-01-01,27
763,2024-02-01,27
763,2024-03-01,24
763,2024-04-01,21
763,2024-05-01,18
763,2024-06-01,18
763,2024-07-01,15
763,2024-08-01,13
763,2024-09-01,12
763,2024-10-01,9
763,2024-11-01,6
763,2024-12-01,5
763,2025-01-01,4
763,2025-02-01,3
763,2025-03-01,3
763,2025-04-01,3
763,2025-05-01,1
763,2025-06-01,1
763,2025-07-01,1
763,2025-08-01,1
763,2025-09-01,1
763,2025-10-01,1
763,2025-11-01,1
763,2025-12-01,1
764,2024-01-01,18
764,2024-02-01,16
764,2024-03-01,13
764,2024-04-01,10
764,2024-05-01,9
764,2024-06-01,8
764,2024-07-01,5
764,2024-08-01,5
764,2024-09-01,2
764,2024-10-01,1
764,2024-11-01,1
764,2024-12-01,1
764,2025-01-01,1
764,2025-02-01,1
764,2025-03-01,1
764,2025-04-01,1
764,2025-05-01,1
764,2025-06-01,1
764,2025-07-01,1
764,2025-08-01,1
764,2025-09-01,1
764,2025-10-01,1
764,2025-11-01,1
764,2025-12-01,1
765,2024-01-01,34
765,2024-02-01,34
765,2024-03-01,34
765,2024-04-01,31
765,2024-05-01,28
765,2024-06-01,28
765,2024-07-01,28
765,2024-08-01,28
765,2024-09-01,25
765,2024-10-01,22
765,2024-11-01,21
765,2024-12-01,19
765,2025-01-01,16
765,2025-02-01,16
765,2025-03-01,14
765,2025-04-01,11
765,2025-05-01,9
765,2025-06-01,8
765,2025-07-01,5
765,2025-08-01,5
765,2025-09-01,5
765,2025-10-01,4
765,2025-11-01,3
765,2025-12-01,2
766,2024-01-01,48
766,2024-02-01,45
766,2024-03-01,42
766,2024-04-01,40
766,2024-05-01,39
766,2024-06-01,39
766,2024-07-01,39
766,2024-08-01,38
766,2024-09-01,37
766,2024-10-01,36
766,2024-11-01,35
766,2024-12-01,34
766,2025-01-01,34
766,2025-02-01,32
766,2025-03-01,31
766,2025-04-01,30
766,2025-05-01,29
766,2025-06-01,26
766,2025-07-01,26
766,2025-08-01,26
766,2025-09-01,24
766,2025-10-01,21
766,2025-11-01,18
766,2025-12-01,15
767,2024-01-01,68
767,2024-02-01,66
767,2024-03-01,63
767,2024-04-01,63
767,2024-05-01,60
767,2024-06-01,58
767,2024-07-01,55
767,2024-08-01,54
767,2024-09-01,51
767,2024-10-01,48
767,2024-11-01,48
767,2024-12-01,48
767,2025-01-01,48
767,2025-02-01,47
767,2025-03-01,47
767,2025-04-01,46
767,2025-05-01,44
767,2025-06-01,44
767,2025-07-01,41
767,2025-08-01,38
767,2025-09-01,37
767,2025-10-01,37
767,2025-11-01,34
767,2025-12-01,32
768,2024-01-01,38
768,2024-02-01,35
768,2024-03-01,35
768,2024-04-01,34
768,2024-05-01,31
768,2024-06-01,29
768,2024-07-01,29
768,2024-08-01,27
768,2024-09-01,25
768,2024-10-01,24
768,2024-11-01,23
768,2024-12-01,20
768,2025-01-01,19
768,2025-02-01,18
768,2025-03-01,15
768,2025-04-01,12
768,2025-05-01,9
768,2025-06-01,6
768,2025-07-01,4
768,2025-08-01,2
768,2025-09-01,1
768,2025-10-01,1
768,2025-11-01,1
768,2025-12-01,1
769,2024-01-01,23
769,2024-02-01,21
769,2024-03-01,19
769,2024-04-01,19
769,2024-05-01,19
769,2024-06-01,17
769,2024-07-01,16
769,2024-08-01,16
769,2024-09-01,13
769,2024-10-01,13
769,2024-11-01,11
769,2024-12-01,9
769,2025-01-01,9
769,2025-02-01,9
769,2025-03-01,6
769,2025-04-01,3
769,2025-05-01,2
769,2025-06-01,1
769,2025-07-01,1
769,2025-08-01,1
769,2025-09-01,1
769,2025-10-01,1
769,2025-11-01,1
769,2025-12-01,1
770,2024-01-01,31
770,2024-02-01,31
770,2024-03-01,29
770,2024-04-01,28
770,2024-05-01,26
770,2024-06-01,25
770,2024-07-01,25
770,2024-08-01,24
770,2024-09-01,22
770,2024-10-01,21
770,2024-11-01,19
770,2024-12-01,16
770,2025-01-01,16
770,2025-02-01,14
770,2025-03-01,11
770,2025-04-01,11
770,2025-05-01,8
770,2025-06-01,6
770,2025-07-01,6
770,2025-08-01,3
770,2025-09-01,1
770,2025-10-01,1
770,2025-11-01,1
770,2025-12-01,1
771,2024-01-01,18
771,2024-02-01,15
771,2024-03-01,12
771,2024-04-01,10
771,2024-05-01,10
771,2024-06-01,9
771,2024-07-01,9
771,2024-08-01,8
771,2024-09-01,8
771,2024-10-01,6
771,2024-11-01,5
771,2024-12-01,3
771,2025-01-01,2
771,2025-02-01,1
771,2025-03-01,1
771,2025-04-01,1
771,2025-05-01,1
771,2025-06-01,1
771,2025-07-01,1
771,2025-08-01,1
771,2025-09-01,1
771,2025-10-01,1
771,2025-11-01,1
771,2025-12-01,1
772,2024-01-01,52
772,2024-02-01,51
772,2024-03-01,49
772,2024-04-01,47
772,2024-05-01,46
772,2024-06-01,43
772,2024-07-01,41
772,2024-08-01,39
772,2024-09-01,37
772,2024-10-01,36
772,2024-11-01,36
772,2024-12-01,36
772,2025-01-01,36
772,2025-02-01,36
772,2025-03-01,36
772,2025-04-01,34
772,2025-05-01,32
772,2025-06-01,29
772,2025-07-01,27
772,2025-08-01,26
772,2025-09-01,23
772,2025-10-01,21
772,2025-11-01,18
772,2025-12-01,15
773,2024-01-01,49
773,2024-02-01,47
773,2024-03-01,47
773,2024-04-01,45
773,2024-05-01,45
773,2024-06-01,43
773,2024-07-01,43
773,2024-08-01,43
773,2024-09-01,42
773,2024-10-01,40
773,2024-11-01,37
773,2024-12-01,37
773,2025-01-01,35
773,2025-02-01,35
773,2025-03-01,34
773,2025-04-01,33
773,2025-05-01,32
773,2025-06-01,31
773,2025-07-01,28
773,2025-08-01,25
773,2025-09-01,25
773,2025-10-01,23
773,2025-11-01,22
773,2025-12-01,21
774,2024-01-01,20
774,2024-02-01,19
774,2024-03-01,17
774,2024-04-01,17
774,2024-05-01,17
774,2024-06-01,17
774,2024-07-01,17
774,2024-08-01,15
774,2024-09-01,13
774,2024-10-01,11
774,2024-11-01,8
774,2024-12-01,7
774,2025-01-01,5
774,2025-02-01,5
774,2025-03-01,3
774,2025-04-01,2
774,2025-05-01,1
774,2025-06-01,1
774,2025-07-01,1
774,2025-08-01,1
774,2025-09-01,1
774,2025-10-01,1
774,2025-11-01,1
774,2025-12-01,1
775,2024-01-01,19
775,2024-02-01,17
775,2024-03-01,15
775,2024-04-01,15
775,2024-05-01,14
775,2024-06-01,14
775,2024-07-01,12
775,2024-08-01,11
775,2024-09-01,9
775,2024-10-01,9
775,2024-11-01,9
775,2024-12-01,7
775,2025-01-01,6
775,2025-02-01,6
775,2025-03-01,4
775,2025-04-01,1
775,2025-05-01,1
775,2025-06-01,1
775,2025-07-01,1
775,2025-08-01,1
775,2025-09-01,1
775,2025-10-01,1
775,2025-11-01,1
775,2025-12-01,1
776,2024-01-01,69
776,2024-02-01,67
776,2024-03-01,64
776,2024-04-01,61
776,2024-05-01,60
776,2024-06-01,57
776,2024-07-01,55
776,2024-08-01,52
776,2024-09-01,50
776,2024-10-01,48
776,2024-11-01,45
776,2024-12-01,44
776,2025-01-01,44
776,2025-02-01,43
776,2025-03-01,43
776,2025-04-01,42
776,2025-05-01,40
776,2025-06-01,38
776,2025-07-01,35
776,2025-08-01,35
776,2025-09-01,35
776,2025-10-01,32
776,2025-11-01,31
776,2025-12-01,28
777,2024-01-01,74
777,2024-02-01,74
777,2024-03-01,74
777,2024-04-01,73
777,2024-05-01,73
777,2024-06-01,73
777,2024-07-01,73
777,2024-08-01,73
777,2024-09-01,71
777,2024-10-01,68
777,2024-11-01,65
777,2024-12-01,63
777,2025-01-01,63
777,2025-02-01,60
777,2025-03-01,57
777,2025-04-01,54
777,2025-05-01,53
777,2025-06-01,51
777,2025-07-01,50
777,2025-08-01,49
777,2025-09-01,47
777,2025-10-01,44
777,2025-11-01,43
777,2025-12-01,40
778,2024-01-01,34
778,2024-02-01,34
778,2024-03-01,34
778,2024-04-01,34
778,2024-05-01,32
778,2024-06-01,32
778,2024-07-01,31
778,2024-08-01,28
778,2024-09-01,25
778,2024-10-01,22
778,2024-11-01,19
778,2024-12-01,18
778,2025-01-01,15
778,2025-02-01,14
778,2025-03-01,13
778,2025-04-01,10
778,2025-05-01,7
778,2025-06-01,4
778,2025-07-01,3
778,2025-08-01,1
778,2025-09-01,1
778,2025-10-01,1
778,2025-11-01,1
778,2025-12-01,1
779,2024-01-01,73
779,2024-02-01,71
779,2024-03-01,70
779,2024-04-01,69
779,2024-05-01,68
779,2024-06-01,67
779,2024-07-01,67
779,2024-08-01,67
779,2024-09-01,64
779,2024-10-01,62
779,2024-11-01,60
779,2024-12-01,57
779,2025-01-01,54
779,2025-02-01,51
779,2025-03-01,51
779,2025-04-01,48
779,2025-05-01,46
779,2025-06-01,43
779,2025-07-01,42
779,2025-08-01,40
779,2025-09-01,38
779,2025-10-01,36
779,2025-11-01,36
779,2025-12-01,36
780,2024-01-01,53
780,2024-02-01,51
780,2024-03-01,51
780,2024-04-01,50
780,2024-05-01,48
780,2024-06-01,48
780,2024-07-01,47
780,2024-08-01,44
780,2024-09-01,41
780,2024-10-01,39
780,2024-11-01,36
780,2024-12-01,36
780,2025-01-01,35
780,2025-02-01,33
780,2025-03-01,32
780,2025-04-01,31
780,2025-05-01,30
780,2025-06-01,30
780,2025-07-01,28
780,2025-08-01,25
780,2025-09-01,24
780,2025-10-01,23
780,2025-11-01,22
780,2025-12-01,22
781,2024-01-01,78
781,2024-02-01,78
781,2024-03-01,78
781,2024-04-01,77
781,2024-05-01,76
781,2024-06-01,76
781,2024-07-01,76
781,2024-08-01,75
781,2024-09-01,75
781,2024-10-01,75
781,2024-11-01,74
781,2024-12-01,73
781,2025-01-01,71
781,2025-02-01,68
781,2025-03-01,67
781,2025-04-01,66
781,2025-05-01,65
781,2025-06-01,62
781,2025-07-01,60
781,2025-08-01,60
781,2025-09-01,57
781,2025-10-01,56
781,2025-11-01,55
781,2025-12-01,53
782,2024-01-01,56
782,2024-02-01,56
782,2024-03-01,53
782,2024-04-01,50
782,2024-05-01,48
782,2024-06-01,48
782,2024-07-01,45
782,2024-08-01,44
782,2024-09-01,43
782,2024-10-01,42
782,2024-11-01,39
782,2024-12-01,37
782,2025-01-01,36
782,2025-02-01,34
782,2025-03-01,34
782,2025-04-01,33
782,2025-05-01,33
782,2025-06-01,31
782,2025-07-01,28
782,2025-08-01,26
782,2025-09-01,25
782,2025-10-01,24
782,2025-11-01,22
782,2025-12-01,21
783,2024-01-01,53
783,2024-02-01,50
783,2024-03-01,48
783,2024-04-01,48
783,2024-05-01,47
783,2024-06-01,47
783,2024-07-01,44
783,2024-08-01,42
783,2024-09-01,39
783,2024-10-01,36
783,2024-11-01,36
783,2024-12-01,36
783,2025-01-01,33
783,2025-02-01,32
783,2025-03-01,30
783,2025-04-01,29
783,2025-05-01,28
783,2025-06-01,26
783,2025-07-01,26
783,2025-08-01,25
783,2025-09-01,25
783,2025-10-01,23
783,2025-11-01,22
783,2025-12-01,22
784,2024-01-01,43
784,2024-02-01,40
784,2024-03-01,40
784,2024-04-01,38
784,2024-05-01,37
784,2024-06-01,37
784,2024-07-01,37
784,2024-08-01,37
784,2024-09-01,35
784,2024-10-01,35
784,2024-11-01,35
784,2024-12-01,34
784,2025-01-01,34
784,2025-02-01,32
784,2025-03-01,31
784,2025-04-01,28
784,2025-05-01,27
784,2025-06-01,27
784,2025-07-01,24
784,2025-08-01,23
784,2025-09-01,23
784,2025-10-01,22
784,2025-11-01,20
784,2025-12-01,20
785,2024-01-01,38
785,2024-02-01,36
785,2024-03-01,33
785,2024-04-01,31
785,2024-05-01,30
785,2024-06-01,30
785,2024-07-01,29
785,2024-08-01,27
785,2024-09-01,27
785,2024-10-01,25
785,2024-11-01,22
785,2024-12-01,19
785,2025-01-01,16
785,2025-02-01,14
785,2025-03-01,12
785,2025-04-01,9
785,2025-05-01,7
785,2025-06-01,6
785,2025-07-01,4
785,2025-08-01,3
785,2025-09-01,1
785,2025-10-01,1
785,2025-11-01,1
785,2025-12-01,1
786,2024-01-01,64
786,2024-02-01,61
786,2024-03-01,58
786,2024-04-01,55
786,2024-05-01,55
786,2024-06-01,55
786,2024-07-01,52
786,2024-08-01,50
786,2024-09-01,48
786,2024-10-01,45
786,2024-11-01,44
786,2024-12-01,44
786,2025-01-01,44
786,2025-02-01,43
786,2025-03-01,40
786,2025-04-01,38
786,2025-05-01,36
786,2025-06-01,36
786,2025-07-01,35
786,2025-08-01,33
786,2025-09-01,33
786,2025-10-01,31
786,2025-11-01,29
786,2025-12-01,27
787,2024-01-01,39
787,2024-02-01,36
787,2024-03-01,35
787,2024-04-01,33
787,2024-05-01,32
787,2024-06-01,30
787,2024-07-01,30
787,2024-08-01,30
787,2024-09-01,30
787,2024-10-01,28
787,2024-11-01,27
787,2024-12-01,24
787,2025-01-01,21
787,2025-02-01,21
787,2025-03-01,18
787,2025-04-01,16
787,2025-05-01,15
787,2025-06-01,12
787,2025-07-01,9
787,2025-08-01,8
787,2025-09-01,5
787,2025-10-01,4
787,2025-11-01,2
787,2025-12-01,1
788,2024-01-01,50
788,2024-02-01,48
788,2024-03-01,45
788,2024-04-01,45
788,2024-05-01,45
788,2024-06-01,45
788,2024-07-01,43
788,2024-08-01,43
788,2024-09-01,41
788,2024-10-01,39
788,2024-11-01,39
788,2024-12-01,39
788,2025-01-01,36
788,2025-02-01,36
788,2025-03-01,34
788,2025-04-01,31
788,2025-05-01,28
788,2025-06-01,26
788,2025-07-01,26
788,2025-08-01,26
788,2025-09-01,25
788,2025-10-01,25
788,2025-11-01,24
788,2025-12-01,21
789,2024-01-01,32
789,2024-02-01,31
789,2024-03-01,29
789,2024-04-01,27
789,2024-05-01,24
789,2024-06-01,23
789,2024-07-01,22
789,2024-08-01,19
789,2024-09-01,19
789,2024-10-01,16
789,2024-11-01,15
789,2024-12-01,15
789,2025-01-01,13
789,2025-02-01,13
789,2025-03-01,11
789,2025-04-01,10
789,2025-05-01,7
789,2025-06-01,4
789,2025-07-01,1
789,2025-08-01,1
789,2025-09-01,1
789,2025-10-01,1
789,2025-11-01,1
789,2025-12-01,1
790,2024-01-01,45
790,2024-02-01,43
790,2024-03-01,41
790,2024-04-01,39
790,2024-05-01,37
790,2024-06-01,34
790,2024-07-01,32
790,2024-08-01,32
790,2024-09-01,29
790,2024-10-01,27
790,2024-11-01,24
790,2024-12-01,21
790,2025-01-01,18
790,2025-02-01,17
790,2025-03-01,15
790,2025-04-01,14
790,2025-05-01,14
790,2025-06-01,14
790,2025-07-01,13
790,2025-08-01,11
790,2025-09-01,8
790,2025-10-01,8
790,2025-11-01,8
790,2025-12-01,8
791,2024-01-01,69
791,2024-02-01,68
791,2024-03-01,66
791,2024-04-01,66
791,2024-05-01,64
791,2024-06-01,62
791,2024-07-01,61
791,2024-08-01,59
791,2024-09-01,57
791,2024-10-01,57
791,2024-11-01,54
791,2024-12-01,54
791,2025-01-01,53
791,2025-02-01,50
791,2025-03-01,50
791,2025-04-01,48
791,2025-05-01,46
791,2025-06-01,43
791,2025-07-01,40
791,2025-08-01,38
791,2025-09-01,37
791,2025-10-01,37
791,2025-11-01,35
791,2025-12-01,35
792,2024-01-01,52
792,2024-02-01,52
792,2024-03-01,51
792,2024-04-01,50
792,2024-05-01,49
792,2024-06-01,47
792,2024-07-01,45
792,2024-08-01,43
792,2024-09-01,42
792,2024-10-01,42
792,2024-11-01,41
792,2024-12-01,39
792,2025-01-01,36
792,2025-02-01,34
792,2025-03-01,34
792,2025-04-01,33
792,2025-05-01,30
792,2025-06-01,27
792,2025-07-01,27
792,2025-08-01,26
792,2025-09-01,23
792,2025-10-01,21
792,2025-11-01,21
792,2025-12-01,18
793,2024-01-01,43
793,2024-02-01,42
793,2024-03-01,41
793,2024-04-01,39
793,2024-05-01,36
793,2024-06-01,35
793,2024-07-01,33
793,2024-08-01,32
793,2024-09-01,31
793,2024-10-01,28
793,2024-11-01,26
793,2024-12-01,25
793,2025-01-01,23
793,2025-02-01,21
793,2025-03-01,20
793,2025-04-01,19
793,2025-05-01,19
793,2025-06-01,16
793,2025-07-01,15
793,2025-08-01,15
793,2025-09-01,12
793,2025-10-01,11
793,2025-11-01,9
793,2025-12-01,6
794,2024-01-01,74
794,2024-02-01,73
794,2024-03-01,73
794,2024-04-01,72
794,2024-05-01,71
794,2024-06-01,69
794,2024-07-01,69
794,2024-08-01,67
794,2024-09-01,65
794,2024-10-01,63
794,2024-11-01,63
794,2024-12-01,62
794,2025-01-01,61
794,2025-02-01,61
794,2025-03-01,60
794,2025-04-01,60
794,2025-05-01,60
794,2025-06-01,59
794,2025-07-01,56
794,2025-08-01,54
794,2025-09-01,54
794,2025-10-01,54
794,2025-11-01,51
794,2025-12-01,51
795,2024-01-01,39
795,2024-02-01,38
795,2024-03-01,35
795,2024-04-01,35
795,2024-05-01,33
795,2024-06-01,32
795,2024-07-01,30
795,2024-08-01,28
795,2024-09-01,25
795,2024-10-01,22
795,2024-11-01,22
795,2024-12-01,19
795,2025-01-01,18
795,2025-02-01,18
795,2025-03-01,18
795,2025-04-01,16
795,2025-05-01,14
795,2025-06-01,12
795,2025-07-01,12
795,2025-08-01,9
795,2025-09-01,6
795,2025-10-01,3
795,2025-11-01,3
795,2025-12-01,3
796,2024-01-01,20
796,2024-02-01,20
796,2024-03-01,17
796,2024-04-01,17
796,2024-05-01,14
796,2024-06-01,14
796,2024-07-01,11
796,2024-08-01,10
796,2024-09-01,9
796,2024-10-01,6
796,2024-11-01,5
796,2024-12-01,4
796,2025-01-01,1
796,2025-02-01,1
796,2025-03-01,1
796,2025-04-01,1
796,2025-05-01,1
796,2025-06-01,1
796,2025-07-01,1
796,2025-08-01,1
796,2025-09-01,1
796,2025-10-01,1
796,2025-11-01,1
796,2025-12-01,1
797,2024-01-01,21
797,2024-02-01,21
797,2024-03-01,21
797,2024-04-01,20
797,2024-05-01,17
797,2024-06-01,15
797,2024-07-01,15
797,2024-08-01,12
797,2024-09-01,10
797,2024-10-01,10
797,2024-11-01,7
797,2024-12-01,6
797,2025-01-01,6
797,2025-02-01,3
797,2025-03-01,1
797,2025-04-01,1
797,2025-05-01,1
797,2025-06-01,1
797,2025-07-01,1
797,2025-08-01,1
797,2025-09-01,1
797,2025-10-01,1
797,2025-11-01,1
797,2025-12-01,1
798,2024-01-01,59
798,2024-02-01,57
798,2024-03-01,55
798,2024-04-01,54
798,2024-05-01,54
798,2024-06-01,54
798,2024-07-01,54
798,2024-08-01,54
798,2024-09-01,52
798,2024-10-01,52
798,2024-11-01,51
798,2024-12-01,50
798,2025-01-01,49
798,2025-02-01,48
798,2025-03-01,48
798,2025-04-01,46
798,2025-05-01,43
798,2025-06-01,43
798,2025-07-01,40
798,2025-08-01,38
798,2025-09-01,38
798,2025-10-01,35
798,2025-11-01,33
798,2025-12-01,30
799,2024-01-01,44
799,2024-02-01,42
799,2024-03-01,40
799,2024-04-01,37
799,2024-05-01,35
799,2024-06-01,34
799,2024-07-01,33
799,2024-08-01,33
799,2024-09-01,30
799,2024-10-01,28
799,2024-11-01,26
799,2024-12-01,24
799,2025-01-01,21
799,2025-02-01,20
799,2025-03-01,18
799,2025-04-01,16
799,2025-05-01,15
799,2025-06-01,13
799,2025-07-01,13
799,2025-08-01,12
799,2025-09-01,11
799,2025-10-01,10
799,2025-11-01,10
799,2025-12-01,9
800,2024-01-01,60
800,2024-02-01,57
800,2024-03-01,56
800,2024-04-01,55
800,2024-05-01,54
800,2024-06-01,54
800,2024-07-01,51
800,2024-08-01,49
800,2024-09-01,47
800,2024-10-01,46
800,2024-11-01,46
800,2024-12-01,45
800,2025-01-01,43
800,2025-02-01,40
800,2025-03-01,38
800,2025-04-01,35
800,2025-05-01,32
800,2025-06-01,32
800,2025-07-01,30
800,2025-08-01,29
800,2025-09-01,29
800,2025-10-01,26
800,2025-11-01,24
800,2025-12-01,23
801,2024-01-01,35
801,2024-02-01,33
801,2024-03-01,32
801,2024-04-01,32
801,2024-05-01,31
801,2024-06-01,29
801,2024-07-01,29
801,2024-08-01,26
801,2024-09-01,26
801,2024-10-01,24
801,2024-11-01,23
801,2024-12-01,20
801,2025-01-01,17
801,2025-02-01,16
801,2025-03-01,14
801,2025-04-01,14
801,2025-05-01,12
801,2025-06-01,9
801,2025-07-01,9
801,2025-08-01,9
801,2025-09-01,8
801,2025-10-01,6
801,2025-11-01,6
801,2025-12-01,5
802,2024-01-01,19
802,2024-02-01,16
802,2024-03-01,14
802,2024-04-01,14
802,2024-05-01,14
802,2024-06-01,11
802,2024-07-01,8
802,2024-08-01,8
802,2024-09-01,6
802,2024-10-01,3
802,2024-11-01,3
802,2024-12-01,1
802,2025-01-01,1
802,2025-02-01,1
802,2025-03-01,1
802,2025-04-01,1
802,2025-05-01,1
802,2025-06-01,1
802,2025-07-01,1
802,2025-08-01,1
802,2025-09-01,1
802,2025-10-01,1
802,2025-11-01,1
802,2025-12-01,1
803,2024-01-01,33
803,2024-02-01,33
803,2024-03-01,33
803,2024-04-01,30
803,2024-05-01,29
803,2024-06-01,28
803,2024-07-01,26
803,2024-08-01,23
803,2024-09-01,23
803,2024-10-01,21
803,2024-11-01,20
803,2024-12-01,19
803,2025-01-01,16
803,2025-02-01,16
803,2025-03-01,16
803,2025-04-01,14
803,2025-05-01,13
803,2025-06-01,11
803,2025-07-01,9
803,2025-08-01,7
803,2025-09-01,7
803,2025-10-01,6
803,2025-11-01,4
803,2025-12-01,3
804,2024-01-01,27
804,2024-02-01,25
804,2024-03-01,22
804,2024-04-01,22
804,2024-05-01,21
804,2024-06-01,19
804,2024-07-01,17
804,2024-08-01,16
804,2024-09-01,14
804,2024-10-01,11
804,2024-11-01,10
804,2024-12-01,8
804,2025-01-01,7
804,2025-02-01,5
804,2025-03-01,3
804,2025-04-01,3
804,2025-05-01,2
804,2025-06-01,2
804,2025-07-01,1
804,2025-08-01,1
804,2025-09-01,1
804,2025-10-01,1
804,2025-11-01,1
804,2025-12-01,1
805,2024-01-01,20
805,2024-02-01,18
805,2024-03-01,15
805,2024-04-01,14
805,2024-05-01,14
805,2024-06-01,13
805,2024-07-01,12
805,2024-08-01,9
805,2024-09-01,8
805,2024-10-01,7
805,2024-11-01,5
805,2024-12-01,5
805,2025-01-01,4
805,2025-02-01,3
805,2025-03-01,3
805,2025-04-01,1
805,2025-05-01,1
805,2025-06-01,1
805,2025-07-01,1
805,2025-08-01,1
805,2025-09-01,1
805,2025-10-01,1
805,2025-11-01,1
805,2025-12-01,1
806,2024-01-01,54
806,2024-02-01,51
806,2024-03-01,50
806,2024-04-01,50
806,2024-05-01,50
806,2024-06-01,48
806,2024-07-01,47
806,2024-08-01,45
806,2024-09-01,45
806,2024-10-01,45
806,2024-11-01,45
806,2024-12-01,45
806,2025-01-01,42
806,2025-02-01,42
806,2025-03-01,39
806,2025-04-01,36
806,2025-05-01,34
806,2025-06-01,31
806,2025-07-01,29
806,2025-08-01,26
806,2025-09-01,23
806,2025-10-01,23
806,2025-11-01,22
806,2025-12-01,19
807,2024-01-01,64
807,2024-02-01,63
807,2024-03-01,60
807,2024-04-01,59
807,2024-05-01,56
807,2024-06-01,56
807,2024-07-01,53
807,2024-08-01,51
807,2024-09-01,51
807,2024-10-01,50
807,2024-11-01,49
807,2024-12-01,47
807,2025-01-01,47
807,2025-02-01,45
807,2025-03-01,44
807,2025-04-01,41
807,2025-05-01,40
807,2025-06-01,38
807,2025-07-01,35
807,2025-08-01,32
807,2025-09-01,31
807,2025-10-01,28
807,2025-11-01,28
807,2025-12-01,27
808,2024-01-01,73
808,2024-02-01,72
808,2024-03-01,70
808,2024-04-01,68
808,2024-05-01,67
808,2024-06-01,67
808,2024-07-01,64
808,2024-08-01,64
808,2024-09-01,62
808,2024-10-01,61
808,2024-11-01,61
808,2024-12-01,58
808,2025-01-01,55
808,2025-02-01,52
808,2025-03-01,49
808,2025-04-01,49
808,2025-05-01,46
808,2025-06-01,44
808,2025-07-01,41
808,2025-08-01,39
808,2025-09-01,39
808,2025-10-01,37
808,2025-11-01,37
808,2025-12-01,34
809,2024-01-01,43
809,2024-02-01,41
809,2024-03-01,40
809,2024-04-01,40
809,2024-05-01,40
809,2024-06-01,37
809,2024-07-01,35
809,2024-08-01,35
809,2024-09-01,32
809,2024-10-01,32
809,2024-11-01,31
809,2024-12-01,30
809,2025-01-01,29
809,2025-02-01,26
809,2025-03-01,24
809,2025-04-01,23
809,2025-05-01,22
809,2025-06-01,22
809,2025-07-01,21
809,2025-08-01,19
809,2025-09-01,16
809,2025-10-01,15
809,2025-11-01,12
809,2025-12-01,9
810,2024-01-01,78
810,2024-02-01,78
810,2024-03-01,75
810,2024-04-01,74
810,2024-05-01,71
810,2024-06-01,71
810,2024-07-01,70
810,2024-08-01,70
810,2024-09-01,68
810,2024-10-01,68
810,2024-11-01,67
810,2024-12-01,66
810,2025-01-01,63
810,2025-02-01,62
810,2025-03-01,60
810,2025-04-01,60
810,2025-05-01,57
810,2025-06-01,54
810,2025-07-01,53
810,2025-08-01,51
810,2025-09-01,48
810,2025-10-01,46
810,2025-11-01,44
810,2025-12-01,44
811,2024-01-01,32
811,2024-02-01,30
811,2024-03-01,30
811,2024-04-01,27
811,2024-05-01,24
811,2024-06-01,23
811,2024-07-01,21
811,2024-08-01,21
811,2024-09-01,18
811,2024-10-01,16
811,2024-11-01,14
811,2024-12-01,14
811,2025-01-01,12
811,2025-02-01,12
811,2025-03-01,12
811,2025-04-01,12
811,2025-05-01,10
811,2025-06-01,8
811,2025-07-01,8
811,2025-08-01,6
811,2025-09-01,6
811,2025-10-01,5
811,2025-11-01,3
811,2025-12-01,1
812,2024-01-01,64
812,2024-02-01,63
812,2024-03-01,63
812,2024-04-01,63
812,2024-05-01,60
812,2024-06-01,59
812,2024-07-01,56
812,2024-08-01,56
812,2024-09-01,54
812,2024-10-01,53
812,2024-11-01,51
812,2024-12-01,51
812,2025-01-01,50
812,2025-02-01,47
812,2025-03-01,44
812,2025-04-01,44
812,2025-05-01,42
812,2025-06-01,42
812,2025-07-01,40
812,2025-08-01,40
812,2025-09-01,37
812,2025-10-01,35
812,2025-11-01,35
812,2025-12-01,34
813,2024-01-01,44
813,2024-02-01,43
813,2024-03-01,43
813,2024-04-01,41
813,2024-05-01,38
813,2024-06-01,38
813,2024-07-01,37
813,2024-08-01,35
813,2024-09-01,35
813,2024-10-01,35
813,2024-11-01,32
813,2024-12-01,29
813,2025-01-01,27
813,2025-02-01,27
813,2025-03-01,26
813,2025-04-01,25
813,2025-05-01,23
813,2025-06-01,23
813,2025-07-01,20
813,2025-08-01,20
813,2025-09-01,17
813,2025-10-01,16
813,2025-11-01,14
813,2025-12-01,12
814,2024-01-01,35
814,2024-02-01,34
814,2024-03-01,33
814,2024-04-01,31
814,2024-05-01,29
814,2024-06-01,26
814,2024-07-01,23
814,2024-08-01,23
814,2024-09-01,20
814,2024-10-01,20
814,2024-11-01,18
814,2024-12-01,17
814,2025-01-01,14
814,2025-02-01,13
814,2025-03-01,10
814,2025-04-01,7
814,2025-05-01,7
814,2025-06-01,4
814,2025-07-01,2
814,2025-08-01,1
814,2025-09-01,1
814,2025-10-01,1
814,2025-11-01,1
814,2025-12-01,1
815,2024-01-01,59
815,2024-02-01,58
815,2024-03-01,57
815,2024-04-01,54
815,2024-05-01,51
815,2024-06-01,49
815,2024-07-01,47
815,2024-08-01,47
815,2024-09-01,47
815,2024-10-01,47
815,2024-11-01,47
815,2024-12-01,46
815,2025-01-01,43
815,2025-02-01,41
815,2025-03-01,40
815,2025-04-01,37
815,2025-05-01,34
815,2025-06-01,33
815,2025-07-01,32
815,2025-08-01,30
815,2025-09-01,30
815,2025-10-01,30
815,2025-11-01,28
815,2025-12-01,26
816,2024-01-01,51
816,2024-02-01,51
816,2024-03-01,48
816,2024-04-01,45
816,2024-05-01,43
816,2024-06-01,43
816,2024-07-01,43
816,2024-08-01,40
816,2024-09-01,40
816,2024-10-01,38
816,2024-11-01,36
816,2024-12-01,33
816,2025-01-01,33
816,2025-02-01,33
816,2025-03-01,30
816,2025-04-01,29
816,2025-05-01,28
816,2025-06-01,28
816,2025-07-01,26
816,2025-08-01,25
816,2025-09-01,25
816,2025-10-01,24
816,2025-11-01,21
816,2025-12-01,20
817,2024-01-01,26
817,2024-02-01,24
817,2024-03-01,24
817,2024-04-01,22
817,2024-05-01,20
817,2024-06-01,19
817,2024-07-01,19
817,2024-08-01,18
817,2024-09-01,15
817,2024-10-01,13
817,2024-11-01,11
817,2024-12-01,8
817,2025-01-01,8
817,2025-02-01,6
817,2025-03-01,4
817,2025-04-01,4
817,2025-05-01,3
817,2025-06-01,1
817,2025-07-01,1
817,2025-08-01,1
817,2025-09-01,1
817,2025-10-01,1
817,2025-11-01,1
817,2025-12-01,1
818,2024-01-01,30
818,2024-02-01,28
818,2024-03-01,27
818,2024-04-01,26
818,2024-05-01,26
818,2024-06-01,25
818,2024-07-01,25
818,2024-08-01,25
818,2024-09-01,24
818,2024-10-01,24
818,2024-11-01,24
818,2024-12-01,23
818,2025-01-01,21
818,2025-02-01,18
818,2025-03-01,18
818,2025-04-01,18
818,2025-05-01,17
818,2025-06-01,14
818,2025-07-01,11
818,2025-08-01,11
818,2025-09-01,10
818,2025-10-01,8
818,2025-11-01,5
818,2025-12-01,3
819,2024-01-01,19
819,2024-02-01,18
819,2024-03-01,18
819,2024-04-01,16
819,2024-05-01,16
819,2024-06-01,16
819,2024-07-01,15
819,2024-08-01,13
819,2024-09-01,10
819,2024-10-01,8
819,2024-11-01,5
819,2024-12-01,5
819,2025-01-01,5
819,2025-02-01,4
819,2025-03-01,1
819,2025-04-01,1
819,2025-05-01,1
819,2025-06-01,1
819,2025-07-01,1
819,2025-08-01,1
819,2025-09-01,1
819,2025-10-01,1
819,2025-11-01,1
819,2025-12-01,1
820,2024-01-01,29
820,2024-02-01,26
820,2024-03-01,25
820,2024-04-01,22
820,2024-05-01,19
820,2024-06-01,16
820,2024-07-01,15
820,2024-08-01,13
820,2024-09-01,13
820,2024-10-01,13
820,2024-11-01,11
820,2024-12-01,9
820,2025-01-01,6
820,2025-02-01,6
820,2025-03-01,4
820,2025-04-01,1
820,2025-05-01,1
820,2025-06-01,1
820,2025-07-01,1
820,2025-08-01,1
820,2025-09-01,1
820,2025-10-01,1
820,2025-11-01,1
820,2025-12-01,1
821,2024-01-01,61
821,2024-02-01,59
821,2024-03-01,59
821,2024-04-01,57
821,2024-05-01,56
821,2024-06-01,55
821,2024-07-01,53
821,2024-08-01,53
821,2024-09-01,52
821,2024-10-01,49
821,2024-11-01,46
821,2024-12-01,45
821,2025-01-01,44
821,2025-02-01,42
821,2025-03-01,42
821,2025-04-01,40
821,2025-05-01,40
821,2025-06-01,37
821,2025-07-01,34
821,2025-08-01,34
821,2025-09-01,32
821,2025-10-01,31
821,2025-11-01,31
821,2025-12-01,29
822,2024-01-01,46
822,2024-02-01,43
822,2024-03-01,43
822,2024-04-01,40
822,2024-05-01,37
822,2024-06-01,37
822,2024-07-01,36
822,2024-08-01,36
822,2024-09-01,34
822,2024-10-01,34
822,2024-11-01,34
822,2024-12-01,33
822,2025-01-01,31
822,2025-02-01,28
822,2025-03-01,25
822,2025-04-01,22
822,2025-05-01,19
822,2025-06-01,18
822,2025-07-01,16
822,2025-08-01,15
822,2025-09-01,15
822,2025-10-01,13
822,2025-11-01,11
822,2025-12-01,8
823,2024-01-01,44
823,2024-02-01,41
823,2024-03-01,41
823,2024-04-01,38
823,2024-05-01,37
823,2024-06-01,35
823,2024-07-01,35
823,2024-08-01,35
823,2024-09-01,33
823,2024-10-01,31
823,2024-11-01,29
823,2024-12-01,29
823,2025-01-01,28
823,2025-02-01,27
823,2025-03-01,25
823,2025-04-01,25
823,2025-05-01,22
823,2025-06-01,22
823,2025-07-01,20
823,2025-08-01,20
823,2025-09-01,20
823,2025-10-01,20
823,2025-11-01,17
823,2025-12-01,15
824,2024-01-01,64
824,2024-02-01,63
824,2024-03-01,62
824,2024-04-01,60
824,2024-05-01,60
824,2024-06-01,60
824,2024-07-01,58
824,2024-08-01,55
824,2024-09-01,52
824,2024-10-01,52
824,2024-11-01,52
824,2024-12-01,51
824,2025-01-01,48
824,2025-02-01,48
824,2025-03-01,48
824,2025-04-01,46
824,2025-05-01,45
824,2025-06-01,42
824,2025-07-01,39
824,2025-08-01,38
824,2025-09-01,38
824,2025-10-01,35
824,2025-11-01,32
824,2025-12-01,29
825,2024-01-01,49
825,2024-02-01,46
825,2024-03-01,45
825,2024-04-01,45
825,2024-05-01,44
825,2024-06-01,42
825,2024-07-01,40
825,2024-08-01,39
825,2024-09-01,37
825,2024-10-01,34
825,2024-11-01,32
825,2024-12-01,32
825,2025-01-01,31
825,2025-02-01,30
825,2025-03-01,30
825,2025-04-01,30
825,2025-05-01,30
825,2025-06-01,30
825,2025-07-01,27
825,2025-08-01,25
825,2025-09-01,23
825,2025-10-01,20
825,2025-11-01,20
825,2025-12-01,19
826,2024-01-01,20
826,2024-02-01,20
826,2024-03-01,17
826,2024-04-01,14
826,2024-05-01,11
826,2024-06-01,9
826,2024-07-01,7
826,2024-08-01,5
826,2024-09-01,3
826,2024-10-01,2
826,2024-11-01,1
826,2024-12-01,1
826,2025-01-01,1
826,2025-02-01,1
826,2025-03-01,1
826,2025-04-01,1
826,2025-05-01,1
826,2025-06-01,1
826,2025-07-01,1
826,2025-08-01,1
826,2025-09-01,1
826,2025-10-01,1
826,2025-11-01,1
826,2025-12-01,1
827,2024-01-01,34
827,2024-02-01,33
827,2024-03-01,30
827,2024-04-01,27
827,2024-05-01,26
827,2024-06-01,25
827,2024-07-01,23
827,2024-08-01,20
827,2024-09-01,18
827,2024-10-01,15
827,2024-11-01,12
827,2024-12-01,11
827,2025-01-01,9
827,2025-02-01,8
827,2025-03-01,6
827,2025-04-01,3
827,2025-05-01,3
827,2025-06-01,3
827,2025-07-01,1
827,2025-08-01,1
827,2025-09-01,1
827,2025-10-01,1
827,2025-11-01,1
827,2025-12-01,1
828,2024-01-01,66
828,2024-02-01,65
828,2024-03-01,63
828,2024-04-01,60
828,2024-05-01,60
828,2024-06-01,59
828,2024-07-01,57
828,2024-08-01,56
828,2024-09-01,54
828,2024-10-01,52
828,2024-11-01,50
828,2024-12-01,47
828,2025-01-01,47
828,2025-02-01,44
828,2025-03-01,44
828,2025-04-01,42
828,2025-05-01,42
828,2025-06-01,39
828,2025-07-01,38
828,2025-08-01,35
828,2025-09-01,32
828,2025-10-01,29
828,2025-11-01,26
828,2025-12-01,23
829,2024-01-01,35
829,2024-02-01,32
829,2024-03-01,29
829,2024-04-01,28
829,2024-05-01,27
829,2024-06-01,25
829,2024-07-01,24
829,2024-08-01,23
829,2024-09-01,22
829,2024-10-01,20
829,2024-11-01,20
829,2024-12-01,18
829,2025-01-01,18
829,2025-02-01,17
829,2025-03-01,15
829,2025-04-01,13
829,2025-05-01,13
829,2025-06-01,11
829,2025-07-01,9
829,2025-08-01,6
829,2025-09-01,6
829,2025-10-01,4
829,2025-11-01,2
829,2025-12-01,1
830,2024-01-01,56
830,2024-02-01,55
830,2024-03-01,54
830,2024-04-01,53
830,2024-05-01,52
830,2024-06-01,49
830,2024-07-01,47
830,2024-08-01,45
830,2024-09-01,44
830,2024-10-01,44
830,2024-11-01,43
830,2024-12-01,41
830,2025-01-01,41
830,2025-02-01,40
830,2025-03-01,40
830,2025-04-01,39
830,2025-05-01,36
830,2025-06-01,34
830,2025-07-01,33
830,2025-08-01,33
830,2025-09-01,31
830,2025-10-01,30
830,2025-11-01,29
830,2025-12-01,28
831,2024-01-01,46
831,2024-02-01,44
831,2024-03-01,41
831,2024-04-01,39
831,2024-05-01,38
831,2024-06-01,36
831,2024-07-01,36
831,2024-08-01,34
831,2024-09-01,34
831,2024-10-01,34
831,2024-11-01,31
831,2024-12-01,29
831,2025-01-01,28
831,2025-02-01,26
831,2025-03-01,23
831,2025-04-01,23
831,2025-05-01,23
831,2025-06-01,20
831,2025-07-01,17
831,2025-08-01,15
831,2025-09-01,15
831,2025-10-01,12
831,2025-11-01,10
831,2025-12-01,8
832,2024-01-01,65
832,2024-02-01,63
832,2024-03-01,60
832,2024-04-01,60
832,2024-05-01,57
832,2024-06-01,54
832,2024-07-01,52
832,2024-08-01,50
832,2024-09-01,49
832,2024-10-01,46
832,2024-11-01,44
832,2024-12-01,43
832,2025-01-01,43
832,2025-02-01,42
832,2025-03-01,41
832,2025-04-01,38
832,2025-05-01,38
832,2025-06-01,35
832,2025-07-01,32
832,2025-08-01,31
832,2025-09-01,30
832,2025-10-01,28
832,2025-11-01,27
832,2025-12-01,25
833,2024-01-01,30
833,2024-02-01,30
833,2024-03-01,30
833,2024-04-01,27
833,2024-05-01,24
833,2024-06-01,23
833,2024-07-01,21
833,2024-08-01,20
833,2024-09-01,18
833,2024-10-01,17
833,2024-11-01,17
833,2024-12-01,17
833,2025-01-01,15
833,2025-02-01,14
833,2025-03-01,11
833,2025-04-01,9
833,2025-05-01,9
833,2025-06-01,7
833,2025-07-01,6
833,2025-08-01,3
833,2025-09-01,1
833,2025-10-01,1
833,2025-11-01,1
833,2025-12-01,1
834,2024-01-01,67
834,2024-02-01,66
834,2024-03-01,63
834,2024-04-01,60
834,2024-05-01,59
834,2024-06-01,58
834,2024-07-01,56
834,2024-08-01,56
834,2024-09-01,54
834,2024-10-01,52
834,2024-11-01,49
834,2024-12-01,46
834,2025-01-01,46
834,2025-02-01,44
834,2025-03-01,42
834,2025-04-01,39
834,2025-05-01,36
834,2025-06-01,35
834,2025-07-01,33
834,2025-08-01,33
834,2025-09-01,31
834,2025-10-01,28
834,2025-11-01,27
834,2025-12-01,25
835,2024-01-01,73
835,2024-02-01,72
835,2024-03-01,70
835,2024-04-01,70
835,2024-05-01,67
835,2024-06-01,67
835,2024-07-01,65
835,2024-08-01,62
835,2024-09-01,60
835,2024-10-01,59
835,2024-11-01,57
835,2024-12-01,56
835,2025-01-01,54
835,2025-02-01,54
835,2025-03-01,54
835,2025-04-01,51
835,2025-05-01,51
835,2025-06-01,51
835,2025-07-01,50
835,2025-08-01,50
835,2025-09-01,49
835,2025-10-01,48
835,2025-11-01,47
835,2025-12-01,45
836,2024-01-01,51
836,2024-02-01,50
836,2024-03-01,48
836,2024-04-01,45
836,2024-05-01,42
836,2024-06-01,40
836,2024-07-01,37
836,2024-08-01,37
836,2024-09-01,36
836,2024-10-01,34
836,2024-11-01,31
836,2024-12-01,28
836,2025-01-01,28
836,2025-02-01,27
836,2025-03-01,27
836,2025-04-01,25
836,2025-05-01,22
836,2025-06-01,19
836,2025-07-01,16
836,2025-08-01,16
836,2025-09-01,16
836,2025-10-01,15
836,2025-11-01,13
836,2025-12-01,12
837,2024-01-01,70
837,2024-02-01,70
837,2024-03-01,68
837,2024-04-01,67
837,2024-05-01,65
837,2024-06-01,62
837,2024-07-01,61
837,2024-08-01,61
837,2024-09-01,60
837,2024-10-01,57
837,2024-11-01,56
837,2024-12-01,53
837,2025-01-01,52
837,2025-02-01,50
837,2025-03-01,50
837,2025-04-01,47
837,2025-05-01,45
837,2025-06-01,42
837,2025-07-01,41
837,2025-08-01,38
837,2025-09-01,35
837,2025-10-01,35
837,2025-11-01,33
837,2025-12-01,32
838,2024-01-01,61
838,2024-02-01,61
838,2024-03-01,58
838,2024-04-01,57
838,2024-05-01,54
838,2024-06-01,54
838,2024-07-01,54
838,2024-08-01,51
838,2024-09-01,49
838,2024-10-01,49
838,2024-11-01,47
838,2024-12-01,45
838,2025-01-01,43
838,2025-02-01,41
838,2025-03-01,41
838,2025-04-01,41
838,2025-05-01,39
838,2025-06-01,39
838,2025-07-01,37
838,2025-08-01,35
838,2025-09-01,33
838,2025-10-01,30
838,2025-11-01,29
838,2025-12-01,29
839,2024-01-01,30
839,2024-02-01,27
839,2024-03-01,24
839,2024-04-01,24
839,2024-05-01,22
839,2024-06-01,22
839,2024-07-01,20
839,2024-08-01,18
839,2024-09-01,17
839,2024-10-01,15
839,2024-11-01,14
839,2024-12-01,14
839,2025-01-01,14
839,2025-02-01,11
839,2025-03-01,10
839,2025-04-01,10
839,2025-05-01,9
839,2025-06-01,9
839,2025-07-01,8
839,2025-08-01,7
839,2025-09-01,5
839,2025-10-01,5
839,2025-11-01,2
839,2025-12-01,1
840,2024-01-01,22
840,2024-02-01,20
840,2024-03-01,19
840,2024-04-01,19
840,2024-05-01,19
840,2024-06-01,16
840,2024-07-01,16
840,2024-08-01,13
840,2024-09-01,12
840,2024-10-01,10
840,2024-11-01,10
840,2024-12-01,9
840,2025-01-01,7
840,2025-02-01,6
840,2025-03-01,3
840,2025-04-01,2
840,2025-05-01,1
840,2025-06-01,1
840,2025-07-01,1
840,2025-08-01,1
840,2025-09-01,1
840,2025-10-01,1
840,2025-11-01,1
840,2025-12-01,1
841,2024-01-01,67
841,2024-02-01,67
841,2024-03-01,66
841,2024-04-01,63
841,2024-05-01,62
841,2024-06-01,60
841,2024-07-01,59
841,2024-08-01,58
841,2024-09-01,57
841,2024-10-01,56
841,2024-11-01,53
841,2024-12-01,52
841,2025-01-01,50
841,2025-02-01,49
841,2025-03-01,48
841,2025-04-01,45
841,2025-05-01,42
841,2025-06-01,41
841,2025-07-01,38
841,2025-08-01,35
841,2025-09-01,34
841,2025-10-01,31
841,2025-11-01,31
841,2025-12-01,31
842,2024-01-01,45
842,2024-02-01,45
842,2024-03-01,43
842,2024-04-01,43
842,2024-05-01,41
842,2024-06-01,38
842,2024-07-01,38
842,2024-08-01,36
842,2024-09-01,33
842,2024-10-01,33
842,2024-11-01,32
842,2024-12-01,32
842,2025-01-01,32
842,2025-02-01,32
842,2025-03-01,31
842,2025-04-01,29
842,2025-05-01,27
842,2025-06-01,26
842,2025-07-01,26
842,2025-08-01,26
842,2025-09-01,26
842,2025-10-01,24
842,2025-11-01,22
842,2025-12-01,21
843,2024-01-01,42
843,2024-02-01,40
843,2024-03-01,40
843,2024-04-01,40
843,2024-05-01,40
843,2024-06-01,40
843,2024-07-01,37
843,2024-08-01,36
843,2024-09-01,35
843,2024-10-01,33
843,2024-11-01,32
843,2024-12-01,29
843,2025-01-01,26
843,2025-02-01,23
843,2025-03-01,23
843,2025-04-01,21
843,2025-05-01,18
843,2025-06-01,17
843,2025-07-01,16
843,2025-08-01,15
843,2025-09-01,12
843,2025-10-01,9
843,2025-11-01,8
843,2025-12-01,5
844,2024-01-01,77
844,2024-02-01,74
844,2024-03-01,74
844,2024-04-01,74
844,2024-05-01,71
844,2024-06-01,70
844,2024-07-01,68
844,2024-08-01,68
844,2024-09-01,65
844,2024-10-01,65
844,2024-11-01,64
844,2024-12-01,61
844,2025-01-01,59
844,2025-02-01,56
844,2025-03-01,56
844,2025-04-01,53
844,2025-05-01,50
844,2025-06-01,50
844,2025-07-01,48
844,2025-08-01,47
844,2025-09-01,44
844,2025-10-01,42
844,2025-11-01,41
844,2025-12-01,41
845,2024-01-01,40
845,2024-02-01,37
845,2024-03-01,37
845,2024-04-01,34
845,2024-05-01,34
845,2024-06-01,33
845,2024-07-01,30
845,2024-08-01,30
845,2024-09-01,30
845,2024-10-01,28
845,2024-11-01,25
845,2024-12-01,22
845,2025-01-01,21
845,2025-02-01,21
845,2025-03-01,19
845,2025-04-01,19
845,2025-05-01,19
845,2025-06-01,19
845,2025-07-01,16
845,2025-08-01,16
845,2025-09-01,15
845,2025-10-01,13
845,2025-11-01,11
845,2025-12-01,11
846,2024-01-01,46
846,2024-02-01,43
846,2024-03-01,41
846,2024-04-01,38
846,2024-05-01,35
846,2024-06-01,34
846,2024-07-01,33
846,2024-08-01,31
846,2024-09-01,31
846,2024-10-01,31
846,2024-11-01,31
846,2024-12-01,31
846,2025-01-01,30
846,2025-02-01,30
846,2025-03-01,30
846,2025-04-01,27
846,2025-05-01,27
846,2025-06-01,27
846,2025-07-01,26
846,2025-08-01,24
846,2025-09-01,21
846,2025-10-01,18
846,2025-11-01,16
846,2025-12-01,13
847,2024-01-01,40
847,2024-02-01,38
847,2024-03-01,37
847,2024-04-01,36
847,2024-05-01,33
847,2024-06-01,32
847,2024-07-01,31
847,2024-08-01,30
847,2024-09-01,29
847,2024-10-01,28
847,2024-11-01,27
847,2024-12-01,26
847,2025-01-01,23
847,2025-02-01,23
847,2025-03-01,22
847,2025-04-01,22
847,2025-05-01,20
847,2025-06-01,20
847,2025-07-01,18
847,2025-08-01,15
847,2025-09-01,15
847,2025-10-01,13
847,2025-11-01,13
847,2025-12-01,10
848,2024-01-01,74
848,2024-02-01,73
848,2024-03-01,72
848,2024-04-01,71
848,2024-05-01,68
848,2024-06-01,67
848,2024-07-01,64
848,2024-08-01,63
848,2024-09-01,60
848,2024-10-01,57
848,2024-11-01,57
848,2024-12-01,56
848,2025-01-01,56
848,2025-02-01,54
848,2025-03-01,53
848,2025-04-01,52
848,2025-05-01,51
848,2025-06-01,50
848,2025-07-01,50
848,2025-08-01,50
848,2025-09-01,47
848,2025-10-01,47
848,2025-11-01,44
848,2025-12-01,42
849,2024-01-01,49
849,2024-02-01,48
849,2024-03-01,46
849,2024-04-01,43
849,2024-05-01,41
849,2024-06-01,40
849,2024-07-01,39
849,2024-08-01,36
849,2024-09-01,33
849,2024-10-01,32
849,2024-11-01,29
849,2024-12-01,28
849,2025-01-01,28
849,2025-02-01,25
849,2025-03-01,23
849,2025-04-01,22
849,2025-05-01,22
849,2025-06-01,19
849,2025-07-01,18
849,2025-08-01,18
849,2025-09-01,15
849,2025-10-01,14
849,2025-11-01,13
849,2025-12-01,12
850,2024-01-01,51
850,2024-02-01,50
850,2024-03-01,50
850,2024-04-01,50
850,2024-05-01,48
850,2024-06-01,48
850,2024-07-01,48
850,2024-08-01,48
850,2024-09-01,48
850,2024-10-01,48
850,2024-11-01,45
850,2024-12-01,43
850,2025-01-01,42
850,2025-02-01,40
850,2025-03-01,38
850,2025-04-01,37
850,2025-05-01,37
850,2025-06-01,36
850,2025-07-01,36
850,2025-08-01,35
850,2025-09-01,32
850,2025-10-01,30
850,2025-11-01,30
850,2025-12-01,28
851,2024-01-01,39
851,2024-02-01,38
851,2024-03-01,37
851,2024-04-01,34
851,2024-05-01,33
851,2024-06-01,32
851,2024-07-01,29
851,2024-08-01,27
851,2024-09-01,25
851,2024-10-01,25
851,2024-11-01,23
851,2024-12-01,23
851,2025-01-01,23
851,2025-02-01,21
851,2025-03-01,19
851,2025-04-01,16
851,2025-05-01,16
851,2025-06-01,14
851,2025-07-01,12
851,2025-08-01,9
851,2025-09-01,7
851,2025-10-01,6
851,2025-11-01,5
851,2025-12-01,5
852,2024-01-01,50
852,2024-02-01,48
852,2024-03-01,47
852,2024-04-01,45
852,2024-05-01,43
852,2024-06-01,41
852,2024-07-01,40
852,2024-08-01,39
852,2024-09-01,36
852,2024-10-01,35
852,2024-11-01,35
852,2024-12-01,33
852,2025-01-01,32
852,2025-02-01,32
852,2025-03-01,31
852,2025-04-01,29
852,2025-05-01,29
852,2025-06-01,28
852,2025-07-01,27
852,2025-08-01,27
852,2025-09-01,24
852,2025-10-01,24
852,2025-11-01,24
852,2025-12-01,24
853,2024-01-01,35
853,2024-02-01,35
853,2024-03-01,35
853,2024-04-01,33
853,2024-05-01,32
853,2024-06-01,30
853,2024-07-01,29
853,2024-08-01,26
853,2024-09-01,23
853,2024-10-01,22
853,2024-11-01,19
853,2024-12-01,16
853,2025-01-01,15
853,2025-02-01,15
853,2025-03-01,13
853,2025-04-01,12
853,2025-05-01,11
853,2025-06-01,10
853,2025-07-01,8
853,2025-08-01,7
853,2025-09-01,5
853,2025-10-01,3
853,2025-11-01,1
853,2025-12-01,1
854,2024-01-01,42
854,2024-02-01,41
854,2024-03-01,39
854,2024-04-01,36
854,2024-05-01,34
854,2024-06-01,31
854,2024-07-01,28
854,2024-08-01,25
854,2024-09-01,22
854,2024-10-01,19
854,2024-11-01,19
854,2024-12-01,18
854,2025-01-01,15
854,2025-02-01,12
854,2025-03-01,10
854,2025-04-01,9
854,2025-05-01,8
854,2025-06-01,7
854,2025-07-01,4
854,2025-08-01,2
854,2025-09-01,1
854,2025-10-01,1
854,2025-11-01,1
854,2025-12-01,1
855,2024-01-01,22
855,2024-02-01,22
855,2024-03-01,22
855,2024-04-01,20
855,2024-05-01,17
855,2024-06-01,15
855,2024-07-01,13
855,2024-08-01,11
855,2024-09-01,9
855,2024-10-01,7
855,2024-11-01,4
855,2024-12-01,2
855,2025-01-01,1
855,2025-02-01,1
855,2025-03-01,1
855,2025-04-01,1
855,2025-05-01,1
855,2025-06-01,1
855,2025-07-01,1
855,2025-08-01,1
855,2025-09-01,1
855,2025-10-01,1
855,2025-11-01,1
855,2025-12-01,1
856,2024-01-01,70
856,2024-02-01,70
856,2024-03-01,67
856,2024-04-01,67
856,2024-05-01,65
856,2024-06-01,64
856,2024-07-01,63
856,2024-08-01,60
856,2024-09-01,57
856,2024-10-01,57
856,2024-11-01,54
856,2024-12-01,54
856,2025-01-01,51
856,2025-02-01,50
856,2025-03-01,49
856,2025-04-01,48
856,2025-05-01,47
856,2025-06-01,47
856,2025-07-01,47
856,2025-08-01,47
856,2025-09-01,46
856,2025-10-01,44
856,2025-11-01,43
856,2025-12-01,42
857,2024-01-01,48
857,2024-02-01,45
857,2024-03-01,44
857,2024-04-01,42
857,2024-05-01,39
857,2024-06-01,37
857,2024-07-01,35
857,2024-08-01,32
857,2024-09-01,31
857,2024-10-01,28
857,2024-11-01,27
857,2024-12-01,25
857,2025-01-01,22
857,2025-02-01,22
857,2025-03-01,20
857,2025-04-01,17
857,2025-05-01,15
857,2025-06-01,12
857,2025-07-01,11
857,2025-08-01,11
857,2025-09-01,9
857,2025-10-01,9
857,2025-11-01,8
857,2025-12-01,5
858,2024-01-01,25
858,2024-02-01,24
858,2024-03-01,22
858,2024-04-01,21
858,2024-05-01,21
858,2024-06-01,21
858,2024-07-01,21
858,2024-08-01,18
858,2024-09-01,16
858,2024-10-01,16
858,2024-11-01,16
858,2024-12-01,16
858,2025-01-01,15
858,2025-02-01,15
858,2025-03-01,14
858,2025-04-01,14
858,2025-05-01,13
858,2025-06-01,10
858,2025-07-01,7
858,2025-08-01,6
858,2025-09-01,4
858,2025-10-01,2
858,2025-11-01,1
858,2025-12-01,1
859,2024-01-01,71
859,2024-02-01,70
859,2024-03-01,67
859,2024-04-01,65
859,2024-05-01,63
859,2024-06-01,63
859,2024-07-01,63
859,2024-08-01,61
859,2024-09-01,59
859,2024-10-01,58
859,2024-11-01,55
859,2024-12-01,53
859,2025-01-01,50
859,2025-02-01,48
859,2025-03-01,45
859,2025-04-01,45
859,2025-05-01,43
859,2025-06-01,42
859,2025-07-01,39
859,2025-08-01,37
859,2025-09-01,37
859,2025-10-01,37
859,2025-11-01,37
859,2025-12-01,37
860,2024-01-01,46
860,2024-02-01,45
860,2024-03-01,42
860,2024-04-01,41
860,2024-05-01,39
860,2024-06-01,37
860,2024-07-01,34
860,2024-08-01,32
860,2024-09-01,29
860,2024-10-01,28
860,2024-11-01,26
860,2024-12-01,24
860,2025-01-01,21
860,2025-02-01,18
860,2025-03-01,15
860,2025-04-01,12
860,2025-05-01,12
860,2025-06-01,9
860,2025-07-01,9
860,2025-08-01,8
860,2025-09-01,5
860,2025-10-01,5
860,2025-11-01,5
860,2025-12-01,5
861,2024-01-01,42
861,2024-02-01,39
861,2024-03-01,36
861,2024-04-01,33
861,2024-05-01,33
861,2024-06-01,33
861,2024-07-01,31
861,2024-08-01,30
861,2024-09-01,28
861,2024-10-01,25
861,2024-11-01,22
861,2024-12-01,19
861,2025-01-01,17
861,2025-02-01,14
861,2025-03-01,11
861,2025-04-01,8
861,2025-05-01,8
861,2025-06-01,7
861,2025-07-01,7
861,2025-08-01,7
861,2025-09-01,6
861,2025-10-01,5
861,2025-11-01,3
861,2025-12-01,2
862,2024-01-01,40
862,2024-02-01,40
862,2024-03-01,37
862,2024-04-01,37
862,2024-05-01,37
862,2024-06-01,36
862,2024-07-01,35
862,2024-08-01,33
862,2024-09-01,31
862,2024-10-01,29
862,2024-11-01,28
862,2024-12-01,26
862,2025-01-01,24
862,2025-02-01,23
862,2025-03-01,20
862,2025-04-01,20
862,2025-05-01,19
862,2025-06-01,17
862,2025-07-01,17
862,2025-08-01,16
862,2025-09-01,16
862,2025-10-01,16
862,2025-11-01,13
862,2025-12-01,11
863,2024-01-01,75
863,2024-02-01,72
863,2024-03-01,69
863,2024-04-01,68
863,2024-05-01,67
863,2024-06-01,64
863,2024-07-01,63
863,2024-08-01,63
863,2024-09-01,63
863,2024-10-01,60
863,2024-11-01,58
863,2024-12-01,57
863,2025-01-01,56
863,2025-02-01,56
863,2025-03-01,55
863,2025-04-01,53
863,2025-05-01,52
863,2025-06-01,51
863,2025-07-01,51
863,2025-08-01,50
863,2025-09-01,47
863,2025-10-01,44
863,2025-11-01,42
863,2025-12-01,40
864,2024-01-01,44
864,2024-02-01,44
864,2024-03-01,43
864,2024-04-01,43
864,2024-05-01,41
864,2024-06-01,40
864,2024-07-01,37
864,2024-08-01,37
864,2024-09-01,36
864,2024-10-01,33
864,2024-11-01,30
864,2024-12-01,28
864,2025-01-01,25
864,2025-02-01,22
864,2025-03-01,20
864,2025-04-01,19
864,2025-05-01,18
864,2025-06-01,16
864,2025-07-01,16
864,2025-08-01,14
864,2025-09-01,13
864,2025-10-01,13
864,2025-11-01,11
864,2025-12-01,10
865,2024-01-01,76
865,2024-02-01,73
865,2024-03-01,70
865,2024-04-01,70
865,2024-05-01,70
865,2024-06-01,70
865,2024-07-01,67
865,2024-08-01,67
865,2024-09-01,66
865,2024-10-01,65
865,2024-11-01,65
865,2024-12-01,65
865,2025-01-01,62
865,2025-02-01,61
865,2025-03-01,59
865,2025-04-01,57
865,2025-05-01,54
865,2025-06-01,51
865,2025-07-01,48
865,2025-08-01,47
865,2025-09-01,47
865,2025-10-01,47
865,2025-11-01,44
865,2025-12-01,43
866,2024-01-01,67
866,2024-02-01,66
866,2024-03-01,63
866,2024-04-01,62
866,2024-05-01,61
866,2024-06-01,58
866,2024-07-01,58
866,2024-08-01,55
866,2024-09-01,55
866,2024-10-01,55
866,2024-11-01,53
866,2024-12-01,52
866,2025-01-01,49
866,2025-02-01,48
866,2025-03-01,46
866,2025-04-01,46
866,2025-05-01,43
866,2025-06-01,42
866,2025-07-01,40
866,2025-08-01,40
866,2025-09-01,40
866,2025-10-01,39
866,2025-11-01,39
866,2025-12-01,37
867,2024-01-01,57
867,2024-02-01,54
867,2024-03-01,53
867,2024-04-01,51
867,2024-05-01,51
867,2024-06-01,51
867,2024-07-01,51
867,2024-08-01,48
867,2024-09-01,46
867,2024-10-01,46
867,2024-11-01,45
867,2024-12-01,43
867,2025-01-01,41
867,2025-02-01,41
867,2025-03-01,38
867,2025-04-01,36
867,2025-05-01,35
867,2025-06-01,33
867,2025-07-01,30
867,2025-08-01,29
867,2025-09-01,26
867,2025-10-01,26
867,2025-11-01,24
867,2025-12-01,23
868,2024-01-01,59
868,2024-02-01,58
868,2024-03-01,56
868,2024-04-01,54
868,2024-05-01,51
868,2024-06-01,50
868,2024-07-01,50
868,2024-08-01,50
868,2024-09-01,50
868,2024-10-01,47
868,2024-11-01,47
868,2024-12-01,46
868,2025-01-01,43
868,2025-02-01,41
868,2025-03-01,38
868,2025-04-01,35
868,2025-05-01,32
868,2025-06-01,31
868,2025-07-01,29
868,2025-08-01,27
868,2025-09-01,24
868,2025-10-01,21
868,2025-11-01,18
868,2025-12-01,17
869,2024-01-01,49
869,2024-02-01,47
869,2024-03-01,47
869,2024-04-01,47
869,2024-05-01,44
869,2024-06-01,43
869,2024-07-01,43
869,2024-08-01,43
869,2024-09-01,43
869,2024-10-01,40
869,2024-11-01,37
869,2024-12-01,36
869,2025-01-01,36
869,2025-02-01,36
869,2025-03-01,35
869,2025-04-01,34
869,2025-05-01,33
869,2025-06-01,31
869,2025-07-01,30
869,2025-08-01,27
869,2025-09-01,25
869,2025-10-01,24
869,2025-11-01,21
869,2025-12-01,20
870,2024-01-01,39
870,2024-02-01,36
870,2024-03-01,36
870,2024-04-01,35
870,2024-05-01,33
870,2024-06-01,30
870,2024-07-01,29
870,2024-08-01,29
870,2024-09-01,26
870,2024-10-01,23
870,2024-11-01,21
870,2024-12-01,20
870,2025-01-01,19
870,2025-02-01,16
870,2025-03-01,15
870,2025-04-01,12
870,2025-05-01,12
870,2025-06-01,10
870,2025-07-01,9
870,2025-08-01,8
870,2025-09-01,6
870,2025-10-01,6
870,2025-11-01,6
870,2025-12-01,6
871,2024-01-01,24
871,2024-02-01,21
871,2024-03-01,20
871,2024-04-01,19
871,2024-05-01,18
871,2024-06-01,15
871,2024-07-01,13
871,2024-08-01,13
871,2024-09-01,11
871,2024-10-01,11
871,2024-11-01,11
871,2024-12-01,9
871,2025-01-01,8
871,2025-02-01,5
871,2025-03-01,3
871,2025-04-01,2
871,2025-05-01,2
871,2025-06-01,1
871,2025-07-01,1
871,2025-08-01,1
871,2025-09-01,1
871,2025-10-01,1
871,2025-11-01,1
871,2025-12-01,1
872,2024-01-01,26
872,2024-02-01,26
872,2024-03-01,23
872,2024-04-01,20
872,2024-05-01,18
872,2024-06-01,18
872,2024-07-01,16
872,2024-08-01,14
872,2024-09-01,14
872,2024-10-01,12
872,2024-11-01,10
872,2024-12-01,7
872,2025-01-01,4
872,2025-02-01,2
872,2025-03-01,2
872,2025-04-01,1
872,2025-05-01,1
872,2025-06-01,1
872,2025-07-01,1
872,2025-08-01,1
872,2025-09-01,1
872,2025-10-01,1
872,2025-11-01,1
872,2025-12-01,1
873,2024-01-01,59
873,2024-02-01,58
873,2024-03-01,57
873,2024-04-01,56
873,2024-05-01,55
873,2024-06-01,52
873,2024-07-01,49
873,2024-08-01,49
873,2024-09-01,47
873,2024-10-01,47
873,2024-11-01,45
873,2024-12-01,44
873,2025-01-01,43
873,2025-02-01,42
873,2025-03-01,41
873,2025-04-01,38
873,2025-05-01,38
873,2025-06-01,36
873,2025-07-01,34
873,2025-08-01,31
873,2025-09-01,30
873,2025-10-01,30
873,2025-11-01,29
873,2025-12-01,26
874,2024-01-01,63
874,2024-02-01,61
874,2024-03-01,61
874,2024-04-01,59
874,2024-05-01,59
874,2024-06-01,58
874,2024-07-01,57
874,2024-08-01,54
874,2024-09-01,54
874,2024-10-01,53
874,2024-11-01,53
874,2024-12-01,52
874,2025-01-01,51
874,2025-02-01,49
874,2025-03-01,46
874,2025-04-01,44
874,2025-05-01,44
874,2025-06-01,43
874,2025-07-01,40
874,2025-08-01,39
874,2025-09-01,38
874,2025-10-01,36
874,2025-11-01,36
874,2025-12-01,33
875,2024-01-01,76
875,2024-02-01,76
875,2024-03-01,73
875,2024-04-01,73
875,2024-05-01,70
875,2024-06-01,69
875,2024-07-01,69
875,2024-08-01,67
875,2024-09-01,64
875,2024-10-01,62
875,2024-11-01,62
875,2024-12-01,61
875,2025-01-01,59
875,2025-02-01,57
875,2025-03-01,56
875,2025-04-01,55
875,2025-05-01,55
875,2025-06-01,52
875,2025-07-01,50
875,2025-08-01,48
875,2025-09-01,48
875,2025-10-01,45
875,2025-11-01,45
875,2025-12-01,43
876,2024-01-01,41
876,2024-02-01,40
876,2024-03-01,37
876,2024-04-01,35
876,2024-05-01,33
876,2024-06-01,32
876,2024-07-01,32
876,2024-08-01,32
876,2024-09-01,30
876,2024-10-01,28
876,2024-11-01,25
876,2024-12-01,22
876,2025-01-01,21
876,2025-02-01,19
876,2025-03-01,19
876,2025-04-01,16
876,2025-05-01,15
876,2025-06-01,14
876,2025-07-01,14
876,2025-08-01,11
876,2025-09-01,11
876,2025-10-01,10
876,2025-11-01,8
876,2025-12-01,8
877,2024-01-01,67
877,2024-02-01,65
877,2024-03-01,62
877,2024-04-01,59
877,2024-05-01,58
877,2024-06-01,58
877,2024-07-01,56
877,2024-08-01,53
877,2024-09-01,50
877,2024-10-01,50
877,2024-11-01,47
877,2024-12-01,46
877,2025-01-01,46
877,2025-02-01,44
877,2025-03-01,43
877,2025-04-01,41
877,2025-05-01,39
877,2025-06-01,36
877,2025-07-01,35
877,2025-08-01,34
877,2025-09-01,34
877,2025-10-01,33
877,2025-11-01,33
877,2025-12-01,32
878,2024-01-01,78
878,2024-02-01,77
878,2024-03-01,77
878,2024-04-01,74
878,2024-05-01,71
878,2024-06-01,71
878,2024-07-01,71
878,2024-08-01,69
878,2024-09-01,68
878,2024-10-01,65
878,2024-11-01,62
878,2024-12-01,61
878,2025-01-01,58
878,2025-02-01,55
878,2025-03-01,55
878,2025-04-01,52
878,2025-05-01,49
878,2025-06-01,46
878,2025-07-01,45
878,2025-08-01,43
878,2025-09-01,43
878,2025-10-01,41
878,2025-11-01,38
878,2025-12-01,35
879,2024-01-01,21
879,2024-02-01,20
879,2024-03-01,19
879,2024-04-01,19
879,2024-05-01,17
879,2024-06-01,16
879,2024-07-01,16
879,2024-08-01,13
879,2024-09-01,10
879,2024-10-01,10
879,2024-11-01,9
879,2024-12-01,7
879,2025-01-01,7
879,2025-02-01,6
879,2025-03-01,6
879,2025-04-01,5
879,2025-05-01,2
879,2025-06-01,2
879,2025-07-01,1
879,2025-08-01,1
879,2025-09-01,1
879,2025-10-01,1
879,2025-11-01,1
879,2025-12-01,1
880,2024-01-01,46
880,2024-02-01,45
880,2024-03-01,43
880,2024-04-01,42
880,2024-05-01,41
880,2024-06-01,39
880,2024-07-01,38
880,2024-08-01,37
880,2024-09-01,35
880,2024-10-01,32
880,2024-11-01,32
880,2024-12-01,31
880,2025-01-01,28
880,2025-02-01,28
880,2025-03-01,26
880,2025-04-01,25
880,2025-05-01,24
880,2025-06-01,22
880,2025-07-01,21
880,2025-08-01,21
880,2025-09-01,21
880,2025-10-01,19
880,2025-11-01,18
880,2025-12-01,15
881,2024-01-01,71
881,2024-02-01,68
881,2024-03-01,68
881,2024-04-01,68
881,2024-05-01,65
881,2024-06-01,62
881,2024-07-01,60
881,2024-08-01,59
881,2024-09-01,59
881,2024-10-01,58
881,2024-11-01,58
881,2024-12-01,57
881,2025-01-01,57
881,2025-02-01,56
881,2025-03-01,54
881,2025-04-01,54
881,2025-05-01,52
881,2025-06-01,52
881,2025-07-01,52
881,2025-08-01,52
881,2025-09-01,51
881,2025-10-01,51
881,2025-11-01,49
881,2025-12-01,48
882,2024-01-01,45
882,2024-02-01,42
882,2024-03-01,41
882,2024-04-01,41
882,2024-05-01,39
882,2024-06-01,36
882,2024-07-01,35
882,2024-08-01,32
882,2024-09-01,31
882,2024-10-01,28
882,2024-11-01,25
882,2024-12-01,23
882,2025-01-01,20
882,2025-02-01,18
882,2025-03-01,18
882,2025-04-01,17
882,2025-05-01,15
882,2025-06-01,14
882,2025-07-01,12
882,2025-08-01,11
882,2025-09-01,9
882,2025-10-01,8
882,2025-11-01,8
882,2025-12-01,7
883,2024-01-01,52
883,2024-02-01,52
883,2024-03-01,49
883,2024-04-01,48
883,2024-05-01,45
883,2024-06-01,42
883,2024-07-01,41
883,2024-08-01,41
883,2024-09-01,38
883,2024-10-01,35
883,2024-11-01,33
883,2024-12-01,32
883,2025-01-01,29
883,2025-02-01,28
883,2025-03-01,27
883,2025-04-01,24
883,2025-05-01,23
883,2025-06-01,23
883,2025-07-01,20
883,2025-08-01,17
883,2025-09-01,14
883,2025-10-01,12
883,2025-11-01,10
883,2025-12-01,8
884,2024-01-01,67
884,2024-02-01,67
884,2024-03-01,66
884,2024-04-01,65
884,2024-05-01,62
884,2024-06-01,62
884,2024-07-01,61
884,2024-08-01,61
884,2024-09-01,58
884,2024-10-01,56
884,2024-11-01,56
884,2024-12-01,55
884,2025-01-01,54
884,2025-02-01,53
884,2025-03-01,51
884,2025-04-01,51
884,2025-05-01,51
884,2025-06-01,50
884,2025-07-01,50
884,2025-08-01,49
884,2025-09-01,49
884,2025-10-01,47
884,2025-11-01,45
884,2025-12-01,42
885,2024-01-01,51
885,2024-02-01,49
885,2024-03-01,47
885,2024-04-01,45
885,2024-05-01,44
885,2024-06-01,44
885,2024-07-01,44
885,2024-08-01,41
885,2024-09-01,40
885,2024-10-01,39
885,2024-11-01,37
885,2024-12-01,34
885,2025-01-01,34
885,2025-02-01,33
885,2025-03-01,31
885,2025-04-01,31
885,2025-05-01,29
885,2025-06-01,29
885,2025-07-01,27
885,2025-08-01,27
885,2025-09-01,24
885,2025-10-01,24
885,2025-11-01,24
885,2025-12-01,24
886,2024-01-01,33
886,2024-02-01,33
886,2024-03-01,33
886,2024-04-01,30
886,2024-05-01,30
886,2024-06-01,27
886,2024-07-01,27
886,2024-08-01,25
886,2024-09-01,24
886,2024-10-01,23
886,2024-11-01,22
886,2024-12-01,20
886,2025-01-01,17
886,2025-02-01,16
886,2025-03-01,14
886,2025-04-01,12
886,2025-05-01,12
886,2025-06-01,9
886,2025-07-01,7
886,2025-08-01,4
886,2025-09-01,3
886,2025-10-01,2
886,2025-11-01,1
886,2025-12-01,1
887,2024-01-01,69
887,2024-02-01,66
887,2024-03-01,66
887,2024-04-01,64
887,2024-05-01,61
887,2024-06-01,58
887,2024-07-01,57
887,2024-08-01,54
887,2024-09-01,51
887,2024-10-01,49
887,2024-11-01,46
887,2024-12-01,44
887,2025-01-01,43
887,2025-02-01,43
887,2025-03-01,42
887,2025-04-01,40
887,2025-05-01,38
887,2025-06-01,35
887,2025-07-01,32
887,2025-08-01,32
887,2025-09-01,30
887,2025-10-01,28
887,2025-11-01,27
887,2025-12-01,27
888,2024-01-01,50
888,2024-02-01,47
888,2024-03-01,46
888,2024-04-01,43
888,2024-05-01,42
888,2024-06-01,40
888,2024-07-01,38
888,2024-08-01,35
888,2024-09-01,35
888,2024-10-01,33
888,2024-11-01,30
888,2024-12-01,30
888,2025-01-01,27
888,2025-02-01,26
888,2025-03-01,23
888,2025-04-01,22
888,2025-05-01,20
888,2025-06-01,18
888,2025-07-01,15
888,2025-08-01,15
888,2025-09-01,12
888,2025-10-01,9
888,2025-11-01,7
888,2025-12-01,5
889,2024-01-01,65
889,2024-02-01,64
889,2024-03-01,61
889,2024-04-01,59
889,2024-05-01,56
889,2024-06-01,54
889,2024-07-01,53
889,2024-08-01,52
889,2024-09-01,49
889,2024-10-01,48
889,2024-11-01,47
889,2024-12-01,45
889,2025-01-01,42
889,2025-02-01,40
889,2025-03-01,38
889,2025-04-01,38
889,2025-05-01,37
889,2025-06-01,35
889,2025-07-01,33
889,2025-08-01,31
889,2025-09-01,30
889,2025-10-01,29
889,2025-11-01,28
889,2025-12-01,25
890,2024-01-01,69
890,2024-02-01,67
890,2024-03-01,64
890,2024-04-01,64
890,2024-05-01,61
890,2024-06-01,60
890,2024-07-01,59
890,2024-08-01,56
890,2024-09-01,54
890,2024-10-01,53
890,2024-11-01,52
890,2024-12-01,49
890,2025-01-01,47
890,2025-02-01,44
890,2025-03-01,41
890,2025-04-01,39
890,2025-05-01,37
890,2025-06-01,37
890,2025-07-01,34
890,2025-08-01,32
890,2025-09-01,31
890,2025-10-01,31
890,2025-11-01,28
890,2025-12-01,26
891,2024-01-01,44
891,2024-02-01,43
891,2024-03-01,43
891,2024-04-01,40
891,2024-05-01,38
891,2024-06-01,38
891,2024-07-01,38
891,2024-08-01,35
891,2024-09-01,34
891,2024-10-01,33
891,2024-11-01,31
891,2024-12-01,28
891,2025-01-01,27
891,2025-02-01,25
891,2025-03-01,23
891,2025-04-01,22
891,2025-05-01,19
891,2025-06-01,19
891,2025-07-01,18
891,2025-08-01,18
891,2025-09-01,18
891,2025-10-01,15
891,2025-11-01,12
891,2025-12-01,10
892,2024-01-01,37
892,2024-02-01,36
892,2024-03-01,36
892,2024-04-01,33
892,2024-05-01,32
892,2024-06-01,30
892,2024-07-01,27
892,2024-08-01,27
892,2024-09-01,26
892,2024-10-01,23
892,2024-11-01,20
892,2024-12-01,19
892,2025-01-01,17
892,2025-02-01,15
892,2025-03-01,12
892,2025-04-01,10
892,2025-05-01,8
892,2025-06-01,7
892,2025-07-01,5
892,2025-08-01,3
892,2025-09-01,2
892,2025-10-01,1
892,2025-11-01,1
892,2025-12-01,1
893,2024-01-01,19
893,2024-02-01,19
893,2024-03-01,17
893,2024-04-01,14
893,2024-05-01,14
893,2024-06-01,14
893,2024-07-01,12
893,2024-08-01,9
893,2024-09-01,7
893,2024-10-01,4
893,2024-11-01,1
893,2024-12-01,1
893,2025-01-01,1
893,2025-02-01,1
893,2025-03-01,1
893,2025-04-01,1
893,2025-05-01,1
893,2025-06-01,1
893,2025-07-01,1
893,2025-08-01,1
893,2025-09-01,1
893,2025-10-01,1
893,2025-11-01,1
893,2025-12-01,1
894,2024-01-01,56
894,2024-02-01,53
894,2024-03-01,51
894,2024-04-01,50
894,2024-05-01,49
894,2024-06-01,49
894,2024-07-01,47
894,2024-08-01,46
894,2024-09-01,45
894,2024-10-01,42
894,2024-11-01,40
894,2024-12-01,38
894,2025-01-01,37
894,2025-02-01,35
894,2025-03-01,33
894,2025-04-01,31
894,2025-05-01,28
894,2025-06-01,27
894,2025-07-01,27
894,2025-08-01,25
894,2025-09-01,24
894,2025-10-01,24
894,2025-11-01,21
894,2025-12-01,20
895,2024-01-01,78
895,2024-02-01,75
895,2024-03-01,74
895,2024-04-01,71
895,2024-05-01,71
895,2024-06-01,70
895,2024-07-01,70
895,2024-08-01,68
895,2024-09-01,68
895,2024-10-01,67
895,2024-11-01,67
895,2024-12-01,66
895,2025-01-01,63
895,2025-02-01,61
895,2025-03-01,61
895,2025-04-01,59
895,2025-05-01,59
895,2025-06-01,58
895,2025-07-01,58
895,2025-08-01,56
895,2025-09-01,56
895,2025-10-01,54
895,2025-11-01,52
895,2025-12-01,51
896,2024-01-01,24
896,2024-02-01,24
896,2024-03-01,22
896,2024-04-01,21
896,2024-05-01,18
896,2024-06-01,17
896,2024-07-01,16
896,2024-08-01,14
896,2024-09-01,14
896,2024-10-01,12
896,2024-11-01,9
896,2024-12-01,6
896,2025-01-01,5
896,2025-02-01,3
896,2025-03-01,1
896,2025-04-01,1
896,2025-05-01,1
896,2025-06-01,1
896,2025-07-01,1
896,2025-08-01,1
896,2025-09-01,1
896,2025-10-01,1
896,2025-11-01,1
896,2025-12-01,1
897,2024-01-01,32
897,2024-02-01,32
897,2024-03-01,29
897,2024-04-01,26
897,2024-05-01,25
897,2024-06-01,25
897,2024-07-01,24
897,2024-08-01,23
897,2024-09-01,22
897,2024-10-01,22
897,2024-11-01,20
897,2024-12-01,20
897,2025-01-01,19
897,2025-02-01,17
897,2025-03-01,16
897,2025-04-01,16
897,2025-05-01,16
897,2025-06-01,14
897,2025-07-01,14
897,2025-08-01,13
897,2025-09-01,11
897,2025-10-01,8
897,2025-11-01,7
897,2025-12-01,4
898,2024-01-01,57
898,2024-02-01,57
898,2024-03-01,56
898,2024-04-01,56
898,2024-05-01,56
898,2024-06-01,55
898,2024-07-01,53
898,2024-08-01,52
898,2024-09-01,49
898,2024-10-01,47
898,2024-11-01,47
898,2024-12-01,45
898,2025-01-01,44
898,2025-02-01,42
898,2025-03-01,42
898,2025-04-01,42
898,2025-05-01,40
898,2025-06-01,37
898,2025-07-01,37
898,2025-08-01,34
898,2025-09-01,34
898,2025-10-01,32
898,2025-11-01,32
898,2025-12-01,29
899,2024-01-01,33
899,2024-02-01,30
899,2024-03-01,27
899,2024-04-01,25
899,2024-05-01,25
899,2024-06-01,23
899,2024-07-01,23
899,2024-08-01,23
899,2024-09-01,23
899,2024-10-01,22
899,2024-11-01,22
899,2024-12-01,20
899,2025-01-01,18
899,2025-02-01,16
899,2025-03-01,15
899,2025-04-01,12
899,2025-05-01,11
899,2025-06-01,9
899,2025-07-01,7
899,2025-08-01,4
899,2025-09-01,3
899,2025-10-01,1
899,2025-11-01,1
899,2025-12-01,1
900,2024-01-01,58
900,2024-02-01,55
900,2024-03-01,53
900,2024-04-01,52
900,2024-05-01,50
900,2024-06-01,47
900,2024-07-01,46
900,2024-08-01,43
900,2024-09-01,43
900,2024-10-01,43
900,2024-11-01,43
900,2024-12-01,40
900,2025-01-01,37
900,2025-02-01,35
900,2025-03-01,34
900,2025-04-01,33
900,2025-05-01,30
900,2025-06-01,27
900,2025-07-01,27
900,2025-08-01,24
900,2025-09-01,24
900,2025-10-01,21
900,2025-11-01,20
900,2025-12-01,18
901,2024-01-01,71
901,2024-02-01,69
901,2024-03-01,69
901,2024-04-01,69
901,2024-05-01,67
901,2024-06-01,65
901,2024-07-01,63
901,2024-08-01,60
901,2024-09-01,58
901,2024-10-01,55
901,2024-11-01,54
901,2024-12-01,53
901,2025-01-01,53
901,2025-02-01,53
901,2025-03-01,50
901,2025-04-01,50
901,2025-05-01,49
901,2025-06-01,46
901,2025-07-01,43
901,2025-08-01,41
901,2025-09-01,38
901,2025-10-01,38
901,2025-11-01,37
901,2025-12-01,37
902,2024-01-01,47
902,2024-02-01,46
902,2024-03-01,44
902,2024-04-01,44
902,2024-05-01,42
902,2024-06-01,39
902,2024-07-01,36
902,2024-08-01,35
902,2024-09-01,35
902,2024-10-01,35
902,2024-11-01,34
902,2024-12-01,31
902,2025-01-01,29
902,2025-02-01,28
902,2025-03-01,26
902,2025-04-01,24
902,2025-05-01,24
902,2025-06-01,21
902,2025-07-01,19
902,2025-08-01,16
902,2025-09-01,16
902,2025-10-01,15
902,2025-11-01,14
902,2025-12-01,14
903,2024-01-01,34
903,2024-02-01,34
903,2024-03-01,33
903,2024-04-01,30
903,2024-05-01,27
903,2024-06-01,24
903,2024-07-01,21
903,2024-08-01,21
903,2024-09-01,21
903,2024-10-01,18
903,2024-11-01,18
903,2024-12-01,16
903,2025-01-01,16
903,2025-02-01,14
903,2025-03-01,12
903,2025-04-01,12
903,2025-05-01,9
903,2025-06-01,7
903,2025-07-01,7
903,2025-08-01,6
903,2025-09-01,3
903,2025-10-01,2
903,2025-11-01,1
903,2025-12-01,1
904,2024-01-01,73
904,2024-02-01,71
904,2024-03-01,71
904,2024-04-01,68
904,2024-05-01,66
904,2024-06-01,64
904,2024-07-01,62
904,2024-08-01,60
904,2024-09-01,59
904,2024-10-01,58
904,2024-11-01,57
904,2024-12-01,55
904,2025-01-01,54
904,2025-02-01,51
904,2025-03-01,49
904,2025-04-01,46
904,2025-05-01,43
904,2025-06-01,42
904,2025-07-01,40
904,2025-08-01,39
904,2025-09-01,38
904,2025-10-01,37
904,2025-11-01,35
904,2025-12-01,33
905,2024-01-01,70
905,2024-02-01,67
905,2024-03-01,65
905,2024-04-01,65
905,2024-05-01,64
905,2024-06-01,63
905,2024-07-01,63
905,2024-08-01,61
905,2024-09-01,58
905,2024-10-01,56
905,2024-11-01,53
905,2024-12-01,50
905,2025-01-01,48
905,2025-02-01,47
905,2025-03-01,46
905,2025-04-01,45
905,2025-05-01,42
905,2025-06-01,41
905,2025-07-01,38
905,2025-08-01,37
905,2025-09-01,35
905,2025-10-01,35
905,2025-11-01,32
905,2025-12-01,30
906,2024-01-01,69
906,2024-02-01,68
906,2024-03-01,65
906,2024-04-01,65
906,2024-05-01,65
906,2024-06-01,63
906,2024-07-01,63
906,2024-08-01,61
906,2024-09-01,59
906,2024-10-01,56
906,2024-11-01,54
906,2024-12-01,52
906,2025-01-01,51
906,2025-02-01,48
906,2025-03-01,48
906,2025-04-01,47
906,2025-05-01,46
906,2025-06-01,43
906,2025-07-01,40
906,2025-08-01,39
906,2025-09-01,36
906,2025-10-01,33
906,2025-11-01,31
906,2025-12-01,28
907,2024-01-01,45
907,2024-02-01,44
907,2024-03-01,44
907,2024-04-01,41
907,2024-05-01,40
907,2024-06-01,38
907,2024-07-01,37
907,2024-08-01,34
907,2024-09-01,34
907,2024-10-01,34
907,2024-11-01,33
907,2024-12-01,33
907,2025-01-01,30
907,2025-02-01,27
907,2025-03-01,27
907,2025-04-01,25
907,2025-05-01,25
907,2025-06-01,25
907,2025-07-01,24
907,2025-08-01,22
907,2025-09-01,22
907,2025-10-01,21
907,2025-11-01,20
907,2025-12-01,19
908,2024-01-01,30
908,2024-02-01,29
908,2024-03-01,26
908,2024-04-01,23
908,2024-05-01,22
908,2024-06-01,22
908,2024-07-01,20
908,2024-08-01,17
908,2024-09-01,15
908,2024-10-01,12
908,2024-11-01,11
908,2024-12-01,8
908,2025-01-01,7
908,2025-02-01,5
908,2025-03-01,5
908,2025-04-01,4
908,2025-05-01,2
908,2025-06-01,1
908,2025-07-01,1
908,2025-08-01,1
908,2025-09-01,1
908,2025-10-01,1
908,2025-11-01,1
908,2025-12-01,1
909,2024-01-01,29
909,2024-02-01,26
909,2024-03-01,25
909,2024-04-01,23
909,2024-05-01,21
909,2024-06-01,20
909,2024-07-01,20
909,2024-08-01,17
909,2024-09-01,15
909,2024-10-01,15
909,2024-11-01,15
909,2024-12-01,14
909,2025-01-01,13
909,2025-02-01,12
909,2025-03-01,12
909,2025-04-01,9
909,2025-05-01,8
909,2025-06-01,5
909,2025-07-01,4
909,2025-08-01,4
909,2025-09-01,1
909,2025-10-01,1
909,2025-11-01,1
909,2025-12-01,1
910,2024-01-01,48
910,2024-02-01,46
910,2024-03-01,45
910,2024-04-01,43
910,2024-05-01,43
910,2024-06-01,43
910,2024-07-01,40
910,2024-08-01,40
910,2024-09-01,40
910,2024-10-01,40
910,2024-11-01,39
910,2024-12-01,37
910,2025-01-01,35
910,2025-02-01,34
910,2025-03-01,33
910,2025-04-01,32
910,2025-05-01,30
910,2025-06-01,28
910,2025-07-01,28
910,2025-08-01,26
910,2025-09-01,23
910,2025-10-01,21
910,2025-11-01,20
910,2025-12-01,18
911,2024-01-01,42
911,2024-02-01,41
911,2024-03-01,38
911,2024-04-01,37
911,2024-05-01,34
911,2024-06-01,34
911,2024-07-01,34
911,2024-08-01,32
911,2024-09-01,32
911,2024-10-01,32
911,2024-11-01,31
911,2024-12-01,30
911,2025-01-01,28
911,2025-02-01,26
911,2025-03-01,24
911,2025-04-01,22
911,2025-05-01,21
911,2025-06-01,19
911,2025-07-01,17
911,2025-08-01,17
911,2025-09-01,15
911,2025-10-01,12
911,2025-11-01,12
911,2025-12-01,11
912,2024-01-01,33
912,2024-02-01,33
912,2024-03-01,31
912,2024-04-01,31
912,2024-05-01,29
912,2024-06-01,26
912,2024-07-01,25
912,2024-08-01,22
912,2024-09-01,19
912,2024-10-01,18
912,2024-11-01,18
912,2024-12-01,18
912,2025-01-01,17
912,2025-02-01,15
912,2025-03-01,15
912,2025-04-01,12
912,2025-05-01,11
912,2025-06-01,8
912,2025-07-01,8
912,2025-08-01,7
912,2025-09-01,6
912,2025-10-01,6
912,2025-11-01,6
912,2025-12-01,5
913,2024-01-01,37
913,2024-02-01,35
913,2024-03-01,32
913,2024-04-01,30
913,2024-05-01,28
913,2024-06-01,28
913,2024-07-01,27
913,2024-08-01,24
913,2024-09-01,23
913,2024-10-01,21
913,2024-11-01,19
913,2024-12-01,17
913,2025-01-01,16
913,2025-02-01,14
913,2025-03-01,13
913,2025-04-01,10
913,2025-05-01,7
913,2025-06-01,6
913,2025-07-01,3
913,2025-08-01,3
913,2025-09-01,1
913,2025-10-01,1
913,2025-11-01,1
913,2025-12-01,1
914,2024-01-01,25
914,2024-02-01,23
914,2024-03-01,22
914,2024-04-01,19
914,2024-05-01,18
914,2024-06-01,17
914,2024-07-01,16
914,2024-08-01,14
914,2024-09-01,14
914,2024-10-01,14
914,2024-11-01,13
914,2024-12-01,11
914,2025-01-01,11
914,2025-02-01,8
914,2025-03-01,5
914,2025-04-01,3
914,2025-05-01,1
914,2025-06-01,1
914,2025-07-01,1
914,2025-08-01,1
914,2025-09-01,1
914,2025-10-01,1
914,2025-11-01,1
914,2025-12-01,1
915,2024-01-01,49
915,2024-02-01,47
915,2024-03-01,46
915,2024-04-01,43
915,2024-05-01,41
915,2024-06-01,39
915,2024-07-01,36
915,2024-08-01,35
915,2024-09-01,35
915,2024-10-01,34
915,2024-11-01,33
915,2024-12-01,33
915,2025-01-01,31
915,2025-02-01,31
915,2025-03-01,31
915,2025-04-01,28
915,2025-05-01,25
915,2025-06-01,24
915,2025-07-01,21
915,2025-08-01,21
915,2025-09-01,21
915,2025-10-01,18
915,2025-11-01,15
915,2025-12-01,12
916,2024-01-01,50
916,2024-02-01,48
916,2024-03-01,45
916,2024-04-01,44
916,2024-05-01,43
916,2024-06-01,41
916,2024-07-01,38
916,2024-08-01,38
916,2024-09-01,37
916,2024-10-01,36
916,2024-11-01,36
916,2024-12-01,36
916,2025-01-01,33
916,2025-02-01,33
916,2025-03-01,33
916,2025-04-01,33
916,2025-05-01,31
916,2025-06-01,31
916,2025-07-01,30
916,2025-08-01,27
916,2025-09-01,24
916,2025-10-01,21
916,2025-11-01,19
916,2025-12-01,18
917,2024-01-01,67
917,2024-02-01,64
917,2024-03-01,64
917,2024-04-01,61
917,2024-05-01,58
917,2024-06-01,55
917,2024-07-01,54
917,2024-08-01,53
917,2024-09-01,50
917,2024-10-01,47
917,2024-11-01,47
917,2024-12-01,44
917,2025-01-01,41
917,2025-02-01,38
917,2025-03-01,35
917,2025-04-01,34
917,2025-05-01,31
917,2025-06-01,29
917,2025-07-01,26
917,2025-08-01,25
917,2025-09-01,23
917,2025-10-01,21
917,2025-11-01,18
917,2025-12-01,15
918,2024-01-01,60
918,2024-02-01,59
918,2024-03-01,56
918,2024-04-01,56
918,2024-05-01,56
918,2024-06-01,54
918,2024-07-01,52
918,2024-08-01,49
918,2024-09-01,49
918,2024-10-01,47
918,2024-11-01,44
918,2024-12-01,44
918,2025-01-01,43
918,2025-02-01,41
918,2025-03-01,40
918,2025-04-01,40
918,2025-05-01,37
918,2025-06-01,34
918,2025-07-01,34
918,2025-08-01,33
918,2025-09-01,30
918,2025-10-01,28
918,2025-11-01,27
918,2025-12-01,26
919,2024-01-01,42
919,2024-02-01,39
919,2024-03-01,38
919,2024-04-01,35
919,2024-05-01,32
919,2024-06-01,31
919,2024-07-01,31
919,2024-08-01,30
919,2024-09-01,30
919,2024-10-01,28
919,2024-11-01,28
919,2024-12-01,28
919,2025-01-01,27
919,2025-02-01,24
919,2025-03-01,21
919,2025-04-01,21
919,2025-05-01,21
919,2025-06-01,20
919,2025-07-01,20
919,2025-08-01,19
919,2025-09-01,17
919,2025-10-01,17
919,2025-11-01,15
919,2025-12-01,15
920,2024-01-01,34
920,2024-02-01,32
920,2024-03-01,31
920,2024-04-01,30
920,2024-05-01,28
920,2024-06-01,28
920,2024-07-01,27
920,2024-08-01,27
920,2024-09-01,24
920,2024-10-01,23
920,2024-11-01,22
920,2024-12-01,21
920,2025-01-01,18
920,2025-02-01,16
920,2025-03-01,16
920,2025-04-01,13
920,2025-05-01,11
920,2025-06-01,10
920,2025-07-01,8
920,2025-08-01,6
920,2025-09-01,4
920,2025-10-01,4
920,2025-11-01,2
920,2025-12-01,1
921,2024-01-01,40
921,2024-02-01,37
921,2024-03-01,34
921,2024-04-01,32
921,2024-05-01,30
921,2024-06-01,28
921,2024-07-01,27
921,2024-08-01,25
921,2024-09-01,23
921,2024-10-01,20
921,2024-11-01,17
921,2024-12-01,14
921,2025-01-01,14
921,2025-02-01,13
921,2025-03-01,11
921,2025-04-01,8
921,2025-05-01,8
921,2025-06-01,6
921,2025-07-01,4
921,2025-08-01,1
921,2025-09-01,1
921,2025-10-01,1
921,2025-11-01,1
921,2025-12-01,1
922,2024-01-01,46
922,2024-02-01,46
922,2024-03-01,44
922,2024-04-01,41
922,2024-05-01,41
922,2024-06-01,38
922,2024-07-01,37
922,2024-08-01,35
922,2024-09-01,34
922,2024-10-01,33
922,2024-11-01,32
922,2024-12-01,30
922,2025-01-01,27
922,2025-02-01,26
922,2025-03-01,26
922,2025-04-01,24
922,2025-05-01,21
922,2025-06-01,18
922,2025-07-01,17
922,2025-08-01,15
922,2025-09-01,14
922,2025-10-01,14
922,2025-11-01,11
922,2025-12-01,8
923,2024-01-01,59
923,2024-02-01,57
923,2024-03-01,56
923,2024-04-01,56
923,2024-05-01,54
923,2024-06-01,53
923,2024-07-01,53
923,2024-08-01,50
923,2024-09-01,50
923,2024-10-01,50
923,2024-11-01,50
923,2024-12-01,47
923,2025-01-01,45
923,2025-02-01,43
923,2025-03-01,43
923,2025-04-01,42
923,2025-05-01,41
923,2025-06-01,41
923,2025-07-01,41
923,2025-08-01,40
923,2025-09-01,40
923,2025-10-01,40
923,2025-11-01,38
923,2025-12-01,36
924,2024-01-01,48
924,2024-02-01,45
924,2024-03-01,43
924,2024-04-01,43
924,2024-05-01,40
924,2024-06-01,37
924,2024-07-01,34
924,2024-08-01,31
924,2024-09-01,29
924,2024-10-01,26
924,2024-11-01,24
924,2024-12-01,21
924,2025-01-01,18
924,2025-02-01,17
924,2025-03-01,15
924,2025-04-01,14
924,2025-05-01,13
924,2025-06-01,10
924,2025-07-01,8
924,2025-08-01,8
924,2025-09-01,5
924,2025-10-01,3
924,2025-11-01,2
924,2025-12-01,1
925,2024-01-01,65
925,2024-02-01,64
925,2024-03-01,62
925,2024-04-01,60
925,2024-05-01,59
925,2024-06-01,56
925,2024-07-01,56
925,2024-08-01,55
925,2024-09-01,54
925,2024-10-01,51
925,2024-11-01,48
925,2024-12-01,46
925,2025-01-01,45
925,2025-02-01,43
925,2025-03-01,41
925,2025-04-01,38
925,2025-05-01,35
925,2025-06-01,33
925,2025-07-01,32
925,2025-08-01,31
925,2025-09-01,29
925,2025-10-01,29
925,2025-11-01,29
925,2025-12-01,26
926,2024-01-01,39
926,2024-02-01,37
926,2024-03-01,36
926,2024-04-01,33
926,2024-05-01,30
926,2024-06-01,30
926,2024-07-01,29
926,2024-08-01,28
926,2024-09-01,26
926,2024-10-01,25
926,2024-11-01,25
926,2024-12-01,24
926,2025-01-01,22
926,2025-02-01,22
926,2025-03-01,20
926,2025-04-01,19
926,2025-05-01,16
926,2025-06-01,15
926,2025-07-01,14
926,2025-08-01,12
926,2025-09-01,9
926,2025-10-01,8
926,2025-11-01,8
926,2025-12-01,8
927,2024-01-01,68
927,2024-02-01,65
927,2024-03-01,63
927,2024-04-01,60
927,2024-05-01,59
927,2024-06-01,59
927,2024-07-01,59
927,2024-08-01,59
927,2024-09-01,57
927,2024-10-01,55
927,2024-11-01,54
927,2024-12-01,52
927,2025-01-01,49
927,2025-02-01,49
927,2025-03-01,48
927,2025-04-01,45
927,2025-05-01,42
927,2025-06-01,40
927,2025-07-01,38
927,2025-08-01,38
927,2025-09-01,37
927,2025-10-01,34
927,2025-11-01,32
927,2025-12-01,30
928,2024-01-01,56
928,2024-02-01,54
928,2024-03-01,52
928,2024-04-01,52
928,2024-05-01,51
928,2024-06-01,48
928,2024-07-01,46
928,2024-08-01,44
928,2024-09-01,42
928,2024-10-01,40
928,2024-11-01,40
928,2024-12-01,39
928,2025-01-01,37
928,2025-02-01,36
928,2025-03-01,33
928,2025-04-01,30
928,2025-05-01,27
928,2025-06-01,24
928,2025-07-01,23
928,2025-08-01,20
928,2025-09-01,17
928,2025-10-01,15
928,2025-11-01,13
928,2025-12-01,11
929,2024-01-01,38
929,2024-02-01,35
929,2024-03-01,34
929,2024-04-01,31
929,2024-05-01,30
929,2024-06-01,27
929,2024-07-01,27
929,2024-08-01,25
929,2024-09-01,22
929,2024-10-01,20
929,2024-11-01,20
929,2024-12-01,20
929,2025-01-01,18
929,2025-02-01,16
929,2025-03-01,15
929,2025-04-01,13
929,2025-05-01,11
929,2025-06-01,10
929,2025-07-01,7
929,2025-08-01,6
929,2025-09-01,3
929,2025-10-01,1
929,2025-11-01,1
929,2025-12-01,1
930,2024-01-01,53
930,2024-02-01,50
930,2024-03-01,49
930,2024-04-01,49
930,2024-05-01,46
930,2024-06-01,45
930,2024-07-01,44
930,2024-08-01,43
930,2024-09-01,41
930,2024-10-01,41
930,2024-11-01,40
930,2024-12-01,38
930,2025-01-01,38
930,2025-02-01,38
930,2025-03-01,36
930,2025-04-01,36
930,2025-05-01,34
930,2025-06-01,31
930,2025-07-01,30
930,2025-08-01,28
930,2025-09-01,28
930,2025-10-01,28
930,2025-11-01,25
930,2025-12-01,22
931,2024-01-01,60
931,2024-02-01,57
931,2024-03-01,56
931,2024-04-01,54
931,2024-05-01,51
931,2024-06-01,48
931,2024-07-01,47
931,2024-08-01,45
931,2024-09-01,42
931,2024-10-01,40
931,2024-11-01,38
931,2024-12-01,37
931,2025-01-01,36
931,2025-02-01,33
931,2025-03-01,33
931,2025-04-01,32
931,2025-05-01,30
931,2025-06-01,28
931,2025-07-01,25
931,2025-08-01,22
931,2025-09-01,19
931,2025-10-01,17
931,2025-11-01,16
931,2025-12-01,16
932,2024-01-01,53
932,2024-02-01,52
932,2024-03-01,49
932,2024-04-01,47
932,2024-05-01,47
932,2024-06-01,46
932,2024-07-01,44
932,2024-08-01,44
932,2024-09-01,44
932,2024-10-01,42
932,2024-11-01,39
932,2024-12-01,37
932,2025-01-01,34
932,2025-02-01,33
932,2025-03-01,32
932,2025-04-01,30
932,2025-05-01,27
932,2025-06-01,26
932,2025-07-01,23
932,2025-08-01,20
932,2025-09-01,17
932,2025-10-01,15
932,2025-11-01,12
932,2025-12-01,10
933,2024-01-01,40
933,2024-02-01,40
933,2024-03-01,40
933,2024-04-01,39
933,2024-05-01,36
933,2024-06-01,33
933,2024-07-01,32
933,2024-08-01,31
933,2024-09-01,31
933,2024-10-01,28
933,2024-11-01,27
933,2024-12-01,27
933,2025-01-01,27
933,2025-02-01,24
933,2025-03-01,24
933,2025-04-01,24
933,2025-05-01,22
933,2025-06-01,21
933,2025-07-01,18
933,2025-08-01,17
933,2025-09-01,15
933,2025-10-01,12
933,2025-11-01,11
933,2025-12-01,11
934,2024-01-01,45
934,2024-02-01,45
934,2024-03-01,43
934,2024-04-01,43
934,2024-05-01,42
934,2024-06-01,41
934,2024-07-01,40
934,2024-08-01,38
934,2024-09-01,35
934,2024-10-01,34
934,2024-11-01,32
934,2024-12-01,32
934,2025-01-01,31
934,2025-02-01,31
934,2025-03-01,30
934,2025-04-01,30
934,2025-05-01,28
934,2025-06-01,27
934,2025-07-01,25
934,2025-08-01,23
934,2025-09-01,23
934,2025-10-01,22
934,2025-11-01,19
934,2025-12-01,16
935,2024-01-01,38
935,2024-02-01,38
935,2024-03-01,38
935,2024-04-01,37
935,2024-05-01,36
935,2024-06-01,36
935,2024-07-01,33
935,2024-08-01,30
935,2024-09-01,29
935,2024-10-01,29
935,2024-11-01,26
935,2024-12-01,23
935,2025-01-01,22
935,2025-02-01,21
935,2025-03-01,18
935,2025-04-01,18
935,2025-05-01,15
935,2025-06-01,12
935,2025-07-01,12
935,2025-08-01,11
935,2025-09-01,11
935,2025-10-01,11
935,2025-11-01,11
935,2025-12-01,11
936,2024-01-01,58
936,2024-02-01,56
936,2024-03-01,55
936,2024-04-01,55
936,2024-05-01,52
936,2024-06-01,49
936,2024-07-01,49
936,2024-08-01,48
936,2024-09-01,48
936,2024-10-01,45
936,2024-11-01,42
936,2024-12-01,41
936,2025-01-01,39
936,2025-02-01,39
936,2025-03-01,37
936,2025-04-01,34
936,2025-05-01,32
936,2025-06-01,32
936,2025-07-01,32
936,2025-08-01,29
936,2025-09-01,28
936,2025-10-01,27
936,2025-11-01,24
936,2025-12-01,24
937,2024-01-01,51
937,2024-02-01,48
937,2024-03-01,46
937,2024-04-01,46
937,2024-05-01,45
937,2024-06-01,45
937,2024-07-01,43
937,2024-08-01,43
937,2024-09-01,43
937,2024-10-01,40
937,2024-11-01,37
937,2024-12-01,37
937,2025-01-01,34
937,2025-02-01,34
937,2025-03-01,32
937,2025-04-01,29
937,2025-05-01,29
937,2025-06-01,26
937,2025-07-01,26
937,2025-08-01,23
937,2025-09-01,22
937,2025-10-01,22
937,2025-11-01,21
937,2025-12-01,21
938,2024-01-01,29
938,2024-02-01,26
938,2024-03-01,25
938,2024-04-01,22
938,2024-05-01,22
938,2024-06-01,19
938,2024-07-01,19
938,2024-08-01,16
938,2024-09-01,15
938,2024-10-01,15
938,2024-11-01,12
938,2024-12-01,12
938,2025-01-01,12
938,2025-02-01,12
938,2025-03-01,10
938,2025-04-01,10
938,2025-05-01,7
938,2025-06-01,5
938,2025-07-01,2
938,2025-08-01,1
938,2025-09-01,1
938,2025-10-01,1
938,2025-11-01,1
938,2025-12-01,1
939,2024-01-01,39
939,2024-02-01,38
939,2024-03-01,38
939,2024-04-01,38
939,2024-05-01,36
939,2024-06-01,35
939,2024-07-01,35
939,2024-08-01,34
939,2024-09-01,31
939,2024-10-01,31
939,2024-11-01,31
939,2024-12-01,28
939,2025-01-01,28
939,2025-02-01,26
939,2025-03-01,23
939,2025-04-01,21
939,2025-05-01,18
939,2025-06-01,15
939,2025-07-01,13
939,2025-08-01,10
939,2025-09-01,9
939,2025-10-01,7
939,2025-11-01,4
939,2025-12-01,2
940,2024-01-01,36
940,2024-02-01,35
940,2024-03-01,34
940,2024-04-01,33
940,2024-05-01,30
940,2024-06-01,29
940,2024-07-01,27
940,2024-08-01,24
940,2024-09-01,22
940,2024-10-01,21
940,2024-11-01,18
940,2024-12-01,16
940,2025-01-01,16
940,2025-02-01,14
940,2025-03-01,11
940,2025-04-01,11
940,2025-05-01,10
940,2025-06-01,9
940,2025-07-01,7
940,2025-08-01,6
940,2025-09-01,4
940,2025-10-01,2
940,2025-11-01,1
940,2025-12-01,1
941,2024-01-01,72
941,2024-02-01,72
941,2024-03-01,72
941,2024-04-01,71
941,2024-05-01,68
941,2024-06-01,68
941,2024-07-01,65
941,2024-08-01,62
941,2024-09-01,61
941,2024-10-01,60
941,2024-11-01,58
941,2024-12-01,55
941,2025-01-01,53
941,2025-02-01,51
941,2025-03-01,49
941,2025-04-01,46
941,2025-05-01,43
941,2025-06-01,41
941,2025-07-01,38
941,2025-08-01,36
941,2025-09-01,36
941,2025-10-01,33
941,2025-11-01,32
941,2025-12-01,31
942,2024-01-01,58
942,2024-02-01,55
942,2024-03-01,53
942,2024-04-01,53
942,2024-05-01,53
942,2024-06-01,50
942,2024-07-01,49
942,2024-08-01,48
942,2024-09-01,48
942,2024-10-01,47
942,2024-11-01,47
942,2024-12-01,47
942,2025-01-01,47
942,2025-02-01,46
942,2025-03-01,44
942,2025-04-01,43
942,2025-05-01,41
942,2025-06-01,40
942,2025-07-01,37
942,2025-08-01,34
942,2025-09-01,33
942,2025-10-01,30
942,2025-11-01,27
942,2025-12-01,24
943,2024-01-01,33
943,2024-02-01,33
943,2024-03-01,31
943,2024-04-01,31
943,2024-05-01,31
943,2024-06-01,30
943,2024-07-01,29
943,2024-08-01,28
943,2024-09-01,27
943,2024-10-01,26
943,2024-11-01,24
943,2024-12-01,22
943,2025-01-01,19
943,2025-02-01,17
943,2025-03-01,15
943,2025-04-01,14
943,2025-05-01,11
943,2025-06-01,9
943,2025-07-01,7
943,2025-08-01,4
943,2025-09-01,4
943,2025-10-01,3
943,2025-11-01,1
943,2025-12-01,1
944,2024-01-01,29
944,2024-02-01,28
944,2024-03-01,26
944,2024-04-01,26
944,2024-05-01,25
944,2024-06-01,25
944,2024-07-01,22
944,2024-08-01,21
944,2024-09-01,19
944,2024-10-01,18
944,2024-11-01,17
944,2024-12-01,16
944,2025-01-01,16
944,2025-02-01,13
944,2025-03-01,12
944,2025-04-01,10
944,2025-05-01,9
944,2025-06-01,8
944,2025-07-01,5
944,2025-08-01,3
944,2025-09-01,1
944,2025-10-01,1
944,2025-11-01,1
944,2025-12-01,1
945,2024-01-01,45
945,2024-02-01,45
945,2024-03-01,43
945,2024-04-01,41
945,2024-05-01,39
945,2024-06-01,38
945,2024-07-01,37
945,2024-08-01,37
945,2024-09-01,34
945,2024-10-01,34
945,2024-11-01,33
945,2024-12-01,31
945,2025-01-01,29
945,2025-02-01,29
945,2025-03-01,27
945,2025-04-01,26
945,2025-05-01,26
945,2025-06-01,23
945,2025-07-01,22
945,2025-08-01,21
945,2025-09-01,19
945,2025-10-01,18
945,2025-11-01,17
945,2025-12-01,14
946,2024-01-01,41
946,2024-02-01,39
946,2024-03-01,38
946,2024-04-01,35
946,2024-05-01,33
946,2024-06-01,31
946,2024-07-01,28
946,2024-08-01,28
946,2024-09-01,27
946,2024-10-01,26
946,2024-11-01,26
946,2024-12-01,24
946,2025-01-01,22
946,2025-02-01,19
946,2025-03-01,16
946,2025-04-01,13
946,2025-05-01,13
946,2025-06-01,13
946,2025-07-01,11
946,2025-08-01,8
946,2025-09-01,6
946,2025-10-01,6
946,2025-11-01,5
946,2025-12-01,3
947,2024-01-01,45
947,2024-02-01,44
947,2024-03-01,43
947,2024-04-01,42
947,2024-05-01,39
947,2024-06-01,38
947,2024-07-01,38
947,2024-08-01,36
947,2024-09-01,35
947,2024-10-01,34
947,2024-11-01,34
947,2024-12-01,31
947,2025-01-01,30
947,2025-02-01,30
947,2025-03-01,30
947,2025-04-01,27
947,2025-05-01,24
947,2025-06-01,22
947,2025-07-01,21
947,2025-08-01,19
947,2025-09-01,19
947,2025-10-01,18
947,2025-11-01,18
947,2025-12-01,18
948,2024-01-01,17
948,2024-02-01,14
948,2024-03-01,13
948,2024-04-01,13
948,2024-05-01,13
948,2024-06-01,12
948,2024-07-01,10
948,2024-08-01,10
948,2024-09-01,7
948,2024-10-01,5
948,2024-11-01,3
948,2024-12-01,1
948,2025-01-01,1
948,2025-02-01,1
948,2025-03-01,1
948,2025-04-01,1
948,2025-05-01,1
948,2025-06-01,1
948,2025-07-01,1
948,2025-08-01,1
948,2025-09-01,1
948,2025-10-01,1
948,2025-11-01,1
948,2025-12-01,1
949,2024-01-01,44
949,2024-02-01,44
949,2024-03-01,43
949,2024-04-01,41
949,2024-05-01,40
949,2024-06-01,39
949,2024-07-01,36
949,2024-08-01,35
949,2024-09-01,35
949,2024-10-01,33
949,2024-11-01,32
949,2024-12-01,30
949,2025-01-01,29
949,2025-02-01,27
949,2025-03-01,25
949,2025-04-01,23
949,2025-05-01,22
949,2025-06-01,22
949,2025-07-01,20
949,2025-08-01,17
949,2025-09-01,14
949,2025-10-01,11
949,2025-11-01,11
949,2025-12-01,9
950,2024-01-01,34
950,2024-02-01,34
950,2024-03-01,32
950,2024-04-01,29
950,2024-05-01,27
950,2024-06-01,27
950,2024-07-01,25
950,2024-08-01,24
950,2024-09-01,22
950,2024-10-01,19
950,2024-11-01,17
950,2024-12-01,16
950,2025-01-01,15
950,2025-02-01,14
950,2025-03-01,14
950,2025-04-01,13
950,2025-05-01,13
950,2025-06-01,12
950,2025-07-01,12
950,2025-08-01,11
950,2025-09-01,10
950,2025-10-01,8
950,2025-11-01,7
950,2025-12-01,5
951,2024-01-01,20
951,2024-02-01,18
951,2024-03-01,16
951,2024-04-01,16
951,2024-05-01,13
951,2024-06-01,11
951,2024-07-01,11
951,2024-08-01,10
951,2024-09-01,8
951,2024-10-01,6
951,2024-11-01,5
951,2024-12-01,4
951,2025-01-01,3
951,2025-02-01,2
951,2025-03-01,1
951,2025-04-01,1
951,2025-05-01,1
951,2025-06-01,1
951,2025-07-01,1
951,2025-08-01,1
951,2025-09-01,1
951,2025-10-01,1
951,2025-11-01,1
951,2025-12-01,1
952,2024-01-01,42
952,2024-02-01,40
952,2024-03-01,39
952,2024-04-01,37
952,2024-05-01,37
952,2024-06-01,35
952,2024-07-01,32
952,2024-08-01,29
952,2024-09-01,26
952,2024-10-01,25
952,2024-11-01,23
952,2024-12-01,22
952,2025-01-01,20
952,2025-02-01,20
952,2025-03-01,18
952,2025-04-01,16
952,2025-05-01,14
952,2025-06-01,12
952,2025-07-01,12
952,2025-08-01,11
952,2025-09-01,8
952,2025-10-01,6
952,2025-11-01,3
952,2025-12-01,1
953,2024-01-01,32
953,2024-02-01,30
953,2024-03-01,27
953,2024-04-01,25
953,2024-05-01,25
953,2024-06-01,24
953,2024-07-01,23
953,2024-08-01,21
953,2024-09-01,19
953,2024-10-01,18
953,2024-11-01,15
953,2024-12-01,13
953,2025-01-01,10
953,2025-02-01,8
953,2025-03-01,6
953,2025-04-01,6
953,2025-05-01,6
953,2025-06-01,5
953,2025-07-01,5
953,2025-08-01,5
953,2025-09-01,4
953,2025-10-01,1
953,2025-11-01,1
953,2025-12-01,1
954,2024-01-01,47
954,2024-02-01,44
954,2024-03-01,43
954,2024-04-01,40
954,2024-05-01,39
954,2024-06-01,38
954,2024-07-01,36
954,2024-08-01,33
954,2024-09-01,31
954,2024-10-01,29
954,2024-11-01,26
954,2024-12-01,23
954,2025-01-01,22
954,2025-02-01,19
954,2025-03-01,18
954,2025-04-01,17
954,2025-05-01,16
954,2025-06-01,15
954,2025-07-01,14
954,2025-08-01,13
954,2025-09-01,10
954,2025-10-01,7
954,2025-11-01,7
954,2025-12-01,4
955,2024-01-01,50
955,2024-02-01,47
955,2024-03-01,45
955,2024-04-01,42
955,2024-05-01,41
955,2024-06-01,41
955,2024-07-01,40
955,2024-08-01,40
955,2024-09-01,40
955,2024-10-01,39
955,2024-11-01,39
955,2024-12-01,39
955,2025-01-01,36
955,2025-02-01,34
955,2025-03-01,33
955,2025-04-01,30
955,2025-05-01,27
955,2025-06-01,26
955,2025-07-01,26
955,2025-08-01,25
955,2025-09-01,23
955,2025-10-01,21
955,2025-11-01,20
955,2025-12-01,17
956,2024-01-01,27
956,2024-02-01,26
956,2024-03-01,26
956,2024-04-01,25
956,2024-05-01,22
956,2024-06-01,22
956,2024-07-01,20
956,2024-08-01,19
956,2024-09-01,16
956,2024-10-01,13
956,2024-11-01,11
956,2024-12-01,10
956,2025-01-01,7
956,2025-02-01,7
956,2025-03-01,6
956,2025-04-01,4
956,2025-05-01,4
956,2025-06-01,3
956,2025-07-01,1
956,2025-08-01,1
956,2025-09-01,1
956,2025-10-01,1
956,2025-11-01,1
956,2025-12-01,1
957,2024-01-01,29
957,2024-02-01,27
957,2024-03-01,25
957,2024-04-01,23
957,2024-05-01,23
957,2024-06-01,21
957,2024-07-01,20
957,2024-08-01,17
957,2024-09-01,16
957,2024-10-01,13
957,2024-11-01,11
957,2024-12-01,10
957,2025-01-01,10
957,2025-02-01,7
957,2025-03-01,7
957,2025-04-01,4
957,2025-05-01,2
957,2025-06-01,1
957,2025-07-01,1
957,2025-08-01,1
957,2025-09-01,1
957,2025-10-01,1
957,2025-11-01,1
957,2025-12-01,1
958,2024-01-01,53
958,2024-02-01,50
958,2024-03-01,47
958,2024-04-01,45
958,2024-05-01,44
958,2024-06-01,43
958,2024-07-01,41
958,2024-08-01,41
958,2024-09-01,41
958,2024-10-01,39
958,2024-11-01,38
958,2024-12-01,38
958,2025-01-01,36
958,2025-02-01,35
958,2025-03-01,35
958,2025-04-01,35
958,2025-05-01,33
958,2025-06-01,32
958,2025-07-01,32
958,2025-08-01,30
958,2025-09-01,30
958,2025-10-01,29
958,2025-11-01,26
958,2025-12-01,26
959,2024-01-01,25
959,2024-02-01,22
959,2024-03-01,22
959,2024-04-01,20
959,2024-05-01,20
959,2024-06-01,19
959,2024-07-01,17
959,2024-08-01,16
959,2024-09-01,15
959,2024-10-01,13
959,2024-11-01,10
959,2024-12-01,9
959,2025-01-01,9
959,2025-02-01,6
959,2025-03-01,3
959,2025-04-01,1
959,2025-05-01,1
959,2025-06-01,1
959,2025-07-01,1
959,2025-08-01,1
959,2025-09-01,1
959,2025-10-01,1
959,2025-11-01,1
959,2025-12-01,1
960,2024-01-01,49
960,2024-02-01,49
960,2024-03-01,49
960,2024-04-01,48
960,2024-05-01,47
960,2024-06-01,47
960,2024-07-01,47
960,2024-08-01,46
960,2024-09-01,46
960,2024-10-01,45
960,2024-11-01,45
960,2024-12-01,43
960,2025-01-01,41
960,2025-02-01,38
960,2025-03-01,38
960,2025-04-01,37
960,2025-05-01,37
960,2025-06-01,37
960,2025-07-01,34
960,2025-08-01,33
960,2025-09-01,33
960,2025-10-01,32
960,2025-11-01,32
960,2025-12-01,29
961,2024-01-01,45
961,2024-02-01,43
961,2024-03-01,42
961,2024-04-01,39
961,2024-05-01,37
961,2024-06-01,36
961,2024-07-01,35
961,2024-08-01,34
961,2024-09-01,33
961,2024-10-01,33
961,2024-11-01,33
961,2024-12-01,32
961,2025-01-01,29
961,2025-02-01,29
961,2025-03-01,28
961,2025-04-01,27
961,2025-05-01,24
961,2025-06-01,21
961,2025-07-01,18
961,2025-08-01,16
961,2025-09-01,15
961,2025-10-01,12
961,2025-11-01,11
961,2025-12-01,11
962,2024-01-01,60
962,2024-02-01,58
962,2024-03-01,58
962,2024-04-01,58
962,2024-05-01,56
962,2024-06-01,53
962,2024-07-01,50
962,2024-08-01,49
962,2024-09-01,47
962,2024-10-01,44
962,2024-11-01,44
962,2024-12-01,42
962,2025-01-01,39
962,2025-02-01,39
962,2025-03-01,37
962,2025-04-01,36
962,2025-05-01,35
962,2025-06-01,35
962,2025-07-01,32
962,2025-08-01,29
962,2025-09-01,27
962,2025-10-01,27
962,2025-11-01,24
962,2025-12-01,23
963,2024-01-01,67
963,2024-02-01,67
963,2024-03-01,65
963,2024-04-01,62
963,2024-05-01,59
963,2024-06-01,56
963,2024-07-01,55
963,2024-08-01,52
963,2024-09-01,52
963,2024-10-01,51
963,2024-11-01,49
963,2024-12-01,48
963,2025-01-01,46
963,2025-02-01,45
963,2025-03-01,42
963,2025-04-01,40
963,2025-05-01,37
963,2025-06-01,36
963,2025-07-01,34
963,2025-08-01,34
963,2025-09-01,34
963,2025-10-01,33
963,2025-11-01,31
963,2025-12-01,31
964,2024-01-01,44
964,2024-02-01,43
964,2024-03-01,40
964,2024-04-01,37
964,2024-05-01,34
964,2024-06-01,34
964,2024-07-01,32
964,2024-08-01,31
964,2024-09-01,29
964,2024-10-01,27
964,2024-11-01,25
964,2024-12-01,25
964,2025-01-01,22
964,2025-02-01,21
964,2025-03-01,19
964,2025-04-01,16
964,2025-05-01,16
964,2025-06-01,14
964,2025-07-01,11
964,2025-08-01,11
964,2025-09-01,8
964,2025-10-01,7
964,2025-11-01,4
964,2025-12-01,1
965,2024-01-01,36
965,2024-02-01,33
965,2024-03-01,32
965,2024-04-01,29
965,2024-05-01,27
965,2024-06-01,24
965,2024-07-01,24
965,2024-08-01,23
965,2024-09-01,21
965,2024-10-01,20
965,2024-11-01,19
965,2024-12-01,18
965,2025-01-01,18
965,2025-02-01,18
965,2025-03-01,15
965,2025-04-01,15
965,2025-05-01,14
965,2025-06-01,12
965,2025-07-01,10
965,2025-08-01,8
965,2025-09-01,7
965,2025-10-01,7
965,2025-11-01,5
965,2025-12-01,4
966,2024-01-01,63
966,2024-02-01,61
966,2024-03-01,58
966,2024-04-01,55
966,2024-05-01,54
966,2024-06-01,51
966,2024-07-01,48
966,2024-08-01,46
966,2024-09-01,43
966,2024-10-01,42
966,2024-11-01,40
966,2024-12-01,37
966,2025-01-01,34
966,2025-02-01,31
966,2025-03-01,31
966,2025-04-01,28
966,2025-05-01,25
966,2025-06-01,24
966,2025-07-01,21
966,2025-08-01,21
966,2025-09-01,19
966,2025-10-01,16
966,2025-11-01,13
966,2025-12-01,12
967,2024-01-01,32
967,2024-02-01,29
967,2024-03-01,27
967,2024-04-01,26
967,2024-05-01,24
967,2024-06-01,24
967,2024-07-01,21
967,2024-08-01,21
967,2024-09-01,19
967,2024-10-01,19
967,2024-11-01,16
967,2024-12-01,16
967,2025-01-01,14
967,2025-02-01,11
967,2025-03-01,10
967,2025-04-01,8
967,2025-05-01,5
967,2025-06-01,4
967,2025-07-01,4
967,2025-08-01,4
967,2025-09-01,4
967,2025-10-01,1
967,2025-11-01,1
967,2025-12-01,1
968,2024-01-01,64
968,2024-02-01,63
968,2024-03-01,60
968,2024-04-01,58
968,2024-05-01,58
968,2024-06-01,58
968,2024-07-01,55
968,2024-08-01,55
968,2024-09-01,52
968,2024-10-01,49
968,2024-11-01,46
968,2024-12-01,44
968,2025-01-01,41
968,2025-02-01,39
968,2025-03-01,37
968,2025-04-01,37
968,2025-05-01,36
968,2025-06-01,34
968,2025-07-01,32
968,2025-08-01,31
968,2025-09-01,29
968,2025-10-01,28
968,2025-11-01,28
968,2025-12-01,25
969,2024-01-01,26
969,2024-02-01,25
969,2024-03-01,22
969,2024-04-01,22
969,2024-05-01,20
969,2024-06-01,20
969,2024-07-01,18
969,2024-08-01,15
969,2024-09-01,12
969,2024-10-01,10
969,2024-11-01,9
969,2024-12-01,9
969,2025-01-01,8
969,2025-02-01,5
969,2025-03-01,5
969,2025-04-01,5
969,2025-05-01,4
969,2025-06-01,2
969,2025-07-01,1
969,2025-08-01,1
969,2025-09-01,1
969,2025-10-01,1
969,2025-11-01,1
969,2025-12-01,1
970,2024-01-01,69
970,2024-02-01,69
970,2024-03-01,67
970,2024-04-01,66
970,2024-05-01,63
970,2024-06-01,60
970,2024-07-01,59
970,2024-08-01,59
970,2024-09-01,59
970,2024-10-01,59
970,2024-11-01,56
970,2024-12-01,55
970,2025-01-01,52
970,2025-02-01,51
970,2025-03-01,48
970,2025-04-01,45
970,2025-05-01,43
970,2025-06-01,40
970,2025-07-01,39
970,2025-08-01,36
970,2025-09-01,34
970,2025-10-01,32
970,2025-11-01,31
970,2025-12-01,29
971,2024-01-01,51
971,2024-02-01,49
971,2024-03-01,47
971,2024-04-01,45
971,2024-05-01,44
971,2024-06-01,44
971,2024-07-01,41
971,2024-08-01,41
971,2024-09-01,40
971,2024-10-01,39
971,2024-11-01,38
971,2024-12-01,35
971,2025-01-01,34
971,2025-02-01,34
971,2025-03-01,32
971,2025-04-01,30
971,2025-05-01,29
971,2025-06-01,28
971,2025-07-01,25
971,2025-08-01,23
971,2025-09-01,20
971,2025-10-01,17
971,2025-11-01,14
971,2025-12-01,11
972,2024-01-01,59
972,2024-02-01,58
972,2024-03-01,55
972,2024-04-01,52
972,2024-05-01,52
972,2024-06-01,49
972,2024-07-01,49
972,2024-08-01,49
972,2024-09-01,46
972,2024-10-01,45
972,2024-11-01,45
972,2024-12-01,44
972,2025-01-01,43
972,2025-02-01,43
972,2025-03-01,41
972,2025-04-01,41
972,2025-05-01,39
972,2025-06-01,39
972,2025-07-01,39
972,2025-08-01,38
972,2025-09-01,37
972,2025-10-01,34
972,2025-11-01,33
972,2025-12-01,32
973,2024-01-01,36
973,2024-02-01,33
973,2024-03-01,32
973,2024-04-01,30
973,2024-05-01,28
973,2024-06-01,25
973,2024-07-01,24
973,2024-08-01,22
973,2024-09-01,22
973,2024-10-01,20
973,2024-11-01,19
973,2024-12-01,17
973,2025-01-01,17
973,2025-02-01,15
973,2025-03-01,14
973,2025-04-01,14
973,2025-05-01,11
973,2025-06-01,11
973,2025-07-01,9
973,2025-08-01,6
973,2025-09-01,6
973,2025-10-01,6
973,2025-11-01,6
973,2025-12-01,5
974,2024-01-01,64
974,2024-02-01,64
974,2024-03-01,61
974,2024-04-01,59
974,2024-05-01,57
974,2024-06-01,57
974,2024-07-01,55
974,2024-08-01,55
974,2024-09-01,53
974,2024-10-01,53
974,2024-11-01,53
974,2024-12-01,50
974,2025-01-01,47
974,2025-02-01,47
974,2025-03-01,44
974,2025-04-01,41
974,2025-05-01,40
974,2025-06-01,38
974,2025-07-01,35
974,2025-08-01,35
974,2025-09-01,34
974,2025-10-01,33
974,2025-11-01,30
974,2025-12-01,30
975,2024-01-01,24
975,2024-02-01,24
975,2024-03-01,24
975,2024-04-01,22
975,2024-05-01,22
975,2024-06-01,22
975,2024-07-01,20
975,2024-08-01,17
975,2024-09-01,16
975,2024-10-01,14
975,2024-11-01,13
975,2024-12-01,12
975,2025-01-01,10
975,2025-02-01,10
975,2025-03-01,9
975,2025-04-01,9
975,2025-05-01,6
975,2025-06-01,4
975,2025-07-01,3
975,2025-08-01,3
975,2025-09-01,2
975,2025-10-01,1
975,2025-11-01,1
975,2025-12-01,1
976,2024-01-01,67
976,2024-02-01,67
976,2024-03-01,64
976,2024-04-01,64
976,2024-05-01,63
976,2024-06-01,63
976,2024-07-01,62
976,2024-08-01,59
976,2024-09-01,57
976,2024-10-01,54
976,2024-11-01,51
976,2024-12-01,48
976,2025-01-01,45
976,2025-02-01,43
976,2025-03-01,40
976,2025-04-01,40
976,2025-05-01,38
976,2025-06-01,36
976,2025-07-01,36
976,2025-08-01,35
976,2025-09-01,32
976,2025-10-01,30
976,2025-11-01,27
976,2025-12-01,24
977,2024-01-01,28
977,2024-02-01,28
977,2024-03-01,25
977,2024-04-01,23
977,2024-05-01,21
977,2024-06-01,20
977,2024-07-01,17
977,2024-08-01,16
977,2024-09-01,15
977,2024-10-01,14
977,2024-11-01,13
977,2024-12-01,12
977,2025-01-01,9
977,2025-02-01,9
977,2025-03-01,8
977,2025-04-01,6
977,2025-05-01,3
977,2025-06-01,2
977,2025-07-01,1
977,2025-08-01,1
977,2025-09-01,1
977,2025-10-01,1
977,2025-11-01,1
977,2025-12-01,1
978,2024-01-01,24
978,2024-02-01,23
978,2024-03-01,20
978,2024-04-01,18
978,2024-05-01,15
978,2024-06-01,13
978,2024-07-01,11
978,2024-08-01,11
978,2024-09-01,10
978,2024-10-01,7
978,2024-11-01,7
978,2024-12-01,7
978,2025-01-01,7
978,2025-02-01,4
978,2025-03-01,4
978,2025-04-01,3
978,2025-05-01,3
978,2025-06-01,3
978,2025-07-01,1
978,2025-08-01,1
978,2025-09-01,1
978,2025-10-01,1
978,2025-11-01,1
978,2025-12-01,1
979,2024-01-01,35
979,2024-02-01,34
979,2024-03-01,31
979,2024-04-01,30
979,2024-05-01,29
979,2024-06-01,27
979,2024-07-01,25
979,2024-08-01,25
979,2024-09-01,22
979,2024-10-01,22
979,2024-11-01,22
979,2024-12-01,21
979,2025-01-01,20
979,2025-02-01,19
979,2025-03-01,19
979,2025-04-01,16
979,2025-05-01,16
979,2025-06-01,16
979,2025-07-01,16
979,2025-08-01,14
979,2025-09-01,12
979,2025-10-01,9
979,2025-11-01,7
979,2025-12-01,7
980,2024-01-01,52
980,2024-02-01,52
980,2024-03-01,49
980,2024-04-01,47
980,2024-05-01,47
980,2024-06-01,47
980,2024-07-01,47
980,2024-08-01,46
980,2024-09-01,46
980,2024-10-01,44
980,2024-11-01,42
980,2024-12-01,42
980,2025-01-01,41
980,2025-02-01,40
980,2025-03-01,39
980,2025-04-01,37
980,2025-05-01,36
980,2025-06-01,33
980,2025-07-01,30
980,2025-08-01,29
980,2025-09-01,26
980,2025-10-01,26
980,2025-11-01,25
980,2025-12-01,24
981,2024-01-01,29
981,2024-02-01,29
981,2024-03-01,28
981,2024-04-01,26
981,2024-05-01,24
981,2024-06-01,21
981,2024-07-01,21
981,2024-08-01,18
981,2024-09-01,15
981,2024-10-01,14
981,2024-11-01,12
981,2024-12-01,9
981,2025-01-01,8
981,2025-02-01,8
981,2025-03-01,5
981,2025-04-01,3
981,2025-05-01,3
981,2025-06-01,2
981,2025-07-01,2
981,2025-08-01,1
981,2025-09-01,1
981,2025-10-01,1
981,2025-11-01,1
981,2025-12-01,1
982,2024-01-01,34
982,2024-02-01,32
982,2024-03-01,29
982,2024-04-01,28
982,2024-05-01,27
982,2024-06-01,26
982,2024-07-01,23
982,2024-08-01,22
982,2024-09-01,21
982,2024-10-01,19
982,2024-11-01,18
982,2024-12-01,18
982,2025-01-01,16
982,2025-02-01,14
982,2025-03-01,11
982,2025-04-01,10
982,2025-05-01,10
982,2025-06-01,10
982,2025-07-01,9
982,2025-08-01,8
982,2025-09-01,5
982,2025-10-01,5
982,2025-11-01,3
982,2025-12-01,1
983,2024-01-01,77
983,2024-02-01,74
983,2024-03-01,73
983,2024-04-01,71
983,2024-05-01,69
983,2024-06-01,69
983,2024-07-01,67
983,2024-08-01,64
983,2024-09-01,64
983,2024-10-01,61
983,2024-11-01,60
983,2024-12-01,59
983,2025-01-01,59
983,2025-02-01,59
983,2025-03-01,56
983,2025-04-01,55
983,2025-05-01,55
983,2025-06-01,54
983,2025-07-01,53
983,2025-08-01,52
983,2025-09-01,49
983,2025-10-01,46
983,2025-11-01,45
983,2025-12-01,44
984,2024-01-01,27
984,2024-02-01,25
984,2024-03-01,22
984,2024-04-01,21
984,2024-05-01,19
984,2024-06-01,19
984,2024-07-01,19
984,2024-08-01,18
984,2024-09-01,16
984,2024-10-01,16
984,2024-11-01,13
984,2024-12-01,13
984,2025-01-01,10
984,2025-02-01,10
984,2025-03-01,10
984,2025-04-01,8
984,2025-05-01,8
984,2025-06-01,8
984,2025-07-01,5
984,2025-08-01,2
984,2025-09-01,2
984,2025-10-01,1
984,2025-11-01,1
984,2025-12-01,1
985,2024-01-01,50
985,2024-02-01,50
985,2024-03-01,47
985,2024-04-01,44
985,2024-05-01,41
985,2024-06-01,38
985,2024-07-01,38
985,2024-08-01,37
985,2024-09-01,35
985,2024-10-01,33
985,2024-11-01,32
985,2024-12-01,31
985,2025-01-01,29
985,2025-02-01,29
985,2025-03-01,27
985,2025-04-01,26
985,2025-05-01,26
985,2025-06-01,24
985,2025-07-01,24
985,2025-08-01,24
985,2025-09-01,23
985,2025-10-01,20
985,2025-11-01,18
985,2025-12-01,17
986,2024-01-01,63
986,2024-02-01,60
986,2024-03-01,57
986,2024-04-01,54
986,2024-05-01,52
986,2024-06-01,52
986,2024-07-01,52
986,2024-08-01,49
986,2024-09-01,46
986,2024-10-01,46
986,2024-11-01,45
986,2024-12-01,42
986,2025-01-01,42
986,2025-02-01,41
986,2025-03-01,41
986,2025-04-01,40
986,2025-05-01,38
986,2025-06-01,37
986,2025-07-01,34
986,2025-08-01,33
986,2025-09-01,32
986,2025-10-01,29
986,2025-11-01,27
986,2025-12-01,26
987,2024-01-01,78
987,2024-02-01,78
987,2024-03-01,75
987,2024-04-01,73
987,2024-05-01,70
987,2024-06-01,67
987,2024-07-01,66
987,2024-08-01,66
987,2024-09-01,63
987,2024-10-01,62
987,2024-11-01,61
987,2024-12-01,59
987,2025-01-01,59
987,2025-02-01,57
987,2025-03-01,55
987,2025-04-01,52
987,2025-05-01,50
987,2025-06-01,47
987,2025-07-01,45
987,2025-08-01,44
987,2025-09-01,44
987,2025-10-01,44
987,2025-11-01,44
987,2025-12-01,43
988,2024-01-01,67
988,2024-02-01,65
988,2024-03-01,63
988,2024-04-01,61
988,2024-05-01,61
988,2024-06-01,59
988,2024-07-01,58
988,2024-08-01,57
988,2024-09-01,56
988,2024-10-01,53
988,2024-11-01,50
988,2024-12-01,47
988,2025-01-01,45
988,2025-02-01,45
988,2025-03-01,45
988,2025-04-01,43
988,2025-05-01,41
988,2025-06-01,38
988,2025-07-01,37
988,2025-08-01,36
988,2025-09-01,33
988,2025-10-01,30
988,2025-11-01,30
988,2025-12-01,27
989,2024-01-01,28
989,2024-02-01,26
989,2024-03-01,26
989,2024-04-01,24
989,2024-05-01,24
989,2024-06-01,22
989,2024-07-01,22
989,2024-08-01,19
989,2024-09-01,18
989,2024-10-01,15
989,2024-11-01,15
989,2024-12-01,15
989,2025-01-01,13
989,2025-02-01,13
989,2025-03-01,10
989,2025-04-01,10
989,2025-05-01,10
989,2025-06-01,8
989,2025-07-01,8
989,2025-08-01,6
989,2025-09-01,5
989,2025-10-01,3
989,2025-11-01,3
989,2025-12-01,2
990,2024-01-01,39
990,2024-02-01,38
990,2024-03-01,35
990,2024-04-01,32
990,2024-05-01,31
990,2024-06-01,28
990,2024-07-01,25
990,2024-08-01,22
990,2024-09-01,19
990,2024-10-01,18
990,2024-11-01,18
990,2024-12-01,15
990,2025-01-01,14
990,2025-02-01,13
990,2025-03-01,12
990,2025-04-01,11
990,2025-05-01,9
990,2025-06-01,9
990,2025-07-01,9
990,2025-08-01,6
990,2025-09-01,5
990,2025-10-01,3
990,2025-11-01,2
990,2025-12-01,1
991,2024-01-01,33
991,2024-02-01,30
991,2024-03-01,27
991,2024-04-01,24
991,2024-05-01,21
991,2024-06-01,18
991,2024-07-01,15
991,2024-08-01,15
991,2024-09-01,15
991,2024-10-01,14
991,2024-11-01,13
991,2024-12-01,11
991,2025-01-01,9
991,2025-02-01,9
991,2025-03-01,9
991,2025-04-01,7
991,2025-05-01,7
991,2025-06-01,5
991,2025-07-01,4
991,2025-08-01,4
991,2025-09-01,4
991,2025-10-01,2
991,2025-11-01,1
991,2025-12-01,1
992,2024-01-01,53
992,2024-02-01,53
992,2024-03-01,51
992,2024-04-01,48
992,2024-05-01,45
992,2024-06-01,44
992,2024-07-01,41
992,2024-08-01,38
992,2024-09-01,35
992,2024-10-01,33
992,2024-11-01,30
992,2024-12-01,29
992,2025-01-01,26
992,2025-02-01,25
992,2025-03-01,23
992,2025-04-01,21
992,2025-05-01,20
992,2025-06-01,18
992,2025-07-01,18
992,2025-08-01,18
992,2025-09-01,18
992,2025-10-01,18
992,2025-11-01,18
992,2025-12-01,16
993,2024-01-01,59
993,2024-02-01,56
993,2024-03-01,56
993,2024-04-01,56
993,2024-05-01,54
993,2024-06-01,51
993,2024-07-01,49
993,2024-08-01,48
993,2024-09-01,48
993,2024-10-01,46
993,2024-11-01,45
993,2024-12-01,45
993,2025-01-01,45
993,2025-02-01,45
993,2025-03-01,42
993,2025-04-01,40
993,2025-05-01,40
993,2025-06-01,40
993,2025-07-01,39
993,2025-08-01,37
993,2025-09-01,36
993,2025-10-01,34
993,2025-11-01,34
993,2025-12-01,31
994,2024-01-01,70
994,2024-02-01,67
994,2024-03-01,64
994,2024-04-01,62
994,2024-05-01,60
994,2024-06-01,57
994,2024-07-01,57
994,2024-08-01,57
994,2024-09-01,54
994,2024-10-01,53
994,2024-11-01,52
994,2024-12-01,50
994,2025-01-01,49
994,2025-02-01,49
994,2025-03-01,46
994,2025-04-01,45
994,2025-05-01,42
994,2025-06-01,41
994,2025-07-01,39
994,2025-08-01,39
994,2025-09-01,37
994,2025-10-01,34
994,2025-11-01,34
994,2025-12-01,34
995,2024-01-01,77
995,2024-02-01,75
995,2024-03-01,72
995,2024-04-01,71
995,2024-05-01,69
995,2024-06-01,67
995,2024-07-01,66
995,2024-08-01,65
995,2024-09-01,64
995,2024-10-01,62
995,2024-11-01,61
995,2024-12-01,60
995,2025-01-01,59
995,2025-02-01,59
995,2025-03-01,56
995,2025-04-01,55
995,2025-05-01,52
995,2025-06-01,51
995,2025-07-01,50
995,2025-08-01,50
995,2025-09-01,50
995,2025-10-01,49
995,2025-11-01,48
995,2025-12-01,47
996,2024-01-01,30
996,2024-02-01,27
996,2024-03-01,27
996,2024-04-01,24
996,2024-05-01,23
996,2024-06-01,23
996,2024-07-01,21
996,2024-08-01,21
996,2024-09-01,19
996,2024-10-01,16
996,2024-11-01,16
996,2024-12-01,16
996,2025-01-01,16
996,2025-02-01,13
996,2025-03-01,12
996,2025-04-01,9
996,2025-05-01,9
996,2025-06-01,8
996,2025-07-01,8
996,2025-08-01,8
996,2025-09-01,6
996,2025-10-01,6
996,2025-11-01,3
996,2025-12-01,1
997,2024-01-01,54
997,2024-02-01,52
997,2024-03-01,50
997,2024-04-01,50
997,2024-05-01,50
997,2024-06-01,48
997,2024-07-01,47
997,2024-08-01,44
997,2024-09-01,44
997,2024-10-01,42
997,2024-11-01,41
997,2024-12-01,38
997,2025-01-01,38
997,2025-02-01,35
997,2025-03-01,32
997,2025-04-01,30
997,2025-05-01,28
997,2025-06-01,25
997,2025-07-01,22
997,2025-08-01,22
997,2025-09-01,21
997,2025-10-01,20
997,2025-11-01,17
997,2025-12-01,15
998,2024-01-01,54
998,2024-02-01,52
998,2024-03-01,52
998,2024-04-01,51
998,2024-05-01,51
998,2024-06-01,49
998,2024-07-01,46
998,2024-08-01,46
998,2024-09-01,43
998,2024-10-01,42
998,2024-11-01,42
998,2024-12-01,41
998,2025-01-01,40
998,2025-02-01,39
998,2025-03-01,38
998,2025-04-01,37
998,2025-05-01,35
998,2025-06-01,35
998,2025-07-01,32
998,2025-08-01,29
998,2025-09-01,27
998,2025-10-01,24
998,2025-11-01,21
998,2025-12-01,18
999,2024-01-01,25
999,2024-02-01,25
999,2024-03-01,22
999,2024-04-01,19
999,2024-05-01,19
999,2024-06-01,17
999,2024-07-01,14
999,2024-08-01,13
999,2024-09-01,12
999,2024-10-01,10
999,2024-11-01,9
999,2024-12-01,9
999,2025-01-01,6
999,2025-02-01,3
999,2025-03-01,1
999,2025-04-01,1
999,2025-05-01,1
999,2025-06-01,1
999,2025-07-01,1
999,2025-08-01,1
999,2025-09-01,1
999,2025-10-01,1
999,2025-11-01,1
999,2025-12-01,1
1000,2024-01-01,64
1000,2024-02-01,61
1000,2024-03-01,60
1000,2024-04-01,58
1000,2024-05-01,56
1000,2024-06-01,56
1000,2024-07-01,53
1000,2024-08-01,51
1000,2024-09-01,49
1000,2024-10-01,46
1000,2024-11-01,45
1000,2024-12-01,42
1000,2025-01-01,42
1000,2025-02-01,42
1000,2025-03-01,42
1000,2025-04-01,40
1000,2025-05-01,39
1000,2025-06-01,39
1000,2025-07-01,36
1000,2025-08-01,36
1000,2025-09-01,34
1000,2025-10-01,34
1000,2025-11-01,33
1000,2025-12-01,33
1001,2024-01-01,28
1001,2024-02-01,25
1001,2024-03-01,24
1001,2024-04-01,22
1001,2024-05-01,20
1001,2024-06-01,19
1001,2024-07-01,18
1001,2024-08-01,18
1001,2024-09-01,18
1001,2024-10-01,15
1001,2024-11-01,15
1001,2024-12-01,13
1001,2025-01-01,13
1001,2025-02-01,10
1001,2025-03-01,7
1001,2025-04-01,6
1001,2025-05-01,3
1001,2025-06-01,2
1001,2025-07-01,1
1001,2025-08-01,1
1001,2025-09-01,1
1001,2025-10-01,1
1001,2025-11-01,1
1001,2025-12-01,1
1002,2024-01-01,32
1002,2024-02-01,31
1002,2024-03-01,28
1002,2024-04-01,25
1002,2024-05-01,23
1002,2024-06-01,22
1002,2024-07-01,20
1002,2024-08-01,19
1002,2024-09-01,19
1002,2024-10-01,16
1002,2024-11-01,13
1002,2024-12-01,11
1002,2025-01-01,8
1002,2025-02-01,5
1002,2025-03-01,3
1002,2025-04-01,1
1002,2025-05-01,1
1002,2025-06-01,1
1002,2025-07-01,1
1002,2025-08-01,1
1002,2025-09-01,1
1002,2025-10-01,1
1002,2025-11-01,1
1002,2025-12-01,1
1003,2024-01-01,58
1003,2024-02-01,56
1003,2024-03-01,55
1003,2024-04-01,53
1003,2024-05-01,52
1003,2024-06-01,49
1003,2024-07-01,46
1003,2024-08-01,46
1003,2024-09-01,45
1003,2024-10-01,42
1003,2024-11-01,40
1003,2024-12-01,39
1003,2025-01-01,38
1003,2025-02-01,38
1003,2025-03-01,36
1003,2025-04-01,36
1003,2025-05-01,35
1003,2025-06-01,35
1003,2025-07-01,34
1003,2025-08-01,33
1003,2025-09-01,33
1003,2025-10-01,33
1003,2025-11-01,32
1003,2025-12-01,32
1004,2024-01-01,71
1004,2024-02-01,69
1004,2024-03-01,69
1004,2024-04-01,69
1004,2024-05-01,66
1004,2024-06-01,64
1004,2024-07-01,64
1004,2024-08-01,63
1004,2024-09-01,60
1004,2024-10-01,57
1004,2024-11-01,54
1004,2024-12-01,54
1004,2025-01-01,53
1004,2025-02-01,50
1004,2025-03-01,48
1004,2025-04-01,45
1004,2025-05-01,42
1004,2025-06-01,40
1004,2025-07-01,37
1004,2025-08-01,34
1004,2025-09-01,32
1004,2025-10-01,32
1004,2025-11-01,30
1004,2025-12-01,30
1005,2024-01-01,44
1005,2024-02-01,42
1005,2024-03-01,40
1005,2024-04-01,40
1005,2024-05-01,38
1005,2024-06-01,38
1005,2024-07-01,36
1005,2024-08-01,35
1005,2024-09-01,33
1005,2024-10-01,31
1005,2024-11-01,29
1005,2024-12-01,29
1005,2025-01-01,29
1005,2025-02-01,28
1005,2025-03-01,27
1005,2025-04-01,24
1005,2025-05-01,23
1005,2025-06-01,23
1005,2025-07-01,22
1005,2025-08-01,21
1005,2025-09-01,19
1005,2025-10-01,18
1005,2025-11-01,15
1005,2025-12-01,13
1006,2024-01-01,17
1006,2024-02-01,17
1006,2024-03-01,14
1006,2024-04-01,12
1006,2024-05-01,9
1006,2024-06-01,6
1006,2024-07-01,5
1006,2024-08-01,5
1006,2024-09-01,3
1006,2024-10-01,1
1006,2024-11-01,1
1006,2024-12-01,1
1006,2025-01-01,1
1006,2025-02-01,1
1006,2025-03-01,1
1006,2025-04-01,1
1006,2025-05-01,1
1006,2025-06-01,1
1006,2025-07-01,1
1006,2025-08-01,1
1006,2025-09-01,1
1006,2025-10-01,1
1006,2025-11-01,1
1006,2025-12-01,1
1007,2024-01-01,30
1007,2024-02-01,30
1007,2024-03-01,29
1007,2024-04-01,28
1007,2024-05-01,25
1007,2024-06-01,25
1007,2024-07-01,25
1007,2024-08-01,22
1007,2024-09-01,21
1007,2024-10-01,18
1007,2024-11-01,15
1007,2024-12-01,12
1007,2025-01-01,12
1007,2025-02-01,12
1007,2025-03-01,12
1007,2025-04-01,12
1007,2025-05-01,10
1007,2025-06-01,7
1007,2025-07-01,4
1007,2025-08-01,4
1007,2025-09-01,3
1007,2025-10-01,1
1007,2025-11-01,1
1007,2025-12-01,1
1008,2024-01-01,64
1008,2024-02-01,61
1008,2024-03-01,58
1008,2024-04-01,58
1008,2024-05-01,58
1008,2024-06-01,55
1008,2024-07-01,52
1008,2024-08-01,49
1008,2024-09-01,48
1008,2024-10-01,46
1008,2024-11-01,46
1008,2024-12-01,46
1008,2025-01-01,45
1008,2025-02-01,42
1008,2025-03-01,40
1008,2025-04-01,37
1008,2025-05-01,37
1008,2025-06-01,36
1008,2025-07-01,34
1008,2025-08-01,32
1008,2025-09-01,30
1008,2025-10-01,28
1008,2025-11-01,27
1008,2025-12-01,27
1009,2024-01-01,56
1009,2024-02-01,56
1009,2024-03-01,53
1009,2024-04-01,51
1009,2024-05-01,49
1009,2024-06-01,46
1009,2024-07-01,46
1009,2024-08-01,46
1009,2024-09-01,44
1009,2024-10-01,44
1009,2024-11-01,41
1009,2024-12-01,40
1009,2025-01-01,37
1009,2025-02-01,34
1009,2025-03-01,33
1009,2025-04-01,30
1009,2025-05-01,28
1009,2025-06-01,26
1009,2025-07-01,26
1009,2025-08-01,26
1009,2025-09-01,23
1009,2025-10-01,21
1009,2025-11-01,19
1009,2025-12-01,18
1010,2024-01-01,42
1010,2024-02-01,39
1010,2024-03-01,37
1010,2024-04-01,37
1010,2024-05-01,34
1010,2024-06-01,34
1010,2024-07-01,32
1010,2024-08-01,30
1010,2024-09-01,28
1010,2024-10-01,28
1010,2024-11-01,25
1010,2024-12-01,23
1010,2025-01-01,21
1010,2025-02-01,19
1010,2025-03-01,18
1010,2025-04-01,17
1010,2025-05-01,14
1010,2025-06-01,14
1010,2025-07-01,12
1010,2025-08-01,10
1010,2025-09-01,10
1010,2025-10-01,10
1010,2025-11-01,7
1010,2025-12-01,7
1011,2024-01-01,63
1011,2024-02-01,62
1011,2024-03-01,59
1011,2024-04-01,56
1011,2024-05-01,53
1011,2024-06-01,53
1011,2024-07-01,51
1011,2024-08-01,51
1011,2024-09-01,49
1011,2024-10-01,49
1011,2024-11-01,46
1011,2024-12-01,44
1011,2025-01-01,44
1011,2025-02-01,41
1011,2025-03-01,40
1011,2025-04-01,40
1011,2025-05-01,40
1011,2025-06-01,39
1011,2025-07-01,39
1011,2025-08-01,38
1011,2025-09-01,36
1011,2025-10-01,35
1011,2025-11-01,32
1011,2025-12-01,31
1012,2024-01-01,29
1012,2024-02-01,28
1012,2024-03-01,26
1012,2024-04-01,26
1012,2024-05-01,26
1012,2024-06-01,23
1012,2024-07-01,20
1012,2024-08-01,19
1012,2024-09-01,19
1012,2024-10-01,19
1012,2024-11-01,18
1012,2024-12-01,16
1012,2025-01-01,16
1012,2025-02-01,13
1012,2025-03-01,12
1012,2025-04-01,10
1012,2025-05-01,7
1012,2025-06-01,7
1012,2025-07-01,5
1012,2025-08-01,2
1012,2025-09-01,1
1012,2025-10-01,1
1012,2025-11-01,1
1012,2025-12-01,1
1013,2024-01-01,48
1013,2024-02-01,46
1013,2024-03-01,44
1013,2024-04-01,42
1013,2024-05-01,39
1013,2024-06-01,37
1013,2024-07-01,37
1013,2024-08-01,36
1013,2024-09-01,35
1013,2024-10-01,34
1013,2024-11-01,32
1013,2024-12-01,30
1013,2025-01-01,29
1013,2025-02-01,26
1013,2025-03-01,23
1013,2025-04-01,20
1013,2025-05-01,17
1013,2025-06-01,17
1013,2025-07-01,16
1013,2025-08-01,16
1013,2025-09-01,14
1013,2025-10-01,11
1013,2025-11-01,8
1013,2025-12-01,7
1014,2024-01-01,55
1014,2024-02-01,52
1014,2024-03-01,52
1014,2024-04-01,51
1014,2024-05-01,50
1014,2024-06-01,47
1014,2024-07-01,47
1014,2024-08-01,44
1014,2024-09-01,43
1014,2024-10-01,42
1014,2024-11-01,39
1014,2024-12-01,37
1014,2025-01-01,34
1014,2025-02-01,34
1014,2025-03-01,33
1014,2025-04-01,32
1014,2025-05-01,29
1014,2025-06-01,27
1014,2025-07-01,26
1014,2025-08-01,23
1014,2025-09-01,21
1014,2025-10-01,18
1014,2025-11-01,15
1014,2025-12-01,12
1015,2024-01-01,71
1015,2024-02-01,71
1015,2024-03-01,71
1015,2024-04-01,70
1015,2024-05-01,69
1015,2024-06-01,66
1015,2024-07-01,63
1015,2024-08-01,61
1015,2024-09-01,58
1015,2024-10-01,56
1015,2024-11-01,53
1015,2024-12-01,50
1015,2025-01-01,50
1015,2025-02-01,49
1015,2025-03-01,47
1015,2025-04-01,47
1015,2025-05-01,44
1015,2025-06-01,44
1015,2025-07-01,42
1015,2025-08-01,41
1015,2025-09-01,41
1015,2025-10-01,39
1015,2025-11-01,36
1015,2025-12-01,36
1016,2024-01-01,75
1016,2024-02-01,74
1016,2024-03-01,71
1016,2024-04-01,70
1016,2024-05-01,67
1016,2024-06-01,64
1016,2024-07-01,64
1016,2024-08-01,61
1016,2024-09-01,60
1016,2024-10-01,60
1016,2024-11-01,57
1016,2024-12-01,55
1016,2025-01-01,53
1016,2025-02-01,50
1016,2025-03-01,50
1016,2025-04-01,50
1016,2025-05-01,50
1016,2025-06-01,49
1016,2025-07-01,47
1016,2025-08-01,44
1016,2025-09-01,41
1016,2025-10-01,39
1016,2025-11-01,38
1016,2025-12-01,38
1017,2024-01-01,35
1017,2024-02-01,34
1017,2024-03-01,31
1017,2024-04-01,31
1017,2024-05-01,29
1017,2024-06-01,29
1017,2024-07-01,28
1017,2024-08-01,26
1017,2024-09-01,26
1017,2024-10-01,26
1017,2024-11-01,26
1017,2024-12-01,25
1017,2025-01-01,25
1017,2025-02-01,22
1017,2025-03-01,20
1017,2025-04-01,18
1017,2025-05-01,18
1017,2025-06-01,17
1017,2025-07-01,14
1017,2025-08-01,11
1017,2025-09-01,9
1017,2025-10-01,7
1017,2025-11-01,4
1017,2025-12-01,2
1018,2024-01-01,49
1018,2024-02-01,47
1018,2024-03-01,47
1018,2024-04-01,47
1018,2024-05-01,44
1018,2024-06-01,44
1018,2024-07-01,41
1018,2024-08-01,41
1018,2024-09-01,38
1018,2024-10-01,35
1018,2024-11-01,32
1018,2024-12-01,29
1018,2025-01-01,29
1018,2025-02-01,26
1018,2025-03-01,24
1018,2025-04-01,24
1018,2025-05-01,21
1018,2025-06-01,21
1018,2025-07-01,21
1018,2025-08-01,21
1018,2025-09-01,21
1018,2025-10-01,18
1018,2025-11-01,18
1018,2025-12-01,16
1019,2024-01-01,60
1019,2024-02-01,58
1019,2024-03-01,55
1019,2024-04-01,53
1019,2024-05-01,52
1019,2024-06-01,50
1019,2024-07-01,47
1019,2024-08-01,45
1019,2024-09-01,45
1019,2024-10-01,42
1019,2024-11-01,41
1019,2024-12-01,38
1019,2025-01-01,38
1019,2025-02-01,37
1019,2025-03-01,34
1019,2025-04-01,31
1019,2025-05-01,31
1019,2025-06-01,29
1019,2025-07-01,27
1019,2025-08-01,26
1019,2025-09-01,26
1019,2025-10-01,26
1019,2025-11-01,24
1019,2025-12-01,22
1020,2024-01-01,51
1020,2024-02-01,50
1020,2024-03-01,47
1020,2024-04-01,46
1020,2024-05-01,45
1020,2024-06-01,44
1020,2024-07-01,41
1020,2024-08-01,39
1020,2024-09-01,38
1020,2024-10-01,36
1020,2024-11-01,35
1020,2024-12-01,33
1020,2025-01-01,32
1020,2025-02-01,30
1020,2025-03-01,30
1020,2025-04-01,27
1020,2025-05-01,26
1020,2025-06-01,23
1020,2025-07-01,22
1020,2025-08-01,22
1020,2025-09-01,22
1020,2025-10-01,19
1020,2025-11-01,18
1020,2025-12-01,16
1021,2024-01-01,55
1021,2024-02-01,52
1021,2024-03-01,49
1021,2024-04-01,49
1021,2024-05-01,47
1021,2024-06-01,46
1021,2024-07-01,46
1021,2024-08-01,43
1021,2024-09-01,43
1021,2024-10-01,42
1021,2024-11-01,41
1021,2024-12-01,38
1021,2025-01-01,38
1021,2025-02-01,36
1021,2025-03-01,34
1021,2025-04-01,32
1021,2025-05-01,31
1021,2025-06-01,31
1021,2025-07-01,29
1021,2025-08-01,29
1021,2025-09-01,26
1021,2025-10-01,24
1021,2025-11-01,24
1021,2025-12-01,23
1022,2024-01-01,60
1022,2024-02-01,57
1022,2024-03-01,56
1022,2024-04-01,55
1022,2024-05-01,53
1022,2024-06-01,52
1022,2024-07-01,51
1022,2024-08-01,48
1022,2024-09-01,47
1022,2024-10-01,44
1022,2024-11-01,44
1022,2024-12-01,44
1022,2025-01-01,44
1022,2025-02-01,44
1022,2025-03-01,44
1022,2025-04-01,44
1022,2025-05-01,44
1022,2025-06-01,41
1022,2025-07-01,38
1022,2025-08-01,35
1022,2025-09-01,32
1022,2025-10-01,31
1022,2025-11-01,30
1022,2025-12-01,28
1023,2024-01-01,46
1023,2024-02-01,43
1023,2024-03-01,43
1023,2024-04-01,43
1023,2024-05-01,41
1023,2024-06-01,40
1023,2024-07-01,37
1023,2024-08-01,36
1023,2024-09-01,34
1023,2024-10-01,34
1023,2024-11-01,31
1023,2024-12-01,31
1023,2025-01-01,28
1023,2025-02-01,28
1023,2025-03-01,28
1023,2025-04-01,26
1023,2025-05-01,25
1023,2025-06-01,25
1023,2025-07-01,22
1023,2025-08-01,21
1023,2025-09-01,20
1023,2025-10-01,20
1023,2025-11-01,20
1023,2025-12-01,20
1024,2024-01-01,63
1024,2024-02-01,63
1024,2024-03-01,62
1024,2024-04-01,61
1024,2024-05-01,58
1024,2024-06-01,58
1024,2024-07-01,56
1024,2024-08-01,53
1024,2024-09-01,53
1024,2024-10-01,50
1024,2024-11-01,50
1024,2024-12-01,47
1024,2025-01-01,45
1024,2025-02-01,42
1024,2025-03-01,39
1024,2025-04-01,36
1024,2025-05-01,36
1024,2025-06-01,36
1024,2025-07-01,34
1024,2025-08-01,31
1024,2025-09-01,30
1024,2025-10-01,27
1024,2025-11-01,26
1024,2025-12-01,25
1025,2024-01-01,78
1025,2024-02-01,77
1025,2024-03-01,74
1025,2024-04-01,74
1025,2024-05-01,71
1025,2024-06-01,69
1025,2024-07-01,68
1025,2024-08-01,66
1025,2024-09-01,65
1025,2024-10-01,65
1025,2024-11-01,64
1025,2024-12-01,61
1025,2025-01-01,60
1025,2025-02-01,58
1025,2025-03-01,55
1025,2025-04-01,53
1025,2025-05-01,53
1025,2025-06-01,51
1025,2025-07-01,49
1025,2025-08-01,47
1025,2025-09-01,44
1025,2025-10-01,44
1025,2025-11-01,44
1025,2025-12-01,44
1026,2024-01-01,19
1026,2024-02-01,16
1026,2024-03-01,13
1026,2024-04-01,11
1026,2024-05-01,11
1026,2024-06-01,9
1026,2024-07-01,6
1026,2024-08-01,4
1026,2024-09-01,3
1026,2024-10-01,3
1026,2024-11-01,3
1026,2024-12-01,1
1026,2025-01-01,1
1026,2025-02-01,1
1026,2025-03-01,1
1026,2025-04-01,1
1026,2025-05-01,1
1026,2025-06-01,1
1026,2025-07-01,1
1026,2025-08-01,1
1026,2025-09-01,1
1026,2025-10-01,1
1026,2025-11-01,1
1026,2025-12-01,1
1027,2024-01-01,74
1027,2024-02-01,71
1027,2024-03-01,68
1027,2024-04-01,66
1027,2024-05-01,65
1027,2024-06-01,64
1027,2024-07-01,64
1027,2024-08-01,62
1027,2024-09-01,62
1027,2024-10-01,62
1027,2024-11-01,60
1027,2024-12-01,60
1027,2025-01-01,60
1027,2025-02-01,60
1027,2025-03-01,57
1027,2025-04-01,55
1027,2025-05-01,52
1027,2025-06-01,52
1027,2025-07-01,52
1027,2025-08-01,49
1027,2025-09-01,49
1027,2025-10-01,47
1027,2025-11-01,46
1027,2025-12-01,43
1028,2024-01-01,28
1028,2024-02-01,27
1028,2024-03-01,24
1028,2024-04-01,24
1028,2024-05-01,22
1028,2024-06-01,22
1028,2024-07-01,20
1028,2024-08-01,20
1028,2024-09-01,19
1028,2024-10-01,18
1028,2024-11-01,16
1028,2024-12-01,13
1028,2025-01-01,13
1028,2025-02-01,12
1028,2025-03-01,10
1028,2025-04-01,10
1028,2025-05-01,8
1028,2025-06-01,5
1028,2025-07-01,2
1028,2025-08-01,2
1028,2025-09-01,1
1028,2025-10-01,1
1028,2025-11-01,1
1028,2025-12-01,1
1029,2024-01-01,44
1029,2024-02-01,44
1029,2024-03-01,43
1029,2024-04-01,43
1029,2024-05-01,41
1029,2024-06-01,41
1029,2024-07-01,39
1029,2024-08-01,36
1029,2024-09-01,36
1029,2024-10-01,36
1029,2024-11-01,33
1029,2024-12-01,30
1029,2025-01-01,29
1029,2025-02-01,26
1029,2025-03-01,25
1029,2025-04-01,22
1029,2025-05-01,20
1029,2025-06-01,20
1029,2025-07-01,17
1029,2025-08-01,15
1029,2025-09-01,12
1029,2025-10-01,12
1029,2025-11-01,9
1029,2025-12-01,6
1030,2024-01-01,17
1030,2024-02-01,17
1030,2024-03-01,16
1030,2024-04-01,13
1030,2024-05-01,11
1030,2024-06-01,8
1030,2024-07-01,8
1030,2024-08-01,8
1030,2024-09-01,6
1030,2024-10-01,4
1030,2024-11-01,4
1030,2024-12-01,3
1030,2025-01-01,2
1030,2025-02-01,2
1030,2025-03-01,1
1030,2025-04-01,1
1030,2025-05-01,1
1030,2025-06-01,1
1030,2025-07-01,1
1030,2025-08-01,1
1030,2025-09-01,1
1030,2025-10-01,1
1030,2025-11-01,1
1030,2025-12-01,1
1031,2024-01-01,78
1031,2024-02-01,75
1031,2024-03-01,72
1031,2024-04-01,70
1031,2024-05-01,70
1031,2024-06-01,68
1031,2024-07-01,66
1031,2024-08-01,65
1031,2024-09-01,63
1031,2024-10-01,61
1031,2024-11-01,60
1031,2024-12-01,59
1031,2025-01-01,59
1031,2025-02-01,58
1031,2025-03-01,55
1031,2025-04-01,52
1031,2025-05-01,52
1031,2025-06-01,50
1031,2025-07-01,50
1031,2025-08-01,49
1031,2025-09-01,47
1031,2025-10-01,47
1031,2025-11-01,47
1031,2025-12-01,44
1032,2024-01-01,42
1032,2024-02-01,42
1032,2024-03-01,42
1032,2024-04-01,41
1032,2024-05-01,41
1032,2024-06-01,39
1032,2024-07-01,36
1032,2024-08-01,33
1032,2024-09-01,30
1032,2024-10-01,27
1032,2024-11-01,26
1032,2024-12-01,24
1032,2025-01-01,23
1032,2025-02-01,20
1032,2025-03-01,19
1032,2025-04-01,19
1032,2025-05-01,17
1032,2025-06-01,17
1032,2025-07-01,16
1032,2025-08-01,16
1032,2025-09-01,15
1032,2025-10-01,14
1032,2025-11-01,12
1032,2025-12-01,10
1033,2024-01-01,59
1033,2024-02-01,57
1033,2024-03-01,57
1033,2024-04-01,55
1033,2024-05-01,53
1033,2024-06-01,51
1033,2024-07-01,50
1033,2024-08-01,49
1033,2024-09-01,47
1033,2024-10-01,46
1033,2024-11-01,45
1033,2024-12-01,42
1033,2025-01-01,42
1033,2025-02-01,41
1033,2025-03-01,41
1033,2025-04-01,40
1033,2025-05-01,38
1033,2025-06-01,37
1033,2025-07-01,36
1033,2025-08-01,36
1033,2025-09-01,34
1033,2025-10-01,31
1033,2025-11-01,31
1033,2025-12-01,29
1034,2024-01-01,34
1034,2024-02-01,33
1034,2024-03-01,31
1034,2024-04-01,28
1034,2024-05-01,27
1034,2024-06-01,27
1034,2024-07-01,27
1034,2024-08-01,27
1034,2024-09-01,27
1034,2024-10-01,24
1034,2024-11-01,21
1034,2024-12-01,19
1034,2025-01-01,16
1034,2025-02-01,16
1034,2025-03-01,13
1034,2025-04-01,12
1034,2025-05-01,11
1034,2025-06-01,9
1034,2025-07-01,9
1034,2025-08-01,6
1034,2025-09-01,4
1034,2025-10-01,2
1034,2025-11-01,1
1034,2025-12-01,1
1035,2024-01-01,57
1035,2024-02-01,56
1035,2024-03-01,55
1035,2024-04-01,52
1035,2024-05-01,50
1035,2024-06-01,48
1035,2024-07-01,47
1035,2024-08-01,46
1035,2024-09-01,46
1035,2024-10-01,44
1035,2024-11-01,44
1035,2024-12-01,43
1035,2025-01-01,42
1035,2025-02-01,41
1035,2025-03-01,40
1035,2025-04-01,40
1035,2025-05-01,39
1035,2025-06-01,36
1035,2025-07-01,34
1035,2025-08-01,33
1035,2025-09-01,31
1035,2025-10-01,30
1035,2025-11-01,30
1035,2025-12-01,28
1036,2024-01-01,71
1036,2024-02-01,68
1036,2024-03-01,65
1036,2024-04-01,62
1036,2024-05-01,59
1036,2024-06-01,56
1036,2024-07-01,56
1036,2024-08-01,53
1036,2024-09-01,52
1036,2024-10-01,52
1036,2024-11-01,52
1036,2024-12-01,49
1036,2025-01-01,47
1036,2025-02-01,46
1036,2025-03-01,46
1036,2025-04-01,45
1036,2025-05-01,43
1036,2025-06-01,43
1036,2025-07-01,42
1036,2025-08-01,39
1036,2025-09-01,39
1036,2025-10-01,39
1036,2025-11-01,39
1036,2025-12-01,39
1037,2024-01-01,41
1037,2024-02-01,39
1037,2024-03-01,38
1037,2024-04-01,35
1037,2024-05-01,32
1037,2024-06-01,31
1037,2024-07-01,28
1037,2024-08-01,25
1037,2024-09-01,25
1037,2024-10-01,25
1037,2024-11-01,25
1037,2024-12-01,22
1037,2025-01-01,19
1037,2025-02-01,17
1037,2025-03-01,17
1037,2025-04-01,16
1037,2025-05-01,13
1037,2025-06-01,13
1037,2025-07-01,11
1037,2025-08-01,11
1037,2025-09-01,9
1037,2025-10-01,7
1037,2025-11-01,4
1037,2025-12-01,2
1038,2024-01-01,57
1038,2024-02-01,55
1038,2024-03-01,54
1038,2024-04-01,53
1038,2024-05-01,53
1038,2024-06-01,53
1038,2024-07-01,50
1038,2024-08-01,47
1038,2024-09-01,44
1038,2024-10-01,42
1038,2024-11-01,42
1038,2024-12-01,40
1038,2025-01-01,40
1038,2025-02-01,38
1038,2025-03-01,35
1038,2025-04-01,35
1038,2025-05-01,35
1038,2025-06-01,34
1038,2025-07-01,34
1038,2025-08-01,34
1038,2025-09-01,32
1038,2025-10-01,29
1038,2025-11-01,28
1038,2025-12-01,26
1039,2024-01-01,50
1039,2024-02-01,47
1039,2024-03-01,46
1039,2024-04-01,44
1039,2024-05-01,44
1039,2024-06-01,42
1039,2024-07-01,42
1039,2024-08-01,41
1039,2024-09-01,40
1039,2024-10-01,38
1039,2024-11-01,37
1039,2024-12-01,34
1039,2025-01-01,32
1039,2025-02-01,32
1039,2025-03-01,30
1039,2025-04-01,30
1039,2025-05-01,29
1039,2025-06-01,29
1039,2025-07-01,29
1039,2025-08-01,29
1039,2025-09-01,29
1039,2025-10-01,26
1039,2025-11-01,26
1039,2025-12-01,24
1040,2024-01-01,71
1040,2024-02-01,71
1040,2024-03-01,71
1040,2024-04-01,68
1040,2024-05-01,68
1040,2024-06-01,68
1040,2024-07-01,68
1040,2024-08-01,67
1040,2024-09-01,65
1040,2024-10-01,65
1040,2024-11-01,63
1040,2024-12-01,62
1040,2025-01-01,61
1040,2025-02-01,61
1040,2025-03-01,59
1040,2025-04-01,56
1040,2025-05-01,56
1040,2025-06-01,53
1040,2025-07-01,52
1040,2025-08-01,51
1040,2025-09-01,49
1040,2025-10-01,46
1040,2025-11-01,43
1040,2025-12-01,43
1041,2024-01-01,20
1041,2024-02-01,17
1041,2024-03-01,16
1041,2024-04-01,14
1041,2024-05-01,13
1041,2024-06-01,13
1041,2024-07-01,11
1041,2024-08-01,9
1041,2024-09-01,9
1041,2024-10-01,7
1041,2024-11-01,4
1041,2024-12-01,1
1041,2025-01-01,1
1041,2025-02-01,1
1041,2025-03-01,1
1041,2025-04-01,1
1041,2025-05-01,1
1041,2025-06-01,1
1041,2025-07-01,1
1041,2025-08-01,1
1041,2025-09-01,1
1041,2025-10-01,1
1041,2025-11-01,1
1041,2025-12-01,1
1042,2024-01-01,62
1042,2024-02-01,62
1042,2024-03-01,60
1042,2024-04-01,58
1042,2024-05-01,57
1042,2024-06-01,56
1042,2024-07-01,56
1042,2024-08-01,56
1042,2024-09-01,56
1042,2024-10-01,53
1042,2024-11-01,50
1042,2024-12-01,47
1042,2025-01-01,44
1042,2025-02-01,41
1042,2025-03-01,40
1042,2025-04-01,38
1042,2025-05-01,35
1042,2025-06-01,35
1042,2025-07-01,33
1042,2025-08-01,30
1042,2025-09-01,27
1042,2025-10-01,26
1042,2025-11-01,25
1042,2025-12-01,24
1043,2024-01-01,58
1043,2024-02-01,55
1043,2024-03-01,53
1043,2024-04-01,51
1043,2024-05-01,48
1043,2024-06-01,48
1043,2024-07-01,45
1043,2024-08-01,43
1043,2024-09-01,41
1043,2024-10-01,38
1043,2024-11-01,35
1043,2024-12-01,32
1043,2025-01-01,30
1043,2025-02-01,30
1043,2025-03-01,27
1043,2025-04-01,25
1043,2025-05-01,22
1043,2025-06-01,20
1043,2025-07-01,17
1043,2025-08-01,15
1043,2025-09-01,12
1043,2025-10-01,11
1043,2025-11-01,8
1043,2025-12-01,6
1044,2024-01-01,79
1044,2024-02-01,76
1044,2024-03-01,73
1044,2024-04-01,70
1044,2024-05-01,70
1044,2024-06-01,70
1044,2024-07-01,70
1044,2024-08-01,69
1044,2024-09-01,69
1044,2024-10-01,68
1044,2024-11-01,65
1044,2024-12-01,64
1044,2025-01-01,61
1044,2025-02-01,60
1044,2025-03-01,60
1044,2025-04-01,60
1044,2025-05-01,59
1044,2025-06-01,58
1044,2025-07-01,58
1044,2025-08-01,55
1044,2025-09-01,52
1044,2025-10-01,49
1044,2025-11-01,46
1044,2025-12-01,44
1045,2024-01-01,48
1045,2024-02-01,48
1045,2024-03-01,48
1045,2024-04-01,47
1045,2024-05-01,44
1045,2024-06-01,41
1045,2024-07-01,41
1045,2024-08-01,41
1045,2024-09-01,41
1045,2024-10-01,40
1045,2024-11-01,37
1045,2024-12-01,36
1045,2025-01-01,34
1045,2025-02-01,32
1045,2025-03-01,29
1045,2025-04-01,29
1045,2025-05-01,29
1045,2025-06-01,28
1045,2025-07-01,26
1045,2025-08-01,24
1045,2025-09-01,21
1045,2025-10-01,19
1045,2025-11-01,19
1045,2025-12-01,19
1046,2024-01-01,17
1046,2024-02-01,16
1046,2024-03-01,14
1046,2024-04-01,11
1046,2024-05-01,10
1046,2024-06-01,7
1046,2024-07-01,5
1046,2024-08-01,5
1046,2024-09-01,4
1046,2024-10-01,3
1046,2024-11-01,1
1046,2024-12-01,1
1046,2025-01-01,1
1046,2025-02-01,1
1046,2025-03-01,1
1046,2025-04-01,1
1046,2025-05-01,1
1046,2025-06-01,1
1046,2025-07-01,1
1046,2025-08-01,1
1046,2025-09-01,1
1046,2025-10-01,1
1046,2025-11-01,1
1046,2025-12-01,1
1047,2024-01-01,56
1047,2024-02-01,53
1047,2024-03-01,50
1047,2024-04-01,50
1047,2024-05-01,48
1047,2024-06-01,47
1047,2024-07-01,44
1047,2024-08-01,43
1047,2024-09-01,43
1047,2024-10-01,40
1047,2024-11-01,38
1047,2024-12-01,36
1047,2025-01-01,33
1047,2025-02-01,31
1047,2025-03-01,31
1047,2025-04-01,29
1047,2025-05-01,28
1047,2025-06-01,27
1047,2025-07-01,26
1047,2025-08-01,23
1047,2025-09-01,20
1047,2025-10-01,17
1047,2025-11-01,14
1047,2025-12-01,11
1048,2024-01-01,45
1048,2024-02-01,43
1048,2024-03-01,43
1048,2024-04-01,40
1048,2024-05-01,38
1048,2024-06-01,38
1048,2024-07-01,37
1048,2024-08-01,37
1048,2024-09-01,34
1048,2024-10-01,34
1048,2024-11-01,34
1048,2024-12-01,33
1048,2025-01-01,33
1048,2025-02-01,33
1048,2025-03-01,32
1048,2025-04-01,29
1048,2025-05-01,27
1048,2025-06-01,27
1048,2025-07-01,26
1048,2025-08-01,26
1048,2025-09-01,23
1048,2025-10-01,20
1048,2025-11-01,19
1048,2025-12-01,17
1049,2024-01-01,34
1049,2024-02-01,33
1049,2024-03-01,31
1049,2024-04-01,28
1049,2024-05-01,26
1049,2024-06-01,25
1049,2024-07-01,22
1049,2024-08-01,22
1049,2024-09-01,19
1049,2024-10-01,17
1049,2024-11-01,15
1049,2024-12-01,13
1049,2025-01-01,13
1049,2025-02-01,11
1049,2025-03-01,10
1049,2025-04-01,10
1049,2025-05-01,7
1049,2025-06-01,5
1049,2025-07-01,4
1049,2025-08-01,3
1049,2025-09-01,3
1049,2025-10-01,2
1049,2025-11-01,2
1049,2025-12-01,2
1050,2024-01-01,61
1050,2024-02-01,58
1050,2024-03-01,57
1050,2024-04-01,54
1050,2024-05-01,54
1050,2024-06-01,54
1050,2024-07-01,51
1050,2024-08-01,50
1050,2024-09-01,50
1050,2024-10-01,47
1050,2024-11-01,45
1050,2024-12-01,44
1050,2025-01-01,43
1050,2025-02-01,42
1050,2025-03-01,40
1050,2025-04-01,40
1050,2025-05-01,39
1050,2025-06-01,36
1050,2025-07-01,35
1050,2025-08-01,32
1050,2025-09-01,31
1050,2025-10-01,28
1050,2025-11-01,25
1050,2025-12-01,22
1051,2024-01-01,48
1051,2024-02-01,46
1051,2024-03-01,46
1051,2024-04-01,43
1051,2024-05-01,43
1051,2024-06-01,41
1051,2024-07-01,38
1051,2024-08-01,38
1051,2024-09-01,36
1051,2024-10-01,36
1051,2024-11-01,36
1051,2024-12-01,34
1051,2025-01-01,31
1051,2025-02-01,30
1051,2025-03-01,29
1051,2025-04-01,29
1051,2025-05-01,29
1051,2025-06-01,29
1051,2025-07-01,26
1051,2025-08-01,26
1051,2025-09-01,26
1051,2025-10-01,26
1051,2025-11-01,24
1051,2025-12-01,23
1052,2024-01-01,67
1052,2024-02-01,64
1052,2024-03-01,61
1052,2024-04-01,58
1052,2024-05-01,56
1052,2024-06-01,55
1052,2024-07-01,54
1052,2024-08-01,54
1052,2024-09-01,53
1052,2024-10-01,50
1052,2024-11-01,47
1052,2024-12-01,47
1052,2025-01-01,47
1052,2025-02-01,46
1052,2025-03-01,46
1052,2025-04-01,46
1052,2025-05-01,44
1052,2025-06-01,43
1052,2025-07-01,40
1052,2025-08-01,38
1052,2025-09-01,35
1052,2025-10-01,35
1052,2025-11-01,35
1052,2025-12-01,32
1053,2024-01-01,60
1053,2024-02-01,58
1053,2024-03-01,58
1053,2024-04-01,57
1053,2024-05-01,57
1053,2024-06-01,54
1053,2024-07-01,52
1053,2024-08-01,51
1053,2024-09-01,49
1053,2024-10-01,49
1053,2024-11-01,48
1053,2024-12-01,47
1053,2025-01-01,47
1053,2025-02-01,45
1053,2025-03-01,43
1053,2025-04-01,41
1053,2025-05-01,41
1053,2025-06-01,38
1053,2025-07-01,35
1053,2025-08-01,33
1053,2025-09-01,32
1053,2025-10-01,29
1053,2025-11-01,27
1053,2025-12-01,24
1054,2024-01-01,75
1054,2024-02-01,72
1054,2024-03-01,71
1054,2024-04-01,70
1054,2024-05-01,67
1054,2024-06-01,65
1054,2024-07-01,64
1054,2024-08-01,64
1054,2024-09-01,63
1054,2024-10-01,60
1054,2024-11-01,57
1054,2024-12-01,57
1054,2025-01-01,56
1054,2025-02-01,53
1054,2025-03-01,53
1054,2025-04-01,53
1054,2025-05-01,51
1054,2025-06-01,50
1054,2025-07-01,49
1054,2025-08-01,48
1054,2025-09-01,45
1054,2025-10-01,45
1054,2025-11-01,43
1054,2025-12-01,42
1055,2024-01-01,56
1055,2024-02-01,56
1055,2024-03-01,55
1055,2024-04-01,53
1055,2024-05-01,52
1055,2024-06-01,51
1055,2024-07-01,50
1055,2024-08-01,48
1055,2024-09-01,48
1055,2024-10-01,48
1055,2024-11-01,46
1055,2024-12-01,43
1055,2025-01-01,42
1055,2025-02-01,41
1055,2025-03-01,41
1055,2025-04-01,39
1055,2025-05-01,37
1055,2025-06-01,34
1055,2025-07-01,31
1055,2025-08-01,31
1055,2025-09-01,28
1055,2025-10-01,25
1055,2025-11-01,23
1055,2025-12-01,21
1056,2024-01-01,71
1056,2024-02-01,68
1056,2024-03-01,68
1056,2024-04-01,65
1056,2024-05-01,63
1056,2024-06-01,61
1056,2024-07-01,61
1056,2024-08-01,58
1056,2024-09-01,55
1056,2024-10-01,55
1056,2024-11-01,52
1056,2024-12-01,51
1056,2025-01-01,49
1056,2025-02-01,47
1056,2025-03-01,47
1056,2025-04-01,44
1056,2025-05-01,44
1056,2025-06-01,43
1056,2025-07-01,40
1056,2025-08-01,39
1056,2025-09-01,39
1056,2025-10-01,37
1056,2025-11-01,36
1056,2025-12-01,33
1057,2024-01-01,72
1057,2024-02-01,72
1057,2024-03-01,70
1057,2024-04-01,70
1057,2024-05-01,70
1057,2024-06-01,68
1057,2024-07-01,68
1057,2024-08-01,68
1057,2024-09-01,67
1057,2024-10-01,67
1057,2024-11-01,65
1057,2024-12-01,64
1057,2025-01-01,64
1057,2025-02-01,62
1057,2025-03-01,59
1057,2025-04-01,59
1057,2025-05-01,56
1057,2025-06-01,55
1057,2025-07-01,53
1057,2025-08-01,52
1057,2025-09-01,49
1057,2025-10-01,46
1057,2025-11-01,43
1057,2025-12-01,41
1058,2024-01-01,28
1058,2024-02-01,26
1058,2024-03-01,23
1058,2024-04-01,23
1058,2024-05-01,20
1058,2024-06-01,18
1058,2024-07-01,15
1058,2024-08-01,13
1058,2024-09-01,10
1058,2024-10-01,10
1058,2024-11-01,8
1058,2024-12-01,6
1058,2025-01-01,4
1058,2025-02-01,2
1058,2025-03-01,1
1058,2025-04-01,1
1058,2025-05-01,1
1058,2025-06-01,1
1058,2025-07-01,1
1058,2025-08-01,1
1058,2025-09-01,1
1058,2025-10-01,1
1058,2025-11-01,1
1058,2025-12-01,1
1059,2024-01-01,39
1059,2024-02-01,37
1059,2024-03-01,36
1059,2024-04-01,35
1059,2024-05-01,34
1059,2024-06-01,31
1059,2024-07-01,31
1059,2024-08-01,29
1059,2024-09-01,26
1059,2024-10-01,26
1059,2024-11-01,23
1059,2024-12-01,23
1059,2025-01-01,21
1059,2025-02-01,19
1059,2025-03-01,17
1059,2025-04-01,15
1059,2025-05-01,15
1059,2025-06-01,12
1059,2025-07-01,10
1059,2025-08-01,8
1059,2025-09-01,6
1059,2025-10-01,5
1059,2025-11-01,3
1059,2025-12-01,1
1060,2024-01-01,55
1060,2024-02-01,55
1060,2024-03-01,52
1060,2024-04-01,51
1060,2024-05-01,51
1060,2024-06-01,51
1060,2024-07-01,48
1060,2024-08-01,45
1060,2024-09-01,43
1060,2024-10-01,41
1060,2024-11-01,40
1060,2024-12-01,39
1060,2025-01-01,36
1060,2025-02-01,35
1060,2025-03-01,33
1060,2025-04-01,30
1060,2025-05-01,30
1060,2025-06-01,27
1060,2025-07-01,26
1060,2025-08-01,24
1060,2025-09-01,22
1060,2025-10-01,22
1060,2025-11-01,22
1060,2025-12-01,19
1061,2024-01-01,22
1061,2024-02-01,22
1061,2024-03-01,19
1061,2024-04-01,16
1061,2024-05-01,14
1061,2024-06-01,13
1061,2024-07-01,12
1061,2024-08-01,10
1061,2024-09-01,9
1061,2024-10-01,7
1061,2024-11-01,5
1061,2024-12-01,5
1061,2025-01-01,4
1061,2025-02-01,2
1061,2025-03-01,1
1061,2025-04-01,1
1061,2025-05-01,1
1061,2025-06-01,1
1061,2025-07-01,1
1061,2025-08-01,1
1061,2025-09-01,1
1061,2025-10-01,1
1061,2025-11-01,1
1061,2025-12-01,1
1062,2024-01-01,31
1062,2024-02-01,30
1062,2024-03-01,29
1062,2024-04-01,26
1062,2024-05-01,25
1062,2024-06-01,25
1062,2024-07-01,24
1062,2024-08-01,21
1062,2024-09-01,19
1062,2024-10-01,18
1062,2024-11-01,17
1062,2024-12-01,14
1062,2025-01-01,11
1062,2025-02-01,8
1062,2025-03-01,7
1062,2025-04-01,7
1062,2025-05-01,4
1062,2025-06-01,2
1062,2025-07-01,1
1062,2025-08-01,1
1062,2025-09-01,1
1062,2025-10-01,1
1062,2025-11-01,1
1062,2025-12-01,1
1063,2024-01-01,73
1063,2024-02-01,73
1063,2024-03-01,71
1063,2024-04-01,71
1063,2024-05-01,69
1063,2024-06-01,67
1063,2024-07-01,67
1063,2024-08-01,66
1063,2024-09-01,64
1063,2024-10-01,61
1063,2024-11-01,58
1063,2024-12-01,58
1063,2025-01-01,58
1063,2025-02-01,56
1063,2025-03-01,54
1063,2025-04-01,51
1063,2025-05-01,49
1063,2025-06-01,46
1063,2025-07-01,44
1063,2025-08-01,43
1063,2025-09-01,42
1063,2025-10-01,39
1063,2025-11-01,38
1063,2025-12-01,37
1064,2024-01-01,42
1064,2024-02-01,42
1064,2024-03-01,39
1064,2024-04-01,39
1064,2024-05-01,36
1064,2024-06-01,35
1064,2024-07-01,35
1064,2024-08-01,34
1064,2024-09-01,32
1064,2024-10-01,31
1064,2024-11-01,29
1064,2024-12-01,28
1064,2025-01-01,28
1064,2025-02-01,28
1064,2025-03-01,27
1064,2025-04-01,24
1064,2025-05-01,21
1064,2025-06-01,19
1064,2025-07-01,17
1064,2025-08-01,16
1064,2025-09-01,16
1064,2025-10-01,14
1064,2025-11-01,13
1064,2025-12-01,11
1065,2024-01-01,30
1065,2024-02-01,29
1065,2024-03-01,27
1065,2024-04-01,24
1065,2024-05-01,22
1065,2024-06-01,22
1065,2024-07-01,22
1065,2024-08-01,22
1065,2024-09-01,22
1065,2024-10-01,21
1065,2024-11-01,19
1065,2024-12-01,17
1065,2025-01-01,15
1065,2025-02-01,13
1065,2025-03-01,12
1065,2025-04-01,12
1065,2025-05-01,10
1065,2025-06-01,8
1065,2025-07-01,8
1065,2025-08-01,5
1065,2025-09-01,2
1065,2025-10-01,2
1065,2025-11-01,1
1065,2025-12-01,1
1066,2024-01-01,40
1066,2024-02-01,37
1066,2024-03-01,34
1066,2024-04-01,32
1066,2024-05-01,30
1066,2024-06-01,28
1066,2024-07-01,25
1066,2024-08-01,23
1066,2024-09-01,23
1066,2024-10-01,22
1066,2024-11-01,21
1066,2024-12-01,19
1066,2025-01-01,19
1066,2025-02-01,17
1066,2025-03-01,17
1066,2025-04-01,14
1066,2025-05-01,11
1066,2025-06-01,9
1066,2025-07-01,6
1066,2025-08-01,4
1066,2025-09-01,3
1066,2025-10-01,3
1066,2025-11-01,3
1066,2025-12-01,2
1067,2024-01-01,64
1067,2024-02-01,63
1067,2024-03-01,60
1067,2024-04-01,60
1067,2024-05-01,60
1067,2024-06-01,59
1067,2024-07-01,57
1067,2024-08-01,55
1067,2024-09-01,53
1067,2024-10-01,51
1067,2024-11-01,48
1067,2024-12-01,48
1067,2025-01-01,48
1067,2025-02-01,48
1067,2025-03-01,46
1067,2025-04-01,45
1067,2025-05-01,43
1067,2025-06-01,43
1067,2025-07-01,41
1067,2025-08-01,40
1067,2025-09-01,39
1067,2025-10-01,37
1067,2025-11-01,37
1067,2025-12-01,34
1068,2024-01-01,53
1068,2024-02-01,53
1068,2024-03-01,51
1068,2024-04-01,48
1068,2024-05-01,48
1068,2024-06-01,46
1068,2024-07-01,46
1068,2024-08-01,45
1068,2024-09-01,44
1068,2024-10-01,44
1068,2024-11-01,42
1068,2024-12-01,42
1068,2025-01-01,40
1068,2025-02-01,37
1068,2025-03-01,36
1068,2025-04-01,33
1068,2025-05-01,31
1068,2025-06-01,31
1068,2025-07-01,30
1068,2025-08-01,28
1068,2025-09-01,26
1068,2025-10-01,25
1068,2025-11-01,25
1068,2025-12-01,24
1069,2024-01-01,48
1069,2024-02-01,46
1069,2024-03-01,46
1069,2024-04-01,46
1069,2024-05-01,45
1069,2024-06-01,44
1069,2024-07-01,44
1069,2024-08-01,42
1069,2024-09-01,41
1069,2024-10-01,38
1069,2024-11-01,36
1069,2024-12-01,35
1069,2025-01-01,34
1069,2025-02-01,31
1069,2025-03-01,31
1069,2025-04-01,30
1069,2025-05-01,27
1069,2025-06-01,24
1069,2025-07-01,23
1069,2025-08-01,21
1069,2025-09-01,20
1069,2025-10-01,17
1069,2025-11-01,16
1069,2025-12-01,14
1070,2024-01-01,24
1070,2024-02-01,23
1070,2024-03-01,22
1070,2024-04-01,19
1070,2024-05-01,17
1070,2024-06-01,14
1070,2024-07-01,11
1070,2024-08-01,11
1070,2024-09-01,8
1070,2024-10-01,5
1070,2024-11-01,5
1070,2024-12-01,5
1070,2025-01-01,3
1070,2025-02-01,1
1070,2025-03-01,1
1070,2025-04-01,1
1070,2025-05-01,1
1070,2025-06-01,1
1070,2025-07-01,1
1070,2025-08-01,1
1070,2025-09-01,1
1070,2025-10-01,1
1070,2025-11-01,1
1070,2025-12-01,1
1071,2024-01-01,19
1071,2024-02-01,17
1071,2024-03-01,16
1071,2024-04-01,13
1071,2024-05-01,10
1071,2024-06-01,8
1071,2024-07-01,8
1071,2024-08-01,7
1071,2024-09-01,4
1071,2024-10-01,3
1071,2024-11-01,1
1071,2024-12-01,1
1071,2025-01-01,1
1071,2025-02-01,1
1071,2025-03-01,1
1071,2025-04-01,1
1071,2025-05-01,1
1071,2025-06-01,1
1071,2025-07-01,1
1071,2025-08-01,1
1071,2025-09-01,1
1071,2025-10-01,1
1071,2025-11-01,1
1071,2025-12-01,1
1072,2024-01-01,54
1072,2024-02-01,53
1072,2024-03-01,53
1072,2024-04-01,53
1072,2024-05-01,53
1072,2024-06-01,52
1072,2024-07-01,52
1072,2024-08-01,52
1072,2024-09-01,50
1072,2024-10-01,50
1072,2024-11-01,48
1072,2024-12-01,48
1072,2025-01-01,46
1072,2025-02-01,45
1072,2025-03-01,44
1072,2025-04-01,41
1072,2025-05-01,41
1072,2025-06-01,38
1072,2025-07-01,35
1072,2025-08-01,33
1072,2025-09-01,32
1072,2025-10-01,32
1072,2025-11-01,32
1072,2025-12-01,30
1073,2024-01-01,41
1073,2024-02-01,38
1073,2024-03-01,38
1073,2024-04-01,36
1073,2024-05-01,33
1073,2024-06-01,31
1073,2024-07-01,30
1073,2024-08-01,28
1073,2024-09-01,28
1073,2024-10-01,26
1073,2024-11-01,26
1073,2024-12-01,26
1073,2025-01-01,24
1073,2025-02-01,22
1073,2025-03-01,20
1073,2025-04-01,19
1073,2025-05-01,18
1073,2025-06-01,15
1073,2025-07-01,13
1073,2025-08-01,10
1073,2025-09-01,7
1073,2025-10-01,7
1073,2025-11-01,4
1073,2025-12-01,2
1074,2024-01-01,50
1074,2024-02-01,47
1074,2024-03-01,46
1074,2024-04-01,43
1074,2024-05-01,41
1074,2024-06-01,38
1074,2024-07-01,38
1074,2024-08-01,35
1074,2024-09-01,35
1074,2024-10-01,34
1074,2024-11-01,33
1074,2024-12-01,30
1074,2025-01-01,27
1074,2025-02-01,26
1074,2025-03-01,26
1074,2025-04-01,25
1074,2025-05-01,24
1074,2025-06-01,24
1074,2025-07-01,23
1074,2025-08-01,20
1074,2025-09-01,17
1074,2025-10-01,16
1074,2025-11-01,13
1074,2025-12-01,11
1075,2024-01-01,27
1075,2024-02-01,26
1075,2024-03-01,25
1075,2024-04-01,23
1075,2024-05-01,22
1075,2024-06-01,19
1075,2024-07-01,17
1075,2024-08-01,16
1075,2024-09-01,13
1075,2024-10-01,11
1075,2024-11-01,9
1075,2024-12-01,6
1075,2025-01-01,5
1075,2025-02-01,4
1075,2025-03-01,2
1075,2025-04-01,2
1075,2025-05-01,1
1075,2025-06-01,1
1075,2025-07-01,1
1075,2025-08-01,1
1075,2025-09-01,1
1075,2025-10-01,1
1075,2025-11-01,1
1075,2025-12-01,1
1076,2024-01-01,61
1076,2024-02-01,61
1076,2024-03-01,58
1076,2024-04-01,56
1076,2024-05-01,55
1076,2024-06-01,54
1076,2024-07-01,54
1076,2024-08-01,51
1076,2024-09-01,51
1076,2024-10-01,50
1076,2024-11-01,47
1076,2024-12-01,44
1076,2025-01-01,44
1076,2025-02-01,41
1076,2025-03-01,41
1076,2025-04-01,38
1076,2025-05-01,35
1076,2025-06-01,33
1076,2025-07-01,30
1076,2025-08-01,29
1076,2025-09-01,27
1076,2025-10-01,27
1076,2025-11-01,26
1076,2025-12-01,26
1077,2024-01-01,27
1077,2024-02-01,27
1077,2024-03-01,25
1077,2024-04-01,24
1077,2024-05-01,24
1077,2024-06-01,24
1077,2024-07-01,21
1077,2024-08-01,18
1077,2024-09-01,18
1077,2024-10-01,17
1077,2024-11-01,15
1077,2024-12-01,15
1077,2025-01-01,15
1077,2025-02-01,15
1077,2025-03-01,12
1077,2025-04-01,11
1077,2025-05-01,11
1077,2025-06-01,8
1077,2025-07-01,8
1077,2025-08-01,8
1077,2025-09-01,7
1077,2025-10-01,4
1077,2025-11-01,2
1077,2025-12-01,1
1078,2024-01-01,31
1078,2024-02-01,28
1078,2024-03-01,26
1078,2024-04-01,23
1078,2024-05-01,22
1078,2024-06-01,22
1078,2024-07-01,20
1078,2024-08-01,20
1078,2024-09-01,18
1078,2024-10-01,18
1078,2024-11-01,18
1078,2024-12-01,17
1078,2025-01-01,17
1078,2025-02-01,15
1078,2025-03-01,15
1078,2025-04-01,12
1078,2025-05-01,12
1078,2025-06-01,12
1078,2025-07-01,9
1078,2025-08-01,6
1078,2025-09-01,4
1078,2025-10-01,1
1078,2025-11-01,1
1078,2025-12-01,1
1079,2024-01-01,58
1079,2024-02-01,57
1079,2024-03-01,55
1079,2024-04-01,52
1079,2024-05-01,52
1079,2024-06-01,49
1079,2024-07-01,47
1079,2024-08-01,46
1079,2024-09-01,46
1079,2024-10-01,44
1079,2024-11-01,42
1079,2024-12-01,39
1079,2025-01-01,38
1079,2025-02-01,36
1079,2025-03-01,33
1079,2025-04-01,33
1079,2025-05-01,30
1079,2025-06-01,30
1079,2025-07-01,27
1079,2025-08-01,26
1079,2025-09-01,23
1079,2025-10-01,22
1079,2025-11-01,21
1079,2025-12-01,21
1080,2024-01-01,64
1080,2024-02-01,61
1080,2024-03-01,60
1080,2024-04-01,58
1080,2024-05-01,55
1080,2024-06-01,52
1080,2024-07-01,50
1080,2024-08-01,50
1080,2024-09-01,47
1080,2024-10-01,45
1080,2024-11-01,42
1080,2024-12-01,41
1080,2025-01-01,39
1080,2025-02-01,38
1080,2025-03-01,36
1080,2025-04-01,36
1080,2025-05-01,35
1080,2025-06-01,32
1080,2025-07-01,30
1080,2025-08-01,27
1080,2025-09-01,27
1080,2025-10-01,25
1080,2025-11-01,25
1080,2025-12-01,23
1081,2024-01-01,50
1081,2024-02-01,49
1081,2024-03-01,48
1081,2024-04-01,47
1081,2024-05-01,46
1081,2024-06-01,44
1081,2024-07-01,41
1081,2024-08-01,39
1081,2024-09-01,37
1081,2024-10-01,35
1081,2024-11-01,34
1081,2024-12-01,34
1081,2025-01-01,33
1081,2025-02-01,31
1081,2025-03-01,30
1081,2025-04-01,27
1081,2025-05-01,24
1081,2025-06-01,23
1081,2025-07-01,22
1081,2025-08-01,22
1081,2025-09-01,21
1081,2025-10-01,20
1081,2025-11-01,20
1081,2025-12-01,19
1082,2024-01-01,76
1082,2024-02-01,75
1082,2024-03-01,74
1082,2024-04-01,72
1082,2024-05-01,71
1082,2024-06-01,71
1082,2024-07-01,70
1082,2024-08-01,68
1082,2024-09-01,68
1082,2024-10-01,68
1082,2024-11-01,67
1082,2024-12-01,64
1082,2025-01-01,62
1082,2025-02-01,59
1082,2025-03-01,58
1082,2025-04-01,56
1082,2025-05-01,53
1082,2025-06-01,51
1082,2025-07-01,50
1082,2025-08-01,48
1082,2025-09-01,47
1082,2025-10-01,44
1082,2025-11-01,42
1082,2025-12-01,42
1083,2024-01-01,35
1083,2024-02-01,35
1083,2024-03-01,35
1083,2024-04-01,35
1083,2024-05-01,35
1083,2024-06-01,34
1083,2024-07-01,32
1083,2024-08-01,32
1083,2024-09-01,30
1083,2024-10-01,28
1083,2024-11-01,25
1083,2024-12-01,23
1083,2025-01-01,22
1083,2025-02-01,21
1083,2025-03-01,21
1083,2025-04-01,19
1083,2025-05-01,18
1083,2025-06-01,17
1083,2025-07-01,16
1083,2025-08-01,16
1083,2025-09-01,15
1083,2025-10-01,13
1083,2025-11-01,12
1083,2025-12-01,11
1084,2024-01-01,54
1084,2024-02-01,53
1084,2024-03-01,51
1084,2024-04-01,49
1084,2024-05-01,48
1084,2024-06-01,48
1084,2024-07-01,46
1084,2024-08-01,43
1084,2024-09-01,42
1084,2024-10-01,40
1084,2024-11-01,38
1084,2024-12-01,36
1084,2025-01-01,35
1084,2025-02-01,32
1084,2025-03-01,30
1084,2025-04-01,28
1084,2025-05-01,28
1084,2025-06-01,27
1084,2025-07-01,26
1084,2025-08-01,24
1084,2025-09-01,24
1084,2025-10-01,22
1084,2025-11-01,20
1084,2025-12-01,19
1085,2024-01-01,50
1085,2024-02-01,49
1085,2024-03-01,47
1085,2024-04-01,45
1085,2024-05-01,45
1085,2024-06-01,45
1085,2024-07-01,45
1085,2024-08-01,43
1085,2024-09-01,40
1085,2024-10-01,40
1085,2024-11-01,37
1085,2024-12-01,34
1085,2025-01-01,31
1085,2025-02-01,30
1085,2025-03-01,28
1085,2025-04-01,28
1085,2025-05-01,26
1085,2025-06-01,24
1085,2025-07-01,23
1085,2025-08-01,22
1085,2025-09-01,21
1085,2025-10-01,19
1085,2025-11-01,16
1085,2025-12-01,14
1086,2024-01-01,19
1086,2024-02-01,18
1086,2024-03-01,17
1086,2024-04-01,17
1086,2024-05-01,14
1086,2024-06-01,13
1086,2024-07-01,13
1086,2024-08-01,10
1086,2024-09-01,9
1086,2024-10-01,6
1086,2024-11-01,3
1086,2024-12-01,1
1086,2025-01-01,1
1086,2025-02-01,1
1086,2025-03-01,1
1086,2025-04-01,1
1086,2025-05-01,1
1086,2025-06-01,1
1086,2025-07-01,1
1086,2025-08-01,1
1086,2025-09-01,1
1086,2025-10-01,1
1086,2025-11-01,1
1086,2025-12-01,1
1087,2024-01-01,34
1087,2024-02-01,34
1087,2024-03-01,32
1087,2024-04-01,29
1087,2024-05-01,28
1087,2024-06-01,27
1087,2024-07-01,24
1087,2024-08-01,24
1087,2024-09-01,22
1087,2024-10-01,20
1087,2024-11-01,17
1087,2024-12-01,16
1087,2025-01-01,15
1087,2025-02-01,14
1087,2025-03-01,12
1087,2025-04-01,12
1087,2025-05-01,10
1087,2025-06-01,7
1087,2025-07-01,5
1087,2025-08-01,2
1087,2025-09-01,1
1087,2025-10-01,1
1087,2025-11-01,1
1087,2025-12-01,1
1088,2024-01-01,55
1088,2024-02-01,53
1088,2024-03-01,53
1088,2024-04-01,53
1088,2024-05-01,52
1088,2024-06-01,50
1088,2024-07-01,47
1088,2024-08-01,47
1088,2024-09-01,44
1088,2024-10-01,41
1088,2024-11-01,41
1088,2024-12-01,39
1088,2025-01-01,36
1088,2025-02-01,34
1088,2025-03-01,31
1088,2025-04-01,29
1088,2025-05-01,27
1088,2025-06-01,25
1088,2025-07-01,23
1088,2025-08-01,23
1088,2025-09-01,20
1088,2025-10-01,18
1088,2025-11-01,17
1088,2025-12-01,14
1089,2024-01-01,73
1089,2024-02-01,70
1089,2024-03-01,69
1089,2024-04-01,68
1089,2024-05-01,67
1089,2024-06-01,64
1089,2024-07-01,61
1089,2024-08-01,59
1089,2024-09-01,56
1089,2024-10-01,53
1089,2024-11-01,51
1089,2024-12-01,50
1089,2025-01-01,48
1089,2025-02-01,48
1089,2025-03-01,45
1089,2025-04-01,42
1089,2025-05-01,42
1089,2025-06-01,42
1089,2025-07-01,42
1089,2025-08-01,40
1089,2025-09-01,39
1089,2025-10-01,37
1089,2025-11-01,37
1089,2025-12-01,35
1090,2024-01-01,49
1090,2024-02-01,49
1090,2024-03-01,46
1090,2024-04-01,45
1090,2024-05-01,43
1090,2024-06-01,41
1090,2024-07-01,41
1090,2024-08-01,40
1090,2024-09-01,37
1090,2024-10-01,37
1090,2024-11-01,37
1090,2024-12-01,35
1090,2025-01-01,34
1090,2025-02-01,34
1090,2025-03-01,32
1090,2025-04-01,29
1090,2025-05-01,29
1090,2025-06-01,26
1090,2025-07-01,23
1090,2025-08-01,21
1090,2025-09-01,20
1090,2025-10-01,17
1090,2025-11-01,17
1090,2025-12-01,16
1091,2024-01-01,19
1091,2024-02-01,19
1091,2024-03-01,19
1091,2024-04-01,17
1091,2024-05-01,15
1091,2024-06-01,14
1091,2024-07-01,11
1091,2024-08-01,8
1091,2024-09-01,5
1091,2024-10-01,2
1091,2024-11-01,2
1091,2024-12-01,2
1091,2025-01-01,1
1091,2025-02-01,1
1091,2025-03-01,1
1091,2025-04-01,1
1091,2025-05-01,1
1091,2025-06-01,1
1091,2025-07-01,1
1091,2025-08-01,1
1091,2025-09-01,1
1091,2025-10-01,1
1091,2025-11-01,1
1091,2025-12-01,1
1092,2024-01-01,23
1092,2024-02-01,22
1092,2024-03-01,19
1092,2024-04-01,18
1092,2024-05-01,16
1092,2024-06-01,13
1092,2024-07-01,13
1092,2024-08-01,11
1092,2024-09-01,8
1092,2024-10-01,7
1092,2024-11-01,5
1092,2024-12-01,2
1092,2025-01-01,1
1092,2025-02-01,1
1092,2025-03-01,1
1092,2025-04-01,1
1092,2025-05-01,1
1092,2025-06-01,1
1092,2025-07-01,1
1092,2025-08-01,1
1092,2025-09-01,1
1092,2025-10-01,1
1092,2025-11-01,1
1092,2025-12-01,1
1093,2024-01-01,20
1093,2024-02-01,20
1093,2024-03-01,18
1093,2024-04-01,18
1093,2024-05-01,15
1093,2024-06-01,14
1093,2024-07-01,13
1093,2024-08-01,11
1093,2024-09-01,9
1093,2024-10-01,6
1093,2024-11-01,4
1093,2024-12-01,1
1093,2025-01-01,1
1093,2025-02-01,1
1093,2025-03-01,1
1093,2025-04-01,1
1093,2025-05-01,1
1093,2025-06-01,1
1093,2025-07-01,1
1093,2025-08-01,1
1093,2025-09-01,1
1093,2025-10-01,1
1093,2025-11-01,1
1093,2025-12-01,1
1094,2024-01-01,74
1094,2024-02-01,74
1094,2024-03-01,74
1094,2024-04-01,72
1094,2024-05-01,70
1094,2024-06-01,67
1094,2024-07-01,64
1094,2024-08-01,61
1094,2024-09-01,59
1094,2024-10-01,56
1094,2024-11-01,56
1094,2024-12-01,56
1094,2025-01-01,55
1094,2025-02-01,52
1094,2025-03-01,52
1094,2025-04-01,52
1094,2025-05-01,51
1094,2025-06-01,51
1094,2025-07-01,50
1094,2025-08-01,49
1094,2025-09-01,47
1094,2025-10-01,47
1094,2025-11-01,45
1094,2025-12-01,45
1095,2024-01-01,77
1095,2024-02-01,76
1095,2024-03-01,75
1095,2024-04-01,74
1095,2024-05-01,74
1095,2024-06-01,71
1095,2024-07-01,71
1095,2024-08-01,69
1095,2024-09-01,69
1095,2024-10-01,69
1095,2024-11-01,67
1095,2024-12-01,66
1095,2025-01-01,64
1095,2025-02-01,62
1095,2025-03-01,59
1095,2025-04-01,56
1095,2025-05-01,55
1095,2025-06-01,53
1095,2025-07-01,51
1095,2025-08-01,49
1095,2025-09-01,49
1095,2025-10-01,46
1095,2025-11-01,43
1095,2025-12-01,42
1096,2024-01-01,44
1096,2024-02-01,43
1096,2024-03-01,41
1096,2024-04-01,41
1096,2024-05-01,40
1096,2024-06-01,37
1096,2024-07-01,36
1096,2024-08-01,33
1096,2024-09-01,31
1096,2024-10-01,29
1096,2024-11-01,27
1096,2024-12-01,24
1096,2025-01-01,23
1096,2025-02-01,20
1096,2025-03-01,18
1096,2025-04-01,16
1096,2025-05-01,14
1096,2025-06-01,11
1096,2025-07-01,11
1096,2025-08-01,9
1096,2025-09-01,8
1096,2025-10-01,6
1096,2025-11-01,3
1096,2025-12-01,2
1097,2024-01-01,31
1097,2024-02-01,31
1097,2024-03-01,28
1097,2024-04-01,26
1097,2024-05-01,25
1097,2024-06-01,23
1097,2024-07-01,20
1097,2024-08-01,17
1097,2024-09-01,15
1097,2024-10-01,14
1097,2024-11-01,13
1097,2024-12-01,12
1097,2025-01-01,11
1097,2025-02-01,10
1097,2025-03-01,10
1097,2025-04-01,10
1097,2025-05-01,7
1097,2025-06-01,7
1097,2025-07-01,6
1097,2025-08-01,5
1097,2025-09-01,4
1097,2025-10-01,1
1097,2025-11-01,1
1097,2025-12-01,1
1098,2024-01-01,20
1098,2024-02-01,18
1098,2024-03-01,16
1098,2024-04-01,16
1098,2024-05-01,15
1098,2024-06-01,15
1098,2024-07-01,14
1098,2024-08-01,11
1098,2024-09-01,11
1098,2024-10-01,11
1098,2024-11-01,8
1098,2024-12-01,5
1098,2025-01-01,2
1098,2025-02-01,1
1098,2025-03-01,1
1098,2025-04-01,1
1098,2025-05-01,1
1098,2025-06-01,1
1098,2025-07-01,1
1098,2025-08-01,1
1098,2025-09-01,1
1098,2025-10-01,1
1098,2025-11-01,1
1098,2025-12-01,1
1099,2024-01-01,67
1099,2024-02-01,64
1099,2024-03-01,61
1099,2024-04-01,59
1099,2024-05-01,58
1099,2024-06-01,55
1099,2024-07-01,54
1099,2024-08-01,53
1099,2024-09-01,53
1099,2024-10-01,52
1099,2024-11-01,51
1099,2024-12-01,48
1099,2025-01-01,46
1099,2025-02-01,43
1099,2025-03-01,40
1099,2025-04-01,38
1099,2025-05-01,36
1099,2025-06-01,36
1099,2025-07-01,34
1099,2025-08-01,31
1099,2025-09-01,29
1099,2025-10-01,27
1099,2025-11-01,25
1099,2025-12-01,24
1100,2024-01-01,71
1100,2024-02-01,70
1100,2024-03-01,70
1100,2024-04-01,69
1100,2024-05-01,67
1100,2024-06-01,67
1100,2024-07-01,66
1100,2024-08-01,63
1100,2024-09-01,62
1100,2024-10-01,59
1100,2024-11-01,57
1100,2024-12-01,54
1100,2025-01-01,53
1100,2025-02-01,52
1100,2025-03-01,51
1100,2025-04-01,51
1100,2025-05-01,51
1100,2025-06-01,50
1100,2025-07-01,49
1100,2025-08-01,47
1100,2025-09-01,47
1100,2025-10-01,47
1100,2025-11-01,47
1100,2025-12-01,44
1101,2024-01-01,75
1101,2024-02-01,73
1101,2024-03-01,72
1101,2024-04-01,71
1101,2024-05-01,69
1101,2024-06-01,66
1101,2024-07-01,64
1101,2024-08-01,61
1101,2024-09-01,58
1101,2024-10-01,58
1101,2024-11-01,57
1101,2024-12-01,57
1101,2025-01-01,54
1101,2025-02-01,52
1101,2025-03-01,52
1101,2025-04-01,50
1101,2025-05-01,47
1101,2025-06-01,45
1101,2025-07-01,45
1101,2025-08-01,42
1101,2025-09-01,41
1101,2025-10-01,41
1101,2025-11-01,41
1101,2025-12-01,40
1102,2024-01-01,66
1102,2024-02-01,66
1102,2024-03-01,63
1102,2024-04-01,61
1102,2024-05-01,61
1102,2024-06-01,59
1102,2024-07-01,58
1102,2024-08-01,55
1102,2024-09-01,54
1102,2024-10-01,52
1102,2024-11-01,52
1102,2024-12-01,49
1102,2025-01-01,48
1102,2025-02-01,46
1102,2025-03-01,44
1102,2025-04-01,44
1102,2025-05-01,42
1102,2025-06-01,39
1102,2025-07-01,37
1102,2025-08-01,37
1102,2025-09-01,36
1102,2025-10-01,33
1102,2025-11-01,32
1102,2025-12-01,31
1103,2024-01-01,32
1103,2024-02-01,32
1103,2024-03-01,30
1103,2024-04-01,28
1103,2024-05-01,27
1103,2024-06-01,24
1103,2024-07-01,22
1103,2024-08-01,19
1103,2024-09-01,17
1103,2024-10-01,15
1103,2024-11-01,15
1103,2024-12-01,13
1103,2025-01-01,13
1103,2025-02-01,12
1103,2025-03-01,9
1103,2025-04-01,7
1103,2025-05-01,7
1103,2025-06-01,6
1103,2025-07-01,4
1103,2025-08-01,4
1103,2025-09-01,4
1103,2025-10-01,3
1103,2025-11-01,1
1103,2025-12-01,1
1104,2024-01-01,25
1104,2024-02-01,25
1104,2024-03-01,22
1104,2024-04-01,19
1104,2024-05-01,17
1104,2024-06-01,14
1104,2024-07-01,14
1104,2024-08-01,14
1104,2024-09-01,13
1104,2024-10-01,13
1104,2024-11-01,12
1104,2024-12-01,9
1104,2025-01-01,8
1104,2025-02-01,6
1104,2025-03-01,5
1104,2025-04-01,3
1104,2025-05-01,1
1104,2025-06-01,1
1104,2025-07-01,1
1104,2025-08-01,1
1104,2025-09-01,1
1104,2025-10-01,1
1104,2025-11-01,1
1104,2025-12-01,1
1105,2024-01-01,79
1105,2024-02-01,76
1105,2024-03-01,75
1105,2024-04-01,72
1105,2024-05-01,70
1105,2024-06-01,68
1105,2024-07-01,66
1105,2024-08-01,65
1105,2024-09-01,65
1105,2024-10-01,64
1105,2024-11-01,63
1105,2024-12-01,62
1105,2025-01-01,59
1105,2025-02-01,59
1105,2025-03-01,56
1105,2025-04-01,55
1105,2025-05-01,53
1105,2025-06-01,52
1105,2025-07-01,52
1105,2025-08-01,50
1105,2025-09-01,50
1105,2025-10-01,49
1105,2025-11-01,49
1105,2025-12-01,46
1106,2024-01-01,38
1106,2024-02-01,36
1106,2024-03-01,34
1106,2024-04-01,33
1106,2024-05-01,32
1106,2024-06-01,30
1106,2024-07-01,30
1106,2024-08-01,28
1106,2024-09-01,27
1106,2024-10-01,27
1106,2024-11-01,25
1106,2024-12-01,24
1106,2025-01-01,22
1106,2025-02-01,20
1106,2025-03-01,18
1106,2025-04-01,18
1106,2025-05-01,17
1106,2025-06-01,16
1106,2025-07-01,13
1106,2025-08-01,11
1106,2025-09-01,9
1106,2025-10-01,6
1106,2025-11-01,4
1106,2025-12-01,4
1107,2024-01-01,22
1107,2024-02-01,20
1107,2024-03-01,19
1107,2024-04-01,17
1107,2024-05-01,14
1107,2024-06-01,13
1107,2024-07-01,11
1107,2024-08-01,11
1107,2024-09-01,8
1107,2024-10-01,6
1107,2024-11-01,4
1107,2024-12-01,2
1107,2025-01-01,1
1107,2025-02-01,1
1107,2025-03-01,1
1107,2025-04-01,1
1107,2025-05-01,1
1107,2025-06-01,1
1107,2025-07-01,1
1107,2025-08-01,1
1107,2025-09-01,1
1107,2025-10-01,1
1107,2025-11-01,1
1107,2025-12-01,1
1108,2024-01-01,51
1108,2024-02-01,51
1108,2024-03-01,51
1108,2024-04-01,48
1108,2024-05-01,45
1108,2024-06-01,44
1108,2024-07-01,41
1108,2024-08-01,41
1108,2024-09-01,40
1108,2024-10-01,40
1108,2024-11-01,38
1108,2024-12-01,38
1108,2025-01-01,37
1108,2025-02-01,37
1108,2025-03-01,36
1108,2025-04-01,35
1108,2025-05-01,32
1108,2025-06-01,32
1108,2025-07-01,29
1108,2025-08-01,26
1108,2025-09-01,26
1108,2025-10-01,25
1108,2025-11-01,23
1108,2025-12-01,23
1109,2024-01-01,20
1109,2024-02-01,19
1109,2024-03-01,16
1109,2024-04-01,14
1109,2024-05-01,11
1109,2024-06-01,10
1109,2024-07-01,10
1109,2024-08-01,9
1109,2024-09-01,6
1109,2024-10-01,5
1109,2024-11-01,2
1109,2024-12-01,1
1109,2025-01-01,1
1109,2025-02-01,1
1109,2025-03-01,1
1109,2025-04-01,1
1109,2025-05-01,1
1109,2025-06-01,1
1109,2025-07-01,1
1109,2025-08-01,1
1109,2025-09-01,1
1109,2025-10-01,1
1109,2025-11-01,1
1109,2025-12-01,1
1110,2024-01-01,61
1110,2024-02-01,61
1110,2024-03-01,60
1110,2024-04-01,57
1110,2024-05-01,56
1110,2024-06-01,54
1110,2024-07-01,52
1110,2024-08-01,51
1110,2024-09-01,51
1110,2024-10-01,50
1110,2024-11-01,49
1110,2024-12-01,46
1110,2025-01-01,43
1110,2025-02-01,41
1110,2025-03-01,38
1110,2025-04-01,38
1110,2025-05-01,38
1110,2025-06-01,38
1110,2025-07-01,36
1110,2025-08-01,36
1110,2025-09-01,36
1110,2025-10-01,33
1110,2025-11-01,31
1110,2025-12-01,30
1111,2024-01-01,17
1111,2024-02-01,16
1111,2024-03-01,16
1111,2024-04-01,15
1111,2024-05-01,14
1111,2024-06-01,12
1111,2024-07-01,10
1111,2024-08-01,10
1111,2024-09-01,10
1111,2024-10-01,8
1111,2024-11-01,8
1111,2024-12-01,8
1111,2025-01-01,6
1111,2025-02-01,5
1111,2025-03-01,5
1111,2025-04-01,2
1111,2025-05-01,1
1111,2025-06-01,1
1111,2025-07-01,1
1111,2025-08-01,1
1111,2025-09-01,1
1111,2025-10-01,1
1111,2025-11-01,1
1111,2025-12-01,1
1112,2024-01-01,41
1112,2024-02-01,41
1112,2024-03-01,40
1112,2024-04-01,37
1112,2024-05-01,36
1112,2024-06-01,34
1112,2024-07-01,31
1112,2024-08-01,31
1112,2024-09-01,28
1112,2024-10-01,26
1112,2024-11-01,24
1112,2024-12-01,24
1112,2025-01-01,21
1112,2025-02-01,20
1112,2025-03-01,18
1112,2025-04-01,16
1112,2025-05-01,16
1112,2025-06-01,13
1112,2025-07-01,12
1112,2025-08-01,9
1112,2025-09-01,6
1112,2025-10-01,5
1112,2025-11-01,5
1112,2025-12-01,3
1113,2024-01-01,72
1113,2024-02-01,69
1113,2024-03-01,68
1113,2024-04-01,66
1113,2024-05-01,63
1113,2024-06-01,61
1113,2024-07-01,58
1113,2024-08-01,57
1113,2024-09-01,55
1113,2024-10-01,53
1113,2024-11-01,53
1113,2024-12-01,50
1113,2025-01-01,47
1113,2025-02-01,44
1113,2025-03-01,44
1113,2025-04-01,44
1113,2025-05-01,42
1113,2025-06-01,39
1113,2025-07-01,36
1113,2025-08-01,34
1113,2025-09-01,32
1113,2025-10-01,30
1113,2025-11-01,29
1113,2025-12-01,28
1114,2024-01-01,66
1114,2024-02-01,66
1114,2024-03-01,63
1114,2024-04-01,62
1114,2024-05-01,61
1114,2024-06-01,59
1114,2024-07-01,57
1114,2024-08-01,55
1114,2024-09-01,53
1114,2024-10-01,51
1114,2024-11-01,51
1114,2024-12-01,51
1114,2025-01-01,49
1114,2025-02-01,49
1114,2025-03-01,47
1114,2025-04-01,45
1114,2025-05-01,44
1114,2025-06-01,44
1114,2025-07-01,44
1114,2025-08-01,43
1114,2025-09-01,43
1114,2025-10-01,42
1114,2025-11-01,39
1114,2025-12-01,39
1115,2024-01-01,25
1115,2024-02-01,23
1115,2024-03-01,21
1115,2024-04-01,21
1115,2024-05-01,20
1115,2024-06-01,17
1115,2024-07-01,15
1115,2024-08-01,13
1115,2024-09-01,10
1115,2024-10-01,9
1115,2024-11-01,9
1115,2024-12-01,7
1115,2025-01-01,7
1115,2025-02-01,6
1115,2025-03-01,3
1115,2025-04-01,3
1115,2025-05-01,2
1115,2025-06-01,2
1115,2025-07-01,2
1115,2025-08-01,1
1115,2025-09-01,1
1115,2025-10-01,1
1115,2025-11-01,1
1115,2025-12-01,1
1116,2024-01-01,43
1116,2024-02-01,43
1116,2024-03-01,42
1116,2024-04-01,41
1116,2024-05-01,38
1116,2024-06-01,37
1116,2024-07-01,35
1116,2024-08-01,32
1116,2024-09-01,31
1116,2024-10-01,28
1116,2024-11-01,25
1116,2024-12-01,24
1116,2025-01-01,23
1116,2025-02-01,22
1116,2025-03-01,19
1116,2025-04-01,17
1116,2025-05-01,15
1116,2025-06-01,15
1116,2025-07-01,14
1116,2025-08-01,12
1116,2025-09-01,12
1116,2025-10-01,12
1116,2025-11-01,11
1116,2025-12-01,11
1117,2024-01-01,50
1117,2024-02-01,50
1117,2024-03-01,48
1117,2024-04-01,48
1117,2024-05-01,48
1117,2024-06-01,45
1117,2024-07-01,45
1117,2024-08-01,45
1117,2024-09-01,42
1117,2024-10-01,39
1117,2024-11-01,36
1117,2024-12-01,35
1117,2025-01-01,34
1117,2025-02-01,32
1117,2025-03-01,32
1117,2025-04-01,30
1117,2025-05-01,29
1117,2025-06-01,29
1117,2025-07-01,29
1117,2025-08-01,26
1117,2025-09-01,25
1117,2025-10-01,25
1117,2025-11-01,22
1117,2025-12-01,22
1118,2024-01-01,47
1118,2024-02-01,45
1118,2024-03-01,45
1118,2024-04-01,42
1118,2024-05-01,39
1118,2024-06-01,36
1118,2024-07-01,35
1118,2024-08-01,33
1118,2024-09-01,31
1118,2024-10-01,31
1118,2024-11-01,29
1118,2024-12-01,26
1118,2025-01-01,25
1118,2025-02-01,22
1118,2025-03-01,19
1118,2025-04-01,17
1118,2025-05-01,16
1118,2025-06-01,15
1118,2025-07-01,12
1118,2025-08-01,12
1118,2025-09-01,10
1118,2025-10-01,10
1118,2025-11-01,7
1118,2025-12-01,5
1119,2024-01-01,32
1119,2024-02-01,32
1119,2024-03-01,30
1119,2024-04-01,30
1119,2024-05-01,29
1119,2024-06-01,26
1119,2024-07-01,24
1119,2024-08-01,23
1119,2024-09-01,23
1119,2024-10-01,20
1119,2024-11-01,20
1119,2024-12-01,19
1119,2025-01-01,19
1119,2025-02-01,17
1119,2025-03-01,16
1119,2025-04-01,14
1119,2025-05-01,11
1119,2025-06-01,9
1119,2025-07-01,7
1119,2025-08-01,7
1119,2025-09-01,7
1119,2025-10-01,6
1119,2025-11-01,3
1119,2025-12-01,2
1120,2024-01-01,72
1120,2024-02-01,70
1120,2024-03-01,70
1120,2024-04-01,67
1120,2024-05-01,67
1120,2024-06-01,64
1120,2024-07-01,64
1120,2024-08-01,63
1120,2024-09-01,63
1120,2024-10-01,61
1120,2024-11-01,58
1120,2024-12-01,56
1120,2025-01-01,53
1120,2025-02-01,51
1120,2025-03-01,48
1120,2025-04-01,48
1120,2025-05-01,45
1120,2025-06-01,43
1120,2025-07-01,41
1120,2025-08-01,38
1120,2025-09-01,35
1120,2025-10-01,34
1120,2025-11-01,33
1120,2025-12-01,33
1121,2024-01-01,56
1121,2024-02-01,56
1121,2024-03-01,56
1121,2024-04-01,53
1121,2024-05-01,52
1121,2024-06-01,49
1121,2024-07-01,48
1121,2024-08-01,47
1121,2024-09-01,45
1121,2024-10-01,43
1121,2024-11-01,42
1121,2024-12-01,39
1121,2025-01-01,38
1121,2025-02-01,38
1121,2025-03-01,35
1121,2025-04-01,32
1121,2025-05-01,31
1121,2025-06-01,31
1121,2025-07-01,30
1121,2025-08-01,30
1121,2025-09-01,27
1121,2025-10-01,26
1121,2025-11-01,26
1121,2025-12-01,24
1122,2024-01-01,52
1122,2024-02-01,50
1122,2024-03-01,50
1122,2024-04-01,47
1122,2024-05-01,47
1122,2024-06-01,45
1122,2024-07-01,44
1122,2024-08-01,41
1122,2024-09-01,38
1122,2024-10-01,38
1122,2024-11-01,35
1122,2024-12-01,34
1122,2025-01-01,32
1122,2025-02-01,29
1122,2025-03-01,27
1122,2025-04-01,27
1122,2025-05-01,26
1122,2025-06-01,23
1122,2025-07-01,21
1122,2025-08-01,20
1122,2025-09-01,18
1122,2025-10-01,18
1122,2025-11-01,17
1122,2025-12-01,16
1123,2024-01-01,32
1123,2024-02-01,29
1123,2024-03-01,29
1123,2024-04-01,29
1123,2024-05-01,27
1123,2024-06-01,26
1123,2024-07-01,24
1123,2024-08-01,24
1123,2024-09-01,21
1123,2024-10-01,19
1123,2024-11-01,17
1123,2024-12-01,16
1123,2025-01-01,15
1123,2025-02-01,14
1123,2025-03-01,11
1123,2025-04-01,8
1123,2025-05-01,8
1123,2025-06-01,8
1123,2025-07-01,7
1123,2025-08-01,5
1123,2025-09-01,4
1123,2025-10-01,4
1123,2025-11-01,2
1123,2025-12-01,2
1124,2024-01-01,22
1124,2024-02-01,21
1124,2024-03-01,19
1124,2024-04-01,18
1124,2024-05-01,18
1124,2024-06-01,18
1124,2024-07-01,15
1124,2024-08-01,15
1124,2024-09-01,13
1124,2024-10-01,13
1124,2024-11-01,10
1124,2024-12-01,7
1124,2025-01-01,6
1124,2025-02-01,4
1124,2025-03-01,4
1124,2025-04-01,1
1124,2025-05-01,1
1124,2025-06-01,1
1124,2025-07-01,1
1124,2025-08-01,1
1124,2025-09-01,1
1124,2025-10-01,1
1124,2025-11-01,1
1124,2025-12-01,1
1125,2024-01-01,71
1125,2024-02-01,70
1125,2024-03-01,67
1125,2024-04-01,66
1125,2024-05-01,64
1125,2024-06-01,61
1125,2024-07-01,61
1125,2024-08-01,61
1125,2024-09-01,61
1125,2024-10-01,59
1125,2024-11-01,57
1125,2024-12-01,55
1125,2025-01-01,53
1125,2025-02-01,51
1125,2025-03-01,48
1125,2025-04-01,47
1125,2025-05-01,47
1125,2025-06-01,45
1125,2025-07-01,45
1125,2025-08-01,43
1125,2025-09-01,43
1125,2025-10-01,42
1125,2025-11-01,42
1125,2025-12-01,42
1126,2024-01-01,71
1126,2024-02-01,68
1126,2024-03-01,68
1126,2024-04-01,65
1126,2024-05-01,64
1126,2024-06-01,63
1126,2024-07-01,60
1126,2024-08-01,57
1126,2024-09-01,56
1126,2024-10-01,53
1126,2024-11-01,50
1126,2024-12-01,48
1126,2025-01-01,46
1126,2025-02-01,43
1126,2025-03-01,40
1126,2025-04-01,38
1126,2025-05-01,36
1126,2025-06-01,33
1126,2025-07-01,31
1126,2025-08-01,30
1126,2025-09-01,30
1126,2025-10-01,29
1126,2025-11-01,27
1126,2025-12-01,26
1127,2024-01-01,18
1127,2024-02-01,17
1127,2024-03-01,16
1127,2024-04-01,16
1127,2024-05-01,14
1127,2024-06-01,11
1127,2024-07-01,9
1127,2024-08-01,9
1127,2024-09-01,9
1127,2024-10-01,9
1127,2024-11-01,9
1127,2024-12-01,6
1127,2025-01-01,4
1127,2025-02-01,2
1127,2025-03-01,1
1127,2025-04-01,1
1127,2025-05-01,1
1127,2025-06-01,1
1127,2025-07-01,1
1127,2025-08-01,1
1127,2025-09-01,1
1127,2025-10-01,1
1127,2025-11-01,1
1127,2025-12-01,1
1128,2024-01-01,61
1128,2024-02-01,61
1128,2024-03-01,61
1128,2024-04-01,61
1128,2024-05-01,61
1128,2024-06-01,59
1128,2024-07-01,58
1128,2024-08-01,58
1128,2024-09-01,58
1128,2024-10-01,58
1128,2024-11-01,56
1128,2024-12-01,56
1128,2025-01-01,55
1128,2025-02-01,53
1128,2025-03-01,51
1128,2025-04-01,48
1128,2025-05-01,45
1128,2025-06-01,43
1128,2025-07-01,43
1128,2025-08-01,43
1128,2025-09-01,43
1128,2025-10-01,43
1128,2025-11-01,40
1128,2025-12-01,39
1129,2024-01-01,58
1129,2024-02-01,55
1129,2024-03-01,54
1129,2024-04-01,52
1129,2024-05-01,50
1129,2024-06-01,48
1129,2024-07-01,48
1129,2024-08-01,46
1129,2024-09-01,46
1129,2024-10-01,45
1129,2024-11-01,42
1129,2024-12-01,39
1129,2025-01-01,36
1129,2025-02-01,34
1129,2025-03-01,31
1129,2025-04-01,30
1129,2025-05-01,30
1129,2025-06-01,27
1129,2025-07-01,27
1129,2025-08-01,27
1129,2025-09-01,24
1129,2025-10-01,21
1129,2025-11-01,18
1129,2025-12-01,16
1130,2024-01-01,33
1130,2024-02-01,32
1130,2024-03-01,32
1130,2024-04-01,31
1130,2024-05-01,28
1130,2024-06-01,28
1130,2024-07-01,25
1130,2024-08-01,22
1130,2024-09-01,22
1130,2024-10-01,21
1130,2024-11-01,18
1130,2024-12-01,18
1130,2025-01-01,17
1130,2025-02-01,15
1130,2025-03-01,14
1130,2025-04-01,13
1130,2025-05-01,13
1130,2025-06-01,12
1130,2025-07-01,10
1130,2025-08-01,8
1130,2025-09-01,5
1130,2025-10-01,3
1130,2025-11-01,1
1130,2025-12-01,1
1131,2024-01-01,74
1131,2024-02-01,72
1131,2024-03-01,71
1131,2024-04-01,70
1131,2024-05-01,67
1131,2024-06-01,67
1131,2024-07-01,66
1131,2024-08-01,65
1131,2024-09-01,65
1131,2024-10-01,62
1131,2024-11-01,60
1131,2024-12-01,58
1131,2025-01-01,57
1131,2025-02-01,57
1131,2025-03-01,56
1131,2025-04-01,53
1131,2025-05-01,52
1131,2025-06-01,50
1131,2025-07-01,50
1131,2025-08-01,47
1131,2025-09-01,46
1131,2025-10-01,44
1131,2025-11-01,43
1131,2025-12-01,41
1132,2024-01-01,41
1132,2024-02-01,40
1132,2024-03-01,37
1132,2024-04-01,37
1132,2024-05-01,35
1132,2024-06-01,35
1132,2024-07-01,35
1132,2024-08-01,32
1132,2024-09-01,32
1132,2024-10-01,31
1132,2024-11-01,29
1132,2024-12-01,29
1132,2025-01-01,28
1132,2025-02-01,26
1132,2025-03-01,23
1132,2025-04-01,21
1132,2025-05-01,18
1132,2025-06-01,16
1132,2025-07-01,16
1132,2025-08-01,13
1132,2025-09-01,10
1132,2025-10-01,7
1132,2025-11-01,7
1132,2025-12-01,7
1133,2024-01-01,64
1133,2024-02-01,64
1133,2024-03-01,64
1133,2024-04-01,61
1133,2024-05-01,59
1133,2024-06-01,57
1133,2024-07-01,54
1133,2024-08-01,51
1133,2024-09-01,48
1133,2024-10-01,47
1133,2024-11-01,46
1133,2024-12-01,46
1133,2025-01-01,44
1133,2025-02-01,41
1133,2025-03-01,38
1133,2025-04-01,36
1133,2025-05-01,35
1133,2025-06-01,33
1133,2025-07-01,33
1133,2025-08-01,32
1133,2025-09-01,30
1133,2025-10-01,28
1133,2025-11-01,28
1133,2025-12-01,26
1134,2024-01-01,26
1134,2024-02-01,23
1134,2024-03-01,20
1134,2024-04-01,19
1134,2024-05-01,17
1134,2024-06-01,15
1134,2024-07-01,13
1134,2024-08-01,11
1134,2024-09-01,8
1134,2024-10-01,7
1134,2024-11-01,7
1134,2024-12-01,6
1134,2025-01-01,4
1134,2025-02-01,2
1134,2025-03-01,1
1134,2025-04-01,1
1134,2025-05-01,1
1134,2025-06-01,1
1134,2025-07-01,1
1134,2025-08-01,1
1134,2025-09-01,1
1134,2025-10-01,1
1134,2025-11-01,1
1134,2025-12-01,1
1135,2024-01-01,23
1135,2024-02-01,20
1135,2024-03-01,17
1135,2024-04-01,16
1135,2024-05-01,16
1135,2024-06-01,13
1135,2024-07-01,11
1135,2024-08-01,10
1135,2024-09-01,9
1135,2024-10-01,7
1135,2024-11-01,5
1135,2024-12-01,2
1135,2025-01-01,1
1135,2025-02-01,1
1135,2025-03-01,1
1135,2025-04-01,1
1135,2025-05-01,1
1135,2025-06-01,1
1135,2025-07-01,1
1135,2025-08-01,1
1135,2025-09-01,1
1135,2025-10-01,1
1135,2025-11-01,1
1135,2025-12-01,1
1136,2024-01-01,51
1136,2024-02-01,48
1136,2024-03-01,47
1136,2024-04-01,45
1136,2024-05-01,43
1136,2024-06-01,42
1136,2024-07-01,41
1136,2024-08-01,38
1136,2024-09-01,38
1136,2024-10-01,38
1136,2024-11-01,37
1136,2024-12-01,37
1136,2025-01-01,34
1136,2025-02-01,34
1136,2025-03-01,33
1136,2025-04-01,30
1136,2025-05-01,29
1136,2025-06-01,26
1136,2025-07-01,23
1136,2025-08-01,22
1136,2025-09-01,20
1136,2025-10-01,19
1136,2025-11-01,16
1136,2025-12-01,15
1137,2024-01-01,34
1137,2024-02-01,34
1137,2024-03-01,31
1137,2024-04-01,30
1137,2024-05-01,27
1137,2024-06-01,24
1137,2024-07-01,24
1137,2024-08-01,22
1137,2024-09-01,21
1137,2024-10-01,20
1137,2024-11-01,20
1137,2024-12-01,17
1137,2025-01-01,15
1137,2025-02-01,14
1137,2025-03-01,12
1137,2025-04-01,10
1137,2025-05-01,7
1137,2025-06-01,4
1137,2025-07-01,1
1137,2025-08-01,1
1137,2025-09-01,1
1137,2025-10-01,1
1137,2025-11-01,1
1137,2025-12-01,1
1138,2024-01-01,30
1138,2024-02-01,27
1138,2024-03-01,25
1138,2024-04-01,24
1138,2024-05-01,24
1138,2024-06-01,21
1138,2024-07-01,19
1138,2024-08-01,17
1138,2024-09-01,17
1138,2024-10-01,17
1138,2024-11-01,14
1138,2024-12-01,12
1138,2025-01-01,12
1138,2025-02-01,11
1138,2025-03-01,11
1138,2025-04-01,10
1138,2025-05-01,8
1138,2025-06-01,5
1138,2025-07-01,3
1138,2025-08-01,1
1138,2025-09-01,1
1138,2025-10-01,1
1138,2025-11-01,1
1138,2025-12-01,1
1139,2024-01-01,24
1139,2024-02-01,21
1139,2024-03-01,18
1139,2024-04-01,18
1139,2024-05-01,16
1139,2024-06-01,16
1139,2024-07-01,16
1139,2024-08-01,14
1139,2024-09-01,14
1139,2024-10-01,11
1139,2024-11-01,8
1139,2024-12-01,6
1139,2025-01-01,4
1139,2025-02-01,2
1139,2025-03-01,1
1139,2025-04-01,1
1139,2025-05-01,1
1139,2025-06-01,1
1139,2025-07-01,1
1139,2025-08-01,1
1139,2025-09-01,1
1139,2025-10-01,1
1139,2025-11-01,1
1139,2025-12-01,1
1140,2024-01-01,36
1140,2024-02-01,35
1140,2024-03-01,34
1140,2024-04-01,31
1140,2024-05-01,31
1140,2024-06-01,30
1140,2024-07-01,27
1140,2024-08-01,27
1140,2024-09-01,24
1140,2024-10-01,21
1140,2024-11-01,21
1140,2024-12-01,18
1140,2025-01-01,17
1140,2025-02-01,14
1140,2025-03-01,13
1140,2025-04-01,11
1140,2025-05-01,9
1140,2025-06-01,7
1140,2025-07-01,4
1140,2025-08-01,2
1140,2025-09-01,1
1140,2025-10-01,1
1140,2025-11-01,1
1140,2025-12-01,1
1141,2024-01-01,42
1141,2024-02-01,42
1141,2024-03-01,40
1141,2024-04-01,37
1141,2024-05-01,35
1141,2024-06-01,34
1141,2024-07-01,34
1141,2024-08-01,32
1141,2024-09-01,30
1141,2024-10-01,28
1141,2024-11-01,26
1141,2024-12-01,23
1141,2025-01-01,23
1141,2025-02-01,23
1141,2025-03-01,21
1141,2025-04-01,21
1141,2025-05-01,19
1141,2025-06-01,18
1141,2025-07-01,17
1141,2025-08-01,16
1141,2025-09-01,16
1141,2025-10-01,14
1141,2025-11-01,11
1141,2025-12-01,8
1142,2024-01-01,20
1142,2024-02-01,20
1142,2024-03-01,17
1142,2024-04-01,17
1142,2024-05-01,16
1142,2024-06-01,14
1142,2024-07-01,12
1142,2024-08-01,10
1142,2024-09-01,9
1142,2024-10-01,9
1142,2024-11-01,7
1142,2024-12-01,4
1142,2025-01-01,1
1142,2025-02-01,1
1142,2025-03-01,1
1142,2025-04-01,1
1142,2025-05-01,1
1142,2025-06-01,1
1142,2025-07-01,1
1142,2025-08-01,1
1142,2025-09-01,1
1142,2025-10-01,1
1142,2025-11-01,1
1142,2025-12-01,1
1143,2024-01-01,75
1143,2024-02-01,75
1143,2024-03-01,72
1143,2024-04-01,71
1143,2024-05-01,70
1143,2024-06-01,68
1143,2024-07-01,65
1143,2024-08-01,63
1143,2024-09-01,61
1143,2024-10-01,60
1143,2024-11-01,60
1143,2024-12-01,57
1143,2025-01-01,54
1143,2025-02-01,51
1143,2025-03-01,48
1143,2025-04-01,48
1143,2025-05-01,47
1143,2025-06-01,47
1143,2025-07-01,45
1143,2025-08-01,44
1143,2025-09-01,44
1143,2025-10-01,41
1143,2025-11-01,38
1143,2025-12-01,37
1144,2024-01-01,75
1144,2024-02-01,72
1144,2024-03-01,72
1144,2024-04-01,69
1144,2024-05-01,68
1144,2024-06-01,67
1144,2024-07-01,66
1144,2024-08-01,65
1144,2024-09-01,64
1144,2024-10-01,62
1144,2024-11-01,61
1144,2024-12-01,60
1144,2025-01-01,57
1144,2025-02-01,56
1144,2025-03-01,56
1144,2025-04-01,55
1144,2025-05-01,53
1144,2025-06-01,52
1144,2025-07-01,49
1144,2025-08-01,49
1144,2025-09-01,49
1144,2025-10-01,48
1144,2025-11-01,47
1144,2025-12-01,46
1145,2024-01-01,18
1145,2024-02-01,15
1145,2024-03-01,15
1145,2024-04-01,14
1145,2024-05-01,11
1145,2024-06-01,8
1145,2024-07-01,8
1145,2024-08-01,8
1145,2024-09-01,6
1145,2024-10-01,3
1145,2024-11-01,3
1145,2024-12-01,1
1145,2025-01-01,1
1145,2025-02-01,1
1145,2025-03-01,1
1145,2025-04-01,1
1145,2025-05-01,1
1145,2025-06-01,1
1145,2025-07-01,1
1145,2025-08-01,1
1145,2025-09-01,1
1145,2025-10-01,1
1145,2025-11-01,1
1145,2025-12-01,1
1146,2024-01-01,71
1146,2024-02-01,71
1146,2024-03-01,70
1146,2024-04-01,70
1146,2024-05-01,70
1146,2024-06-01,68
1146,2024-07-01,67
1146,2024-08-01,66
1146,2024-09-01,64
1146,2024-10-01,64
1146,2024-11-01,61
1146,2024-12-01,59
1146,2025-01-01,59
1146,2025-02-01,56
1146,2025-03-01,54
1146,2025-04-01,52
1146,2025-05-01,51
1146,2025-06-01,50
1146,2025-07-01,49
1146,2025-08-01,46
1146,2025-09-01,44
1146,2025-10-01,43
1146,2025-11-01,42
1146,2025-12-01,40
1147,2024-01-01,46
1147,2024-02-01,46
1147,2024-03-01,43
1147,2024-04-01,42
1147,2024-05-01,42
1147,2024-06-01,41
1147,2024-07-01,38
1147,2024-08-01,36
1147,2024-09-01,34
1147,2024-10-01,31
1147,2024-11-01,30
1147,2024-12-01,27
1147,2025-01-01,27
1147,2025-02-01,26
1147,2025-03-01,23
1147,2025-04-01,21
1147,2025-05-01,18
1147,2025-06-01,17
1147,2025-07-01,14
1147,2025-08-01,12
1147,2025-09-01,12
1147,2025-10-01,9
1147,2025-11-01,6
1147,2025-12-01,6
1148,2024-01-01,53
1148,2024-02-01,53
1148,2024-03-01,51
1148,2024-04-01,49
1148,2024-05-01,47
1148,2024-06-01,46
1148,2024-07-01,46
1148,2024-08-01,45
1148,2024-09-01,44
1148,2024-10-01,41
1148,2024-11-01,41
1148,2024-12-01,38
1148,2025-01-01,37
1148,2025-02-01,34
1148,2025-03-01,32
1148,2025-04-01,31
1148,2025-05-01,29
1148,2025-06-01,29
1148,2025-07-01,26
1148,2025-08-01,25
1148,2025-09-01,25
1148,2025-10-01,23
1148,2025-11-01,20
1148,2025-12-01,17
1149,2024-01-01,30
1149,2024-02-01,27
1149,2024-03-01,25
1149,2024-04-01,23
1149,2024-05-01,21
1149,2024-06-01,21
1149,2024-07-01,21
1149,2024-08-01,18
1149,2024-09-01,18
1149,2024-10-01,17
1149,2024-11-01,15
1149,2024-12-01,15
1149,2025-01-01,12
1149,2025-02-01,10
1149,2025-03-01,10
1149,2025-04-01,8
1149,2025-05-01,8
1149,2025-06-01,5
1149,2025-07-01,5
1149,2025-08-01,5
1149,2025-09-01,5
1149,2025-10-01,3
1149,2025-11-01,3
1149,2025-12-01,3
1150,2024-01-01,30
1150,2024-02-01,27
1150,2024-03-01,24
1150,2024-04-01,21
1150,2024-05-01,21
1150,2024-06-01,19
1150,2024-07-01,16
1150,2024-08-01,13
1150,2024-09-01,10
1150,2024-10-01,9
1150,2024-11-01,7
1150,2024-12-01,6
1150,2025-01-01,6
1150,2025-02-01,3
1150,2025-03-01,3
1150,2025-04-01,1
1150,2025-05-01,1
1150,2025-06-01,1
1150,2025-07-01,1
1150,2025-08-01,1
1150,2025-09-01,1
1150,2025-10-01,1
1150,2025-11-01,1
1150,2025-12-01,1
1151,2024-01-01,51
1151,2024-02-01,48
1151,2024-03-01,48
1151,2024-04-01,47
1151,2024-05-01,47
1151,2024-06-01,44
1151,2024-07-01,41
1151,2024-08-01,38
1151,2024-09-01,37
1151,2024-10-01,35
1151,2024-11-01,34
1151,2024-12-01,34
1151,2025-01-01,34
1151,2025-02-01,33
1151,2025-03-01,32
1151,2025-04-01,32
1151,2025-05-01,32
1151,2025-06-01,32
1151,2025-07-01,30
1151,2025-08-01,28
1151,2025-09-01,27
1151,2025-10-01,26
1151,2025-11-01,24
1151,2025-12-01,21
1152,2024-01-01,49
1152,2024-02-01,47
1152,2024-03-01,44
1152,2024-04-01,43
1152,2024-05-01,43
1152,2024-06-01,42
1152,2024-07-01,40
1152,2024-08-01,38
1152,2024-09-01,35
1152,2024-10-01,33
1152,2024-11-01,30
1152,2024-12-01,29
1152,2025-01-01,27
1152,2025-02-01,26
1152,2025-03-01,26
1152,2025-04-01,26
1152,2025-05-01,23
1152,2025-06-01,21
1152,2025-07-01,20
1152,2025-08-01,19
1152,2025-09-01,17
1152,2025-10-01,16
1152,2025-11-01,14
1152,2025-12-01,12
1153,2024-01-01,46
1153,2024-02-01,45
1153,2024-03-01,43
1153,2024-04-01,43
1153,2024-05-01,43
1153,2024-06-01,40
1153,2024-07-01,39
1153,2024-08-01,37
1153,2024-09-01,36
1153,2024-10-01,35
1153,2024-11-01,33
1153,2024-12-01,33
1153,2025-01-01,32
1153,2025-02-01,29
1153,2025-03-01,28
1153,2025-04-01,28
1153,2025-05-01,25
1153,2025-06-01,22
1153,2025-07-01,19
1153,2025-08-01,16
1153,2025-09-01,14
1153,2025-10-01,12
1153,2025-11-01,10
1153,2025-12-01,7
1154,2024-01-01,51
1154,2024-02-01,48
1154,2024-03-01,48
1154,2024-04-01,47
1154,2024-05-01,44
1154,2024-06-01,43
1154,2024-07-01,41
1154,2024-08-01,39
1154,2024-09-01,37
1154,2024-10-01,37
1154,2024-11-01,35
1154,2024-12-01,35
1154,2025-01-01,33
1154,2025-02-01,31
1154,2025-03-01,29
1154,2025-04-01,29
1154,2025-05-01,28
1154,2025-06-01,28
1154,2025-07-01,25
1154,2025-08-01,22
1154,2025-09-01,22
1154,2025-10-01,22
1154,2025-11-01,21
1154,2025-12-01,21
1155,2024-01-01,61
1155,2024-02-01,61
1155,2024-03-01,61
1155,2024-04-01,58
1155,2024-05-01,57
1155,2024-06-01,54
1155,2024-07-01,54
1155,2024-08-01,53
1155,2024-09-01,51
1155,2024-10-01,51
1155,2024-11-01,51
1155,2024-12-01,48
1155,2025-01-01,46
1155,2025-02-01,46
1155,2025-03-01,43
1155,2025-04-01,40
1155,2025-05-01,40
1155,2025-06-01,39
1155,2025-07-01,39
1155,2025-08-01,37
1155,2025-09-01,37
1155,2025-10-01,36
1155,2025-11-01,33
1155,2025-12-01,31
1156,2024-01-01,40
1156,2024-02-01,38
1156,2024-03-01,37
1156,2024-04-01,36
1156,2024-05-01,35
1156,2024-06-01,34
1156,2024-07-01,31
1156,2024-08-01,31
1156,2024-09-01,30
1156,2024-10-01,30
1156,2024-11-01,28
1156,2024-12-01,25
1156,2025-01-01,22
1156,2025-02-01,22
1156,2025-03-01,22
1156,2025-04-01,22
1156,2025-05-01,19
1156,2025-06-01,18
1156,2025-07-01,15
1156,2025-08-01,14
1156,2025-09-01,12
1156,2025-10-01,11
1156,2025-11-01,11
1156,2025-12-01,10
1157,2024-01-01,46
1157,2024-02-01,46
1157,2024-03-01,44
1157,2024-04-01,43
1157,2024-05-01,41
1157,2024-06-01,41
1157,2024-07-01,40
1157,2024-08-01,37
1157,2024-09-01,35
1157,2024-10-01,32
1157,2024-11-01,30
1157,2024-12-01,30
1157,2025-01-01,29
1157,2025-02-01,27
1157,2025-03-01,24
1157,2025-04-01,22
1157,2025-05-01,20
1157,2025-06-01,18
1157,2025-07-01,16
1157,2025-08-01,14
1157,2025-09-01,12
1157,2025-10-01,9
1157,2025-11-01,7
1157,2025-12-01,5
1158,2024-01-01,21
1158,2024-02-01,21
1158,2024-03-01,21
1158,2024-04-01,21
1158,2024-05-01,18
1158,2024-06-01,15
1158,2024-07-01,12
1158,2024-08-01,10
1158,2024-09-01,10
1158,2024-10-01,8
1158,2024-11-01,7
1158,2024-12-01,7
1158,2025-01-01,6
1158,2025-02-01,5
1158,2025-03-01,3
1158,2025-04-01,3
1158,2025-05-01,2
1158,2025-06-01,2
1158,2025-07-01,1
1158,2025-08-01,1
1158,2025-09-01,1
1158,2025-10-01,1
1158,2025-11-01,1
1158,2025-12-01,1
1159,2024-01-01,24
1159,2024-02-01,22
1159,2024-03-01,21
1159,2024-04-01,21
1159,2024-05-01,21
1159,2024-06-01,19
1159,2024-07-01,19
1159,2024-08-01,18
1159,2024-09-01,16
1159,2024-10-01,13
1159,2024-11-01,10
1159,2024-12-01,9
1159,2025-01-01,8
1159,2025-02-01,5
1159,2025-03-01,3
1159,2025-04-01,2
1159,2025-05-01,1
1159,2025-06-01,1
1159,2025-07-01,1
1159,2025-08-01,1
1159,2025-09-01,1
1159,2025-10-01,1
1159,2025-11-01,1
1159,2025-12-01,1
1160,2024-01-01,26
1160,2024-02-01,26
1160,2024-03-01,26
1160,2024-04-01,24
1160,2024-05-01,21
1160,2024-06-01,19
1160,2024-07-01,16
1160,2024-08-01,15
1160,2024-09-01,13
1160,2024-10-01,11
1160,2024-11-01,9
1160,2024-12-01,9
1160,2025-01-01,9
1160,2025-02-01,6
1160,2025-03-01,5
1160,2025-04-01,3
1160,2025-05-01,3
1160,2025-06-01,1
1160,2025-07-01,1
1160,2025-08-01,1
1160,2025-09-01,1
1160,2025-10-01,1
1160,2025-11-01,1
1160,2025-12-01,1
1161,2024-01-01,69
1161,2024-02-01,67
1161,2024-03-01,64
1161,2024-04-01,64
1161,2024-05-01,62
1161,2024-06-01,60
1161,2024-07-01,59
1161,2024-08-01,58
1161,2024-09-01,56
1161,2024-10-01,56
1161,2024-11-01,55
1161,2024-12-01,54
1161,2025-01-01,52
1161,2025-02-01,50
1161,2025-03-01,49
1161,2025-04-01,49
1161,2025-05-01,48
1161,2025-06-01,46
1161,2025-07-01,45
1161,2025-08-01,43
1161,2025-09-01,42
1161,2025-10-01,40
1161,2025-11-01,38
1161,2025-12-01,38
1162,2024-01-01,31
1162,2024-02-01,28
1162,2024-03-01,27
1162,2024-04-01,27
1162,2024-05-01,26
1162,2024-06-01,26
1162,2024-07-01,23
1162,2024-08-01,23
1162,2024-09-01,21
1162,2024-10-01,18
1162,2024-11-01,15
1162,2024-12-01,15
1162,2025-01-01,14
1162,2025-02-01,14
1162,2025-03-01,14
1162,2025-04-01,11
1162,2025-05-01,9
1162,2025-06-01,8
1162,2025-07-01,8
1162,2025-08-01,6
1162,2025-09-01,4
1162,2025-10-01,3
1162,2025-11-01,1
1162,2025-12-01,1
1163,2024-01-01,53
1163,2024-02-01,50
1163,2024-03-01,49
1163,2024-04-01,48
1163,2024-05-01,46
1163,2024-06-01,43
1163,2024-07-01,43
1163,2024-08-01,40
1163,2024-09-01,38
1163,2024-10-01,35
1163,2024-11-01,32
1163,2024-12-01,31
1163,2025-01-01,29
1163,2025-02-01,26
1163,2025-03-01,24
1163,2025-04-01,24
1163,2025-05-01,22
1163,2025-06-01,22
1163,2025-07-01,20
1163,2025-08-01,18
1163,2025-09-01,15
1163,2025-10-01,12
1163,2025-11-01,12
1163,2025-12-01,12
1164,2024-01-01,18
1164,2024-02-01,18
1164,2024-03-01,15
1164,2024-04-01,13
1164,2024-05-01,12
1164,2024-06-01,9
1164,2024-07-01,6
1164,2024-08-01,3
1164,2024-09-01,1
1164,2024-10-01,1
1164,2024-11-01,1
1164,2024-12-01,1
1164,2025-01-01,1
1164,2025-02-01,1
1164,2025-03-01,1
1164,2025-04-01,1
1164,2025-05-01,1
1164,2025-06-01,1
1164,2025-07-01,1
1164,2025-08-01,1
1164,2025-09-01,1
1164,2025-10-01,1
1164,2025-11-01,1
1164,2025-12-01,1
1165,2024-01-01,55
1165,2024-02-01,55
1165,2024-03-01,53
1165,2024-04-01,53
1165,2024-05-01,51
1165,2024-06-01,49
1165,2024-07-01,49
1165,2024-08-01,47
1165,2024-09-01,46
1165,2024-10-01,44
1165,2024-11-01,43
1165,2024-12-01,42
1165,2025-01-01,40
1165,2025-02-01,37
1165,2025-03-01,36
1165,2025-04-01,35
1165,2025-05-01,35
1165,2025-06-01,34
1165,2025-07-01,33
1165,2025-08-01,32
1165,2025-09-01,31
1165,2025-10-01,28
1165,2025-11-01,27
1165,2025-12-01,25
1166,2024-01-01,38
1166,2024-02-01,36
1166,2024-03-01,34
1166,2024-04-01,31
1166,2024-05-01,28
1166,2024-06-01,26
1166,2024-07-01,23
1166,2024-08-01,20
1166,2024-09-01,20
1166,2024-10-01,17
1166,2024-11-01,17
1166,2024-12-01,14
1166,2025-01-01,11
1166,2025-02-01,9
1166,2025-03-01,9
1166,2025-04-01,6
1166,2025-05-01,5
1166,2025-06-01,2
1166,2025-07-01,1
1166,2025-08-01,1
1166,2025-09-01,1
1166,2025-10-01,1
1166,2025-11-01,1
1166,2025-12-01,1
1167,2024-01-01,77
1167,2024-02-01,75
1167,2024-03-01,75
1167,2024-04-01,75
1167,2024-05-01,72
1167,2024-06-01,72
1167,2024-07-01,69
1167,2024-08-01,69
1167,2024-09-01,66
1167,2024-10-01,64
1167,2024-11-01,64
1167,2024-12-01,62
1167,2025-01-01,62
1167,2025-02-01,61
1167,2025-03-01,60
1167,2025-04-01,58
1167,2025-05-01,56
1167,2025-06-01,55
1167,2025-07-01,54
1167,2025-08-01,51
1167,2025-09-01,51
1167,2025-10-01,50
1167,2025-11-01,48
1167,2025-12-01,46
1168,2024-01-01,43
1168,2024-02-01,43
1168,2024-03-01,40
1168,2024-04-01,40
1168,2024-05-01,37
1168,2024-06-01,34
1168,2024-07-01,33
1168,2024-08-01,31
1168,2024-09-01,28
1168,2024-10-01,27
1168,2024-11-01,25
1168,2024-12-01,23
1168,2025-01-01,20
1168,2025-02-01,18
1168,2025-03-01,18
1168,2025-04-01,16
1168,2025-05-01,16
1168,2025-06-01,14
1168,2025-07-01,11
1168,2025-08-01,8
1168,2025-09-01,7
1168,2025-10-01,7
1168,2025-11-01,7
1168,2025-12-01,4
1169,2024-01-01,20
1169,2024-02-01,20
1169,2024-03-01,19
1169,2024-04-01,19
1169,2024-05-01,16
1169,2024-06-01,15
1169,2024-07-01,13
1169,2024-08-01,11
1169,2024-09-01,8
1169,2024-10-01,7
1169,2024-11-01,4
1169,2024-12-01,4
1169,2025-01-01,4
1169,2025-02-01,3
1169,2025-03-01,1
1169,2025-04-01,1
1169,2025-05-01,1
1169,2025-06-01,1
1169,2025-07-01,1
1169,2025-08-01,1
1169,2025-09-01,1
1169,2025-10-01,1
1169,2025-11-01,1
1169,2025-12-01,1
1170,2024-01-01,39
1170,2024-02-01,37
1170,2024-03-01,35
1170,2024-04-01,33
1170,2024-05-01,33
1170,2024-06-01,33
1170,2024-07-01,33
1170,2024-08-01,32
1170,2024-09-01,32
1170,2024-10-01,30
1170,2024-11-01,28
1170,2024-12-01,26
1170,2025-01-01,25
1170,2025-02-01,22
1170,2025-03-01,20
1170,2025-04-01,19
1170,2025-05-01,16
1170,2025-06-01,15
1170,2025-07-01,14
1170,2025-08-01,11
1170,2025-09-01,11
1170,2025-10-01,11
1170,2025-11-01,9
1170,2025-12-01,6
1171,2024-01-01,77
1171,2024-02-01,77
1171,2024-03-01,75
1171,2024-04-01,73
1171,2024-05-01,73
1171,2024-06-01,72
1171,2024-07-01,70
1171,2024-08-01,68
1171,2024-09-01,65
1171,2024-10-01,62
1171,2024-11-01,62
1171,2024-12-01,62
1171,2025-01-01,61
1171,2025-02-01,60
1171,2025-03-01,58
1171,2025-04-01,55
1171,2025-05-01,54
1171,2025-06-01,52
1171,2025-07-01,50
1171,2025-08-01,50
1171,2025-09-01,47
1171,2025-10-01,45
1171,2025-11-01,45
1171,2025-12-01,43
1172,2024-01-01,57
1172,2024-02-01,55
1172,2024-03-01,54
1172,2024-04-01,53
1172,2024-05-01,53
1172,2024-06-01,51
1172,2024-07-01,51
1172,2024-08-01,48
1172,2024-09-01,48
1172,2024-10-01,46
1172,2024-11-01,45
1172,2024-12-01,44
1172,2025-01-01,44
1172,2025-02-01,43
1172,2025-03-01,41
1172,2025-04-01,39
1172,2025-05-01,36
1172,2025-06-01,35
1172,2025-07-01,34
1172,2025-08-01,31
1172,2025-09-01,31
1172,2025-10-01,28
1172,2025-11-01,27
1172,2025-12-01,27
1173,2024-01-01,76
1173,2024-02-01,73
1173,2024-03-01,71
1173,2024-04-01,70
1173,2024-05-01,67
1173,2024-06-01,66
1173,2024-07-01,65
1173,2024-08-01,65
1173,2024-09-01,65
1173,2024-10-01,65
1173,2024-11-01,63
1173,2024-12-01,63
1173,2025-01-01,62
1173,2025-02-01,59
1173,2025-03-01,56
1173,2025-04-01,55
1173,2025-05-01,53
1173,2025-06-01,50
1173,2025-07-01,49
1173,2025-08-01,48
1173,2025-09-01,47
1173,2025-10-01,44
1173,2025-11-01,41
1173,2025-12-01,41
1174,2024-01-01,63
1174,2024-02-01,62
1174,2024-03-01,61
1174,2024-04-01,60
1174,2024-05-01,57
1174,2024-06-01,57
1174,2024-07-01,55
1174,2024-08-01,54
1174,2024-09-01,54
1174,2024-10-01,53
1174,2024-11-01,50
1174,2024-12-01,48
1174,2025-01-01,48
1174,2025-02-01,48
1174,2025-03-01,46
1174,2025-04-01,43
1174,2025-05-01,41
1174,2025-06-01,41
1174,2025-07-01,39
1174,2025-08-01,36
1174,2025-09-01,33
1174,2025-10-01,32
1174,2025-11-01,30
1174,2025-12-01,28
1175,2024-01-01,33
1175,2024-02-01,31
1175,2024-03-01,31
1175,2024-04-01,30
1175,2024-05-01,28
1175,2024-06-01,26
1175,2024-07-01,26
1175,2024-08-01,26
1175,2024-09-01,23
1175,2024-10-01,20
1175,2024-11-01,17
1175,2024-12-01,15
1175,2025-01-01,15
1175,2025-02-01,12
1175,2025-03-01,10
1175,2025-04-01,7
1175,2025-05-01,6
1175,2025-06-01,4
1175,2025-07-01,1
1175,2025-08-01,1
1175,2025-09-01,1
1175,2025-10-01,1
1175,2025-11-01,1
1175,2025-12-01,1
1176,2024-01-01,53
1176,2024-02-01,50
1176,2024-03-01,50
1176,2024-04-01,50
1176,2024-05-01,47
1176,2024-06-01,47
1176,2024-07-01,45
1176,2024-08-01,44
1176,2024-09-01,42
1176,2024-10-01,41
1176,2024-11-01,40
1176,2024-12-01,37
1176,2025-01-01,36
1176,2025-02-01,34
1176,2025-03-01,31
1176,2025-04-01,31
1176,2025-05-01,29
1176,2025-06-01,26
1176,2025-07-01,25
1176,2025-08-01,23
1176,2025-09-01,22
1176,2025-10-01,19
1176,2025-11-01,16
1176,2025-12-01,16
1177,2024-01-01,30
1177,2024-02-01,30
1177,2024-03-01,29
1177,2024-04-01,28
1177,2024-05-01,28
1177,2024-06-01,28
1177,2024-07-01,28
1177,2024-08-01,26
1177,2024-09-01,24
1177,2024-10-01,23
1177,2024-11-01,21
1177,2024-12-01,19
1177,2025-01-01,16
1177,2025-02-01,15
1177,2025-03-01,14
1177,2025-04-01,14
1177,2025-05-01,11
1177,2025-06-01,11
1177,2025-07-01,9
1177,2025-08-01,8
1177,2025-09-01,6
1177,2025-10-01,4
1177,2025-11-01,1
1177,2025-12-01,1
1178,2024-01-01,60
1178,2024-02-01,57
1178,2024-03-01,54
1178,2024-04-01,51
1178,2024-05-01,48
1178,2024-06-01,47
1178,2024-07-01,46
1178,2024-08-01,44
1178,2024-09-01,42
1178,2024-10-01,40
1178,2024-11-01,39
1178,2024-12-01,39
1178,2025-01-01,37
1178,2025-02-01,37
1178,2025-03-01,37
1178,2025-04-01,37
1178,2025-05-01,34
1178,2025-06-01,33
1178,2025-07-01,32
1178,2025-08-01,30
1178,2025-09-01,28
1178,2025-10-01,27
1178,2025-11-01,24
1178,2025-12-01,23
1179,2024-01-01,59
1179,2024-02-01,56
1179,2024-03-01,55
1179,2024-04-01,54
1179,2024-05-01,53
1179,2024-06-01,53
1179,2024-07-01,51
1179,2024-08-01,48
1179,2024-09-01,48
1179,2024-10-01,47
1179,2024-11-01,46
1179,2024-12-01,44
1179,2025-01-01,42
1179,2025-02-01,40
1179,2025-03-01,40
1179,2025-04-01,37
1179,2025-05-01,35
1179,2025-06-01,34
1179,2025-07-01,31
1179,2025-08-01,30
1179,2025-09-01,29
1179,2025-10-01,26
1179,2025-11-01,26
1179,2025-12-01,23
1180,2024-01-01,31
1180,2024-02-01,29
1180,2024-03-01,27
1180,2024-04-01,24
1180,2024-05-01,21
1180,2024-06-01,19
1180,2024-07-01,18
1180,2024-08-01,15
1180,2024-09-01,15
1180,2024-10-01,13
1180,2024-11-01,12
1180,2024-12-01,9
1180,2025-01-01,6
1180,2025-02-01,5
1180,2025-03-01,5
1180,2025-04-01,3
1180,2025-05-01,1
1180,2025-06-01,1
1180,2025-07-01,1
1180,2025-08-01,1
1180,2025-09-01,1
1180,2025-10-01,1
1180,2025-11-01,1
1180,2025-12-01,1
1181,2024-01-01,24
1181,2024-02-01,24
1181,2024-03-01,24
1181,2024-04-01,22
1181,2024-05-01,20
1181,2024-06-01,20
1181,2024-07-01,19
1181,2024-08-01,19
1181,2024-09-01,18
1181,2024-10-01,17
1181,2024-11-01,17
1181,2024-12-01,17
1181,2025-01-01,17
1181,2025-02-01,16
1181,2025-03-01,13
1181,2025-04-01,10
1181,2025-05-01,10
1181,2025-06-01,10
1181,2025-07-01,8
1181,2025-08-01,6
1181,2025-09-01,4
1181,2025-10-01,4
1181,2025-11-01,1
1181,2025-12-01,1
1182,2024-01-01,36
1182,2024-02-01,35
1182,2024-03-01,34
1182,2024-04-01,31
1182,2024-05-01,29
1182,2024-06-01,26
1182,2024-07-01,25
1182,2024-08-01,22
1182,2024-09-01,21
1182,2024-10-01,20
1182,2024-11-01,18
1182,2024-12-01,16
1182,2025-01-01,15
1182,2025-02-01,15
1182,2025-03-01,13
1182,2025-04-01,12
1182,2025-05-01,12
1182,2025-06-01,12
1182,2025-07-01,9
1182,2025-08-01,6
1182,2025-09-01,4
1182,2025-10-01,4
1182,2025-11-01,2
1182,2025-12-01,1
1183,2024-01-01,30
1183,2024-02-01,27
1183,2024-03-01,25
1183,2024-04-01,22
1183,2024-05-01,20
1183,2024-06-01,19
1183,2024-07-01,19
1183,2024-08-01,17
1183,2024-09-01,16
1183,2024-10-01,15
1183,2024-11-01,14
1183,2024-12-01,11
1183,2025-01-01,8
1183,2025-02-01,7
1183,2025-03-01,6
1183,2025-04-01,4
1183,2025-05-01,2
1183,2025-06-01,2
1183,2025-07-01,1
1183,2025-08-01,1
1183,2025-09-01,1
1183,2025-10-01,1
1183,2025-11-01,1
1183,2025-12-01,1
1184,2024-01-01,21
1184,2024-02-01,20
1184,2024-03-01,20
1184,2024-04-01,18
1184,2024-05-01,18
1184,2024-06-01,16
1184,2024-07-01,15
1184,2024-08-01,13
1184,2024-09-01,12
1184,2024-10-01,10
1184,2024-11-01,10
1184,2024-12-01,10
1184,2025-01-01,8
1184,2025-02-01,7
1184,2025-03-01,6
1184,2025-04-01,5
1184,2025-05-01,3
1184,2025-06-01,1
1184,2025-07-01,1
1184,2025-08-01,1
1184,2025-09-01,1
1184,2025-10-01,1
1184,2025-11-01,1
1184,2025-12-01,1
1185,2024-01-01,25
1185,2024-02-01,22
1185,2024-03-01,21
1185,2024-04-01,20
1185,2024-05-01,17
1185,2024-06-01,17
1185,2024-07-01,15
1185,2024-08-01,12
1185,2024-09-01,9
1185,2024-10-01,9
1185,2024-11-01,8
1185,2024-12-01,5
1185,2025-01-01,4
1185,2025-02-01,2
1185,2025-03-01,2
1185,2025-04-01,1
1185,2025-05-01,1
1185,2025-06-01,1
1185,2025-07-01,1
1185,2025-08-01,1
1185,2025-09-01,1
1185,2025-10-01,1
1185,2025-11-01,1
1185,2025-12-01,1
1186,2024-01-01,33
1186,2024-02-01,30
1186,2024-03-01,28
1186,2024-04-01,27
1186,2024-05-01,27
1186,2024-06-01,24
1186,2024-07-01,22
1186,2024-08-01,20
1186,2024-09-01,19
1186,2024-10-01,18
1186,2024-11-01,15
1186,2024-12-01,14
1186,2025-01-01,13
1186,2025-02-01,13
1186,2025-03-01,11
1186,2025-04-01,9
1186,2025-05-01,8
1186,2025-06-01,6
1186,2025-07-01,4
1186,2025-08-01,1
1186,2025-09-01,1
1186,2025-10-01,1
1186,2025-11-01,1
1186,2025-12-01,1
1187,2024-01-01,23
1187,2024-02-01,20
1187,2024-03-01,18
1187,2024-04-01,18
1187,2024-05-01,18
1187,2024-06-01,16
1187,2024-07-01,14
1187,2024-08-01,11
1187,2024-09-01,8
1187,2024-10-01,6
1187,2024-11-01,4
1187,2024-12-01,2
1187,2025-01-01,1
1187,2025-02-01,1
1187,2025-03-01,1
1187,2025-04-01,1
1187,2025-05-01,1
1187,2025-06-01,1
1187,2025-07-01,1
1187,2025-08-01,1
1187,2025-09-01,1
1187,2025-10-01,1
1187,2025-11-01,1
1187,2025-12-01,1
1188,2024-01-01,67
1188,2024-02-01,66
1188,2024-03-01,65
1188,2024-04-01,62
1188,2024-05-01,60
1188,2024-06-01,60
1188,2024-07-01,57
1188,2024-08-01,54
1188,2024-09-01,54
1188,2024-10-01,52
1188,2024-11-01,51
1188,2024-12-01,50
1188,2025-01-01,49
1188,2025-02-01,47
1188,2025-03-01,44
1188,2025-04-01,41
1188,2025-05-01,38
1188,2025-06-01,35
1188,2025-07-01,32
1188,2025-08-01,32
1188,2025-09-01,31
1188,2025-10-01,30
1188,2025-11-01,28
1188,2025-12-01,28
1189,2024-01-01,28
1189,2024-02-01,25
1189,2024-03-01,25
1189,2024-04-01,23
1189,2024-05-01,23
1189,2024-06-01,21
1189,2024-07-01,20
1189,2024-08-01,18
1189,2024-09-01,17
1189,2024-10-01,15
1189,2024-11-01,14
1189,2024-12-01,13
1189,2025-01-01,10
1189,2025-02-01,8
1189,2025-03-01,5
1189,2025-04-01,4
1189,2025-05-01,1
1189,2025-06-01,1
1189,2025-07-01,1
1189,2025-08-01,1
1189,2025-09-01,1
1189,2025-10-01,1
1189,2025-11-01,1
1189,2025-12-01,1
1190,2024-01-01,28
1190,2024-02-01,26
1190,2024-03-01,23
1190,2024-04-01,22
1190,2024-05-01,19
1190,2024-06-01,19
1190,2024-07-01,19
1190,2024-08-01,17
1190,2024-09-01,14
1190,2024-10-01,14
1190,2024-11-01,12
1190,2024-12-01,10
1190,2025-01-01,9
1190,2025-02-01,9
1190,2025-03-01,6
1190,2025-04-01,6
1190,2025-05-01,6
1190,2025-06-01,3
1190,2025-07-01,1
1190,2025-08-01,1
1190,2025-09-01,1
1190,2025-10-01,1
1190,2025-11-01,1
1190,2025-12-01,1
1191,2024-01-01,68
1191,2024-02-01,68
1191,2024-03-01,68
1191,2024-04-01,68
1191,2024-05-01,67
1191,2024-06-01,65
1191,2024-07-01,62
1191,2024-08-01,62
1191,2024-09-01,62
1191,2024-10-01,60
1191,2024-11-01,59
1191,2024-12-01,56
1191,2025-01-01,55
1191,2025-02-01,54
1191,2025-03-01,53
1191,2025-04-01,53
1191,2025-05-01,51
1191,2025-06-01,49
1191,2025-07-01,47
1191,2025-08-01,46
1191,2025-09-01,43
1191,2025-10-01,42
1191,2025-11-01,40
1191,2025-12-01,40
1192,2024-01-01,65
1192,2024-02-01,63
1192,2024-03-01,62
1192,2024-04-01,62
1192,2024-05-01,61
1192,2024-06-01,59
1192,2024-07-01,56
1192,2024-08-01,54
1192,2024-09-01,51
1192,2024-10-01,48
1192,2024-11-01,46
1192,2024-12-01,46
1192,2025-01-01,45
1192,2025-02-01,44
1192,2025-03-01,43
1192,2025-04-01,40
1192,2025-05-01,37
1192,2025-06-01,35
1192,2025-07-01,35
1192,2025-08-01,33
1192,2025-09-01,31
1192,2025-10-01,31
1192,2025-11-01,28
1192,2025-12-01,26
1193,2024-01-01,31
1193,2024-02-01,30
1193,2024-03-01,30
1193,2024-04-01,30
1193,2024-05-01,29
1193,2024-06-01,29
1193,2024-07-01,28
1193,2024-08-01,26
1193,2024-09-01,26
1193,2024-10-01,26
1193,2024-11-01,24
1193,2024-12-01,21
1193,2025-01-01,18
1193,2025-02-01,16
1193,2025-03-01,16
1193,2025-04-01,16
1193,2025-05-01,16
1193,2025-06-01,15
1193,2025-07-01,12
1193,2025-08-01,12
1193,2025-09-01,9
1193,2025-10-01,6
1193,2025-11-01,6
1193,2025-12-01,4
1194,2024-01-01,27
1194,2024-02-01,26
1194,2024-03-01,23
1194,2024-04-01,20
1194,2024-05-01,18
1194,2024-06-01,18
1194,2024-07-01,18
1194,2024-08-01,17
1194,2024-09-01,15
1194,2024-10-01,13
1194,2024-11-01,10
1194,2024-12-01,8
1194,2025-01-01,5
1194,2025-02-01,4
1194,2025-03-01,2
1194,2025-04-01,1
1194,2025-05-01,1
1194,2025-06-01,1
1194,2025-07-01,1
1194,2025-08-01,1
1194,2025-09-01,1
1194,2025-10-01,1
1194,2025-11-01,1
1194,2025-12-01,1
1195,2024-01-01,47
1195,2024-02-01,47
1195,2024-03-01,45
1195,2024-04-01,42
1195,2024-05-01,40
1195,2024-06-01,39
1195,2024-07-01,36
1195,2024-08-01,34
1195,2024-09-01,34
1195,2024-10-01,31
1195,2024-11-01,28
1195,2024-12-01,27
1195,2025-01-01,26
1195,2025-02-01,26
1195,2025-03-01,24
1195,2025-04-01,22
1195,2025-05-01,19
1195,2025-06-01,16
1195,2025-07-01,14
1195,2025-08-01,12
1195,2025-09-01,10
1195,2025-10-01,7
1195,2025-11-01,6
1195,2025-12-01,5
1196,2024-01-01,66
1196,2024-02-01,64
1196,2024-03-01,62
1196,2024-04-01,62
1196,2024-05-01,60
1196,2024-06-01,59
1196,2024-07-01,57
1196,2024-08-01,57
1196,2024-09-01,54
1196,2024-10-01,51
1196,2024-11-01,50
1196,2024-12-01,49
1196,2025-01-01,48
1196,2025-02-01,45
1196,2025-03-01,43
1196,2025-04-01,43
1196,2025-05-01,43
1196,2025-06-01,41
1196,2025-07-01,38
1196,2025-08-01,35
1196,2025-09-01,35
1196,2025-10-01,34
1196,2025-11-01,33
1196,2025-12-01,33
1197,2024-01-01,54
1197,2024-02-01,52
1197,2024-03-01,50
1197,2024-04-01,48
1197,2024-05-01,46
1197,2024-06-01,44
1197,2024-07-01,43
1197,2024-08-01,43
1197,2024-09-01,40
1197,2024-10-01,38
1197,2024-11-01,37
1197,2024-12-01,37
1197,2025-01-01,37
1197,2025-02-01,37
1197,2025-03-01,35
1197,2025-04-01,33
1197,2025-05-01,30
1197,2025-06-01,28
1197,2025-07-01,28
1197,2025-08-01,28
1197,2025-09-01,27
1197,2025-10-01,26
1197,2025-11-01,23
1197,2025-12-01,22
1198,2024-01-01,38
1198,2024-02-01,38
1198,2024-03-01,36
1198,2024-04-01,34
1198,2024-05-01,31
1198,2024-06-01,29
1198,2024-07-01,27
1198,2024-08-01,26
1198,2024-09-01,26
1198,2024-10-01,24
1198,2024-11-01,24
1198,2024-12-01,23
1198,2025-01-01,22
1198,2025-02-01,20
1198,2025-03-01,18
1198,2025-04-01,17
1198,2025-05-01,16
1198,2025-06-01,13
1198,2025-07-01,10
1198,2025-08-01,10
1198,2025-09-01,9
1198,2025-10-01,9
1198,2025-11-01,8
1198,2025-12-01,8
1199,2024-01-01,26
1199,2024-02-01,25
1199,2024-03-01,25
1199,2024-04-01,25
1199,2024-05-01,23
1199,2024-06-01,21
1199,2024-07-01,18
1199,2024-08-01,17
1199,2024-09-01,16
1199,2024-10-01,16
1199,2024-11-01,13
1199,2024-12-01,12
1199,2025-01-01,9
1199,2025-02-01,7
1199,2025-03-01,7
1199,2025-04-01,6
1199,2025-05-01,6
1199,2025-06-01,4
1199,2025-07-01,1
1199,2025-08-01,1
1199,2025-09-01,1
1199,2025-10-01,1
1199,2025-11-01,1
1199,2025-12-01,1
1200,2024-01-01,44
1200,2024-02-01,43
1200,2024-03-01,40
1200,2024-04-01,39
1200,2024-05-01,37
1200,2024-06-01,35
1200,2024-07-01,34
1200,2024-08-01,32
1200,2024-09-01,32
1200,2024-10-01,29
1200,2024-11-01,26
1200,2024-12-01,25
1200,2025-01-01,25
1200,2025-02-01,24
1200,2025-03-01,23
1200,2025-04-01,21
1200,2025-05-01,18
1200,2025-06-01,18
1200,2025-07-01,16
1200,2025-08-01,13
1200,2025-09-01,10
1200,2025-10-01,9
1200,2025-11-01,9
1200,2025-12-01,8
1201,2024-01-01,49
1201,2024-02-01,48
1201,2024-03-01,45
1201,2024-04-01,42
1201,2024-05-01,40
1201,2024-06-01,37
1201,2024-07-01,34
1201,2024-08-01,31
1201,2024-09-01,30
1201,2024-10-01,30
1201,2024-11-01,28
1201,2024-12-01,27
1201,2025-01-01,25
1201,2025-02-01,24
1201,2025-03-01,22
1201,2025-04-01,19
1201,2025-05-01,17
1201,2025-06-01,17
1201,2025-07-01,15
1201,2025-08-01,15
1201,2025-09-01,13
1201,2025-10-01,10
1201,2025-11-01,8
1201,2025-12-01,7
1202,2024-01-01,20
1202,2024-02-01,19
1202,2024-03-01,16
1202,2024-04-01,13
1202,2024-05-01,12
1202,2024-06-01,9
1202,2024-07-01,6
1202,2024-08-01,3
1202,2024-09-01,1
1202,2024-10-01,1
1202,2024-11-01,1
1202,2024-12-01,1
1202,2025-01-01,1
1202,2025-02-01,1
1202,2025-03-01,1
1202,2025-04-01,1
1202,2025-05-01,1
1202,2025-06-01,1
1202,2025-07-01,1
1202,2025-08-01,1
1202,2025-09-01,1
1202,2025-10-01,1
1202,2025-11-01,1
1202,2025-12-01,1
1203,2024-01-01,58
1203,2024-02-01,57
1203,2024-03-01,54
1203,2024-04-01,54
1203,2024-05-01,53
1203,2024-06-01,50
1203,2024-07-01,50
1203,2024-08-01,47
1203,2024-09-01,46
1203,2024-10-01,44
1203,2024-11-01,42
1203,2024-12-01,41
1203,2025-01-01,41
1203,2025-02-01,38
1203,2025-03-01,37
1203,2025-04-01,37
1203,2025-05-01,34
1203,2025-06-01,31
1203,2025-07-01,30
1203,2025-08-01,27
1203,2025-09-01,25
1203,2025-10-01,23
1203,2025-11-01,20
1203,2025-12-01,19
1204,2024-01-01,58
1204,2024-02-01,57
1204,2024-03-01,55
1204,2024-04-01,53
1204,2024-05-01,53
1204,2024-06-01,52
1204,2024-07-01,49
1204,2024-08-01,48
1204,2024-09-01,46
1204,2024-10-01,45
1204,2024-11-01,45
1204,2024-12-01,42
1204,2025-01-01,41
1204,2025-02-01,38
1204,2025-03-01,35
1204,2025-04-01,33
1204,2025-05-01,32
1204,2025-06-01,29
1204,2025-07-01,27
1204,2025-08-01,27
1204,2025-09-01,27
1204,2025-10-01,26
1204,2025-11-01,23
1204,2025-12-01,22
1205,2024-01-01,29
1205,2024-02-01,29
1205,2024-03-01,29
1205,2024-04-01,29
1205,2024-05-01,29
1205,2024-06-01,28
1205,2024-07-01,25
1205,2024-08-01,24
1205,2024-09-01,22
1205,2024-10-01,22
1205,2024-11-01,19
1205,2024-12-01,18
1205,2025-01-01,15
1205,2025-02-01,14
1205,2025-03-01,11
1205,2025-04-01,8
1205,2025-05-01,8
1205,2025-06-01,7
1205,2025-07-01,5
1205,2025-08-01,2
1205,2025-09-01,1
1205,2025-10-01,1
1205,2025-11-01,1
1205,2025-12-01,1
1206,2024-01-01,24
1206,2024-02-01,23
1206,2024-03-01,21
1206,2024-04-01,20
1206,2024-05-01,17
1206,2024-06-01,14
1206,2024-07-01,14
1206,2024-08-01,14
1206,2024-09-01,11
1206,2024-10-01,10
1206,2024-11-01,9
1206,2024-12-01,6
1206,2025-01-01,4
1206,2025-02-01,3
1206,2025-03-01,1
1206,2025-04-01,1
1206,2025-05-01,1
1206,2025-06-01,1
1206,2025-07-01,1
1206,2025-08-01,1
1206,2025-09-01,1
1206,2025-10-01,1
1206,2025-11-01,1
1206,2025-12-01,1
1207,2024-01-01,50
1207,2024-02-01,49
1207,2024-03-01,49
1207,2024-04-01,49
1207,2024-05-01,47
1207,2024-06-01,44
1207,2024-07-01,44
1207,2024-08-01,43
1207,2024-09-01,42
1207,2024-10-01,39
1207,2024-11-01,38
1207,2024-12-01,38
1207,2025-01-01,35
1207,2025-02-01,34
1207,2025-03-01,33
1207,2025-04-01,33
1207,2025-05-01,33
1207,2025-06-01,33
1207,2025-07-01,33
1207,2025-08-01,30
1207,2025-09-01,27
1207,2025-10-01,24
1207,2025-11-01,22
1207,2025-12-01,22
1208,2024-01-01,65
1208,2024-02-01,64
1208,2024-03-01,63
1208,2024-04-01,63
1208,2024-05-01,63
1208,2024-06-01,60
1208,2024-07-01,60
1208,2024-08-01,59
1208,2024-09-01,58
1208,2024-10-01,58
1208,2024-11-01,55
1208,2024-12-01,52
1208,2025-01-01,51
1208,2025-02-01,48
1208,2025-03-01,47
1208,2025-04-01,47
1208,2025-05-01,46
1208,2025-06-01,46
1208,2025-07-01,43
1208,2025-08-01,41
1208,2025-09-01,39
1208,2025-10-01,37
1208,2025-11-01,36
1208,2025-12-01,34
1209,2024-01-01,26
1209,2024-02-01,26
1209,2024-03-01,24
1209,2024-04-01,23
1209,2024-05-01,20
1209,2024-06-01,17
1209,2024-07-01,15
1209,2024-08-01,12
1209,2024-09-01,9
1209,2024-10-01,6
1209,2024-11-01,5
1209,2024-12-01,2
1209,2025-01-01,1
1209,2025-02-01,1
1209,2025-03-01,1
1209,2025-04-01,1
1209,2025-05-01,1
1209,2025-06-01,1
1209,2025-07-01,1
1209,2025-08-01,1
1209,2025-09-01,1
1209,2025-10-01,1
1209,2025-11-01,1
1209,2025-12-01,1
1210,2024-01-01,19
1210,2024-02-01,16
1210,2024-03-01,16
1210,2024-04-01,15
1210,2024-05-01,13
1210,2024-06-01,13
1210,2024-07-01,12
1210,2024-08-01,10
1210,2024-09-01,10
1210,2024-10-01,7
1210,2024-11-01,7
1210,2024-12-01,7
1210,2025-01-01,7
1210,2025-02-01,6
1210,2025-03-01,3
1210,2025-04-01,1
1210,2025-05-01,1
1210,2025-06-01,1
1210,2025-07-01,1
1210,2025-08-01,1
1210,2025-09-01,1
1210,2025-10-01,1
1210,2025-11-01,1
1210,2025-12-01,1
1211,2024-01-01,64
1211,2024-02-01,63
1211,2024-03-01,62
1211,2024-04-01,60
1211,2024-05-01,59
1211,2024-06-01,59
1211,2024-07-01,58
1211,2024-08-01,55
1211,2024-09-01,55
1211,2024-10-01,54
1211,2024-11-01,54
1211,2024-12-01,54
1211,2025-01-01,53
1211,2025-02-01,53
1211,2025-03-01,50
1211,2025-04-01,47
1211,2025-05-01,46
1211,2025-06-01,45
1211,2025-07-01,42
1211,2025-08-01,41
1211,2025-09-01,38
1211,2025-10-01,38
1211,2025-11-01,37
1211,2025-12-01,35
1212,2024-01-01,76
1212,2024-02-01,76
1212,2024-03-01,74
1212,2024-04-01,72
1212,2024-05-01,70
1212,2024-06-01,67
1212,2024-07-01,64
1212,2024-08-01,62
1212,2024-09-01,61
1212,2024-10-01,59
1212,2024-11-01,59
1212,2024-12-01,57
1212,2025-01-01,55
1212,2025-02-01,53
1212,2025-03-01,52
1212,2025-04-01,50
1212,2025-05-01,48
1212,2025-06-01,45
1212,2025-07-01,43
1212,2025-08-01,43
1212,2025-09-01,40
1212,2025-10-01,39
1212,2025-11-01,36
1212,2025-12-01,35
1213,2024-01-01,33
1213,2024-02-01,31
1213,2024-03-01,31
1213,2024-04-01,28
1213,2024-05-01,27
1213,2024-06-01,24
1213,2024-07-01,23
1213,2024-08-01,20
1213,2024-09-01,19
1213,2024-10-01,19
1213,2024-11-01,18
1213,2024-12-01,16
1213,2025-01-01,16
1213,2025-02-01,14
1213,2025-03-01,11
1213,2025-04-01,8
1213,2025-05-01,7
1213,2025-06-01,6
1213,2025-07-01,3
1213,2025-08-01,3
1213,2025-09-01,1
1213,2025-10-01,1
1213,2025-11-01,1
1213,2025-12-01,1
1214,2024-01-01,73
1214,2024-02-01,73
1214,2024-03-01,70
1214,2024-04-01,68
1214,2024-05-01,65
1214,2024-06-01,64
1214,2024-07-01,63
1214,2024-08-01,61
1214,2024-09-01,59
1214,2024-10-01,57
1214,2024-11-01,54
1214,2024-12-01,52
1214,2025-01-01,50
1214,2025-02-01,47
1214,2025-03-01,46
1214,2025-04-01,45
1214,2025-05-01,45
1214,2025-06-01,44
1214,2025-07-01,42
1214,2025-08-01,41
1214,2025-09-01,38
1214,2025-10-01,37
1214,2025-11-01,36
1214,2025-12-01,36
1215,2024-01-01,38
1215,2024-02-01,35
1215,2024-03-01,33
1215,2024-04-01,30
1215,2024-05-01,27
1215,2024-06-01,27
1215,2024-07-01,26
1215,2024-08-01,25
1215,2024-09-01,25
1215,2024-10-01,23
1215,2024-11-01,22
1215,2024-12-01,20
1215,2025-01-01,19
1215,2025-02-01,17
1215,2025-03-01,14
1215,2025-04-01,11
1215,2025-05-01,10
1215,2025-06-01,8
1215,2025-07-01,6
1215,2025-08-01,3
1215,2025-09-01,1
1215,2025-10-01,1
1215,2025-11-01,1
1215,2025-12-01,1
1216,2024-01-01,60
1216,2024-02-01,58
1216,2024-03-01,55
1216,2024-04-01,52
1216,2024-05-01,49
1216,2024-06-01,49
1216,2024-07-01,46
1216,2024-08-01,46
1216,2024-09-01,46
1216,2024-10-01,45
1216,2024-11-01,43
1216,2024-12-01,40
1216,2025-01-01,40
1216,2025-02-01,38
1216,2025-03-01,38
1216,2025-04-01,36
1216,2025-05-01,36
1216,2025-06-01,33
1216,2025-07-01,32
1216,2025-08-01,31
1216,2025-09-01,30
1216,2025-10-01,30
1216,2025-11-01,28
1216,2025-12-01,25
1217,2024-01-01,75
1217,2024-02-01,74
1217,2024-03-01,74
1217,2024-04-01,72
1217,2024-05-01,71
1217,2024-06-01,71
1217,2024-07-01,69
1217,2024-08-01,68
1217,2024-09-01,65
1217,2024-10-01,63
1217,2024-11-01,60
1217,2024-12-01,58
1217,2025-01-01,57
1217,2025-02-01,57
1217,2025-03-01,57
1217,2025-04-01,57
1217,2025-05-01,57
1217,2025-06-01,55
1217,2025-07-01,55
1217,2025-08-01,55
1217,2025-09-01,53
1217,2025-10-01,51
1217,2025-11-01,50
1217,2025-12-01,48
1218,2024-01-01,38
1218,2024-02-01,37
1218,2024-03-01,37
1218,2024-04-01,37
1218,2024-05-01,34
1218,2024-06-01,34
1218,2024-07-01,32
1218,2024-08-01,30
1218,2024-09-01,30
1218,2024-10-01,30
1218,2024-11-01,28
1218,2024-12-01,27
1218,2025-01-01,24
1218,2025-02-01,21
1218,2025-03-01,20
1218,2025-04-01,17
1218,2025-05-01,17
1218,2025-06-01,17
1218,2025-07-01,17
1218,2025-08-01,14
1218,2025-09-01,13
1218,2025-10-01,13
1218,2025-11-01,12
1218,2025-12-01,10
1219,2024-01-01,32
1219,2024-02-01,29
1219,2024-03-01,26
1219,2024-04-01,26
1219,2024-05-01,24
1219,2024-06-01,23
1219,2024-07-01,20
1219,2024-08-01,19
1219,2024-09-01,18
1219,2024-10-01,18
1219,2024-11-01,18
1219,2024-12-01,17
1219,2025-01-01,16
1219,2025-02-01,15
1219,2025-03-01,14
1219,2025-04-01,12
1219,2025-05-01,11
1219,2025-06-01,8
1219,2025-07-01,8
1219,2025-08-01,5
1219,2025-09-01,5
1219,2025-10-01,5
1219,2025-11-01,5
1219,2025-12-01,2
1220,2024-01-01,55
1220,2024-02-01,54
1220,2024-03-01,52
1220,2024-04-01,50
1220,2024-05-01,48
1220,2024-06-01,47
1220,2024-07-01,44
1220,2024-08-01,42
1220,2024-09-01,41
1220,2024-10-01,41
1220,2024-11-01,38
1220,2024-12-01,35
1220,2025-01-01,34
1220,2025-02-01,33
1220,2025-03-01,33
1220,2025-04-01,33
1220,2025-05-01,33
1220,2025-06-01,30
1220,2025-07-01,27
1220,2025-08-01,25
1220,2025-09-01,23
1220,2025-10-01,21
1220,2025-11-01,18
1220,2025-12-01,18
1221,2024-01-01,34
1221,2024-02-01,34
1221,2024-03-01,34
1221,2024-04-01,32
1221,2024-05-01,30
1221,2024-06-01,30
1221,2024-07-01,28
1221,2024-08-01,27
1221,2024-09-01,25
1221,2024-10-01,25
1221,2024-11-01,25
1221,2024-12-01,22
1221,2025-01-01,19
1221,2025-02-01,19
1221,2025-03-01,18
1221,2025-04-01,15
1221,2025-05-01,15
1221,2025-06-01,12
1221,2025-07-01,9
1221,2025-08-01,9
1221,2025-09-01,7
1221,2025-10-01,6
1221,2025-11-01,4
1221,2025-12-01,4
1222,2024-01-01,47
1222,2024-02-01,47
1222,2024-03-01,44
1222,2024-04-01,43
1222,2024-05-01,41
1222,2024-06-01,40
1222,2024-07-01,38
1222,2024-08-01,38
1222,2024-09-01,36
1222,2024-10-01,34
1222,2024-11-01,32
1222,2024-12-01,31
1222,2025-01-01,28
1222,2025-02-01,26
1222,2025-03-01,25
1222,2025-04-01,24
1222,2025-05-01,21
1222,2025-06-01,20
1222,2025-07-01,20
1222,2025-08-01,20
1222,2025-09-01,20
1222,2025-10-01,17
1222,2025-11-01,16
1222,2025-12-01,16
1223,2024-01-01,53
1223,2024-02-01,53
1223,2024-03-01,52
1223,2024-04-01,52
1223,2024-05-01,50
1223,2024-06-01,49
1223,2024-07-01,49
1223,2024-08-01,49
1223,2024-09-01,47
1223,2024-10-01,45
1223,2024-11-01,45
1223,2024-12-01,45
1223,2025-01-01,42
1223,2025-02-01,39
1223,2025-03-01,38
1223,2025-04-01,37
1223,2025-05-01,34
1223,2025-06-01,34
1223,2025-07-01,32
1223,2025-08-01,31
1223,2025-09-01,31
1223,2025-10-01,29
1223,2025-11-01,27
1223,2025-12-01,27
1224,2024-01-01,19
1224,2024-02-01,16
1224,2024-03-01,16
1224,2024-04-01,13
1224,2024-05-01,12
1224,2024-06-01,9
1224,2024-07-01,6
1224,2024-08-01,4
1224,2024-09-01,3
1224,2024-10-01,3
1224,2024-11-01,1
1224,2024-12-01,1
1224,2025-01-01,1
1224,2025-02-01,1
1224,2025-03-01,1
1224,2025-04-01,1
1224,2025-05-01,1
1224,2025-06-01,1
1224,2025-07-01,1
1224,2025-08-01,1
1224,2025-09-01,1
1224,2025-10-01,1
1224,2025-11-01,1
1224,2025-12-01,1
1225,2024-01-01,41
1225,2024-02-01,40
1225,2024-03-01,40
1225,2024-04-01,37
1225,2024-05-01,34
1225,2024-06-01,33
1225,2024-07-01,31
1225,2024-08-01,29
1225,2024-09-01,29
1225,2024-10-01,26
1225,2024-11-01,24
1225,2024-12-01,24
1225,2025-01-01,21
1225,2025-02-01,21
1225,2025-03-01,20
1225,2025-04-01,20
1225,2025-05-01,19
1225,2025-06-01,16
1225,2025-07-01,13
1225,2025-08-01,10
1225,2025-09-01,10
1225,2025-10-01,7
1225,2025-11-01,4
1225,2025-12-01,3
1226,2024-01-01,52
1226,2024-02-01,49
1226,2024-03-01,47
1226,2024-04-01,44
1226,2024-05-01,44
1226,2024-06-01,43
1226,2024-07-01,40
1226,2024-08-01,40
1226,2024-09-01,39
1226,2024-10-01,38
1226,2024-11-01,38
1226,2024-12-01,38
1226,2025-01-01,36
1226,2025-02-01,34
1226,2025-03-01,31
1226,2025-04-01,29
1226,2025-05-01,29
1226,2025-06-01,27
1226,2025-07-01,26
1226,2025-08-01,26
1226,2025-09-01,23
1226,2025-10-01,22
1226,2025-11-01,21
1226,2025-12-01,20
1227,2024-01-01,29
1227,2024-02-01,27
1227,2024-03-01,25
1227,2024-04-01,23
1227,2024-05-01,21
1227,2024-06-01,20
1227,2024-07-01,20
1227,2024-08-01,18
1227,2024-09-01,17
1227,2024-10-01,17
1227,2024-11-01,17
1227,2024-12-01,17
1227,2025-01-01,16
1227,2025-02-01,14
1227,2025-03-01,14
1227,2025-04-01,13
1227,2025-05-01,13
1227,2025-06-01,10
1227,2025-07-01,7
1227,2025-08-01,6
1227,2025-09-01,4
1227,2025-10-01,2
1227,2025-11-01,2
1227,2025-12-01,1
1228,2024-01-01,39
1228,2024-02-01,38
1228,2024-03-01,35
1228,2024-04-01,34
1228,2024-05-01,34
1228,2024-06-01,31
1228,2024-07-01,30
1228,2024-08-01,28
1228,2024-09-01,27
1228,2024-10-01,25
1228,2024-11-01,25
1228,2024-12-01,23
1228,2025-01-01,22
1228,2025-02-01,19
1228,2025-03-01,18
1228,2025-04-01,15
1228,2025-05-01,14
1228,2025-06-01,13
1228,2025-07-01,13
1228,2025-08-01,11
1228,2025-09-01,10
1228,2025-10-01,7
1228,2025-11-01,5
1228,2025-12-01,5
1229,2024-01-01,25
1229,2024-02-01,22
1229,2024-03-01,19
1229,2024-04-01,17
1229,2024-05-01,14
1229,2024-06-01,13
1229,2024-07-01,10
1229,2024-08-01,7
1229,2024-09-01,4
1229,2024-10-01,3
1229,2024-11-01,3
1229,2024-12-01,1
1229,2025-01-01,1
1229,2025-02-01,1
1229,2025-03-01,1
1229,2025-04-01,1
1229,2025-05-01,1
1229,2025-06-01,1
1229,2025-07-01,1
1229,2025-08-01,1
1229,2025-09-01,1
1229,2025-10-01,1
1229,2025-11-01,1
1229,2025-12-01,1
1230,2024-01-01,32
1230,2024-02-01,32
1230,2024-03-01,31
1230,2024-04-01,29
1230,2024-05-01,29
1230,2024-06-01,27
1230,2024-07-01,26
1230,2024-08-01,26
1230,2024-09-01,24
1230,2024-10-01,23
1230,2024-11-01,23
1230,2024-12-01,23
1230,2025-01-01,23
1230,2025-02-01,20
1230,2025-03-01,20
1230,2025-04-01,18
1230,2025-05-01,18
1230,2025-06-01,18
1230,2025-07-01,18
1230,2025-08-01,18
1230,2025-09-01,18
1230,2025-10-01,15
1230,2025-11-01,14
1230,2025-12-01,11
1231,2024-01-01,49
1231,2024-02-01,47
1231,2024-03-01,47
1231,2024-04-01,45
1231,2024-05-01,42
1231,2024-06-01,39
1231,2024-07-01,39
1231,2024-08-01,39
1231,2024-09-01,38
1231,2024-10-01,35
1231,2024-11-01,32
1231,2024-12-01,31
1231,2025-01-01,28
1231,2025-02-01,27
1231,2025-03-01,24
1231,2025-04-01,22
1231,2025-05-01,20
1231,2025-06-01,19
1231,2025-07-01,18
1231,2025-08-01,18
1231,2025-09-01,15
1231,2025-10-01,13
1231,2025-11-01,13
1231,2025-12-01,10
1232,2024-01-01,59
1232,2024-02-01,58
1232,2024-03-01,56
1232,2024-04-01,54
1232,2024-05-01,54
1232,2024-06-01,51
1232,2024-07-01,50
1232,2024-08-01,49
1232,2024-09-01,46
1232,2024-10-01,43
1232,2024-11-01,42
1232,2024-12-01,39
1232,2025-01-01,39
1232,2025-02-01,36
1232,2025-03-01,36
1232,2025-04-01,36
1232,2025-05-01,33
1232,2025-06-01,31
1232,2025-07-01,29
1232,2025-08-01,29
1232,2025-09-01,26
1232,2025-10-01,26
1232,2025-11-01,23
1232,2025-12-01,20
1233,2024-01-01,27
1233,2024-02-01,25
1233,2024-03-01,24
1233,2024-04-01,23
1233,2024-05-01,22
1233,2024-06-01,22
1233,2024-07-01,22
1233,2024-08-01,22
1233,2024-09-01,22
1233,2024-10-01,22
1233,2024-11-01,20
1233,2024-12-01,18
1233,2025-01-01,15
1233,2025-02-01,13
1233,2025-03-01,12
1233,2025-04-01,10
1233,2025-05-01,9
1233,2025-06-01,7
1233,2025-07-01,7
1233,2025-08-01,5
1233,2025-09-01,2
1233,2025-10-01,2
1233,2025-11-01,2
1233,2025-12-01,1
1234,2024-01-01,32
1234,2024-02-01,29
1234,2024-03-01,29
1234,2024-04-01,26
1234,2024-05-01,25
1234,2024-06-01,24
1234,2024-07-01,22
1234,2024-08-01,22
1234,2024-09-01,21
1234,2024-10-01,18
1234,2024-11-01,16
1234,2024-12-01,14
1234,2025-01-01,14
1234,2025-02-01,13
1234,2025-03-01,11
1234,2025-04-01,8
1234,2025-05-01,7
1234,2025-06-01,5
1234,2025-07-01,3
1234,2025-08-01,2
1234,2025-09-01,1
1234,2025-10-01,1
1234,2025-11-01,1
1234,2025-12-01,1
1235,2024-01-01,17
1235,2024-02-01,14
1235,2024-03-01,14
1235,2024-04-01,13
1235,2024-05-01,10
1235,2024-06-01,10
1235,2024-07-01,9
1235,2024-08-01,7
1235,2024-09-01,6
1235,2024-10-01,6
1235,2024-11-01,3
1235,2024-12-01,2
1235,2025-01-01,1
1235,2025-02-01,1
1235,2025-03-01,1
1235,2025-04-01,1
1235,2025-05-01,1
1235,2025-06-01,1
1235,2025-07-01,1
1235,2025-08-01,1
1235,2025-09-01,1
1235,2025-10-01,1
1235,2025-11-01,1
1235,2025-12-01,1
1236,2024-01-01,70
1236,2024-02-01,67
1236,2024-03-01,64
1236,2024-04-01,63
1236,2024-05-01,60
1236,2024-06-01,58
1236,2024-07-01,55
1236,2024-08-01,55
1236,2024-09-01,54
1236,2024-10-01,52
1236,2024-11-01,52
1236,2024-12-01,50
1236,2025-01-01,49
1236,2025-02-01,46
1236,2025-03-01,45
1236,2025-04-01,44
1236,2025-05-01,41
1236,2025-06-01,41
1236,2025-07-01,39
1236,2025-08-01,39
1236,2025-09-01,36
1236,2025-10-01,34
1236,2025-11-01,31
1236,2025-12-01,31
1237,2024-01-01,59
1237,2024-02-01,56
1237,2024-03-01,54
1237,2024-04-01,52
1237,2024-05-01,52
1237,2024-06-01,51
1237,2024-07-01,49
1237,2024-08-01,49
1237,2024-09-01,47
1237,2024-10-01,46
1237,2024-11-01,44
1237,2024-12-01,43
1237,2025-01-01,43
1237,2025-02-01,43
1237,2025-03-01,42
1237,2025-04-01,41
1237,2025-05-01,41
1237,2025-06-01,40
1237,2025-07-01,39
1237,2025-08-01,36
1237,2025-09-01,34
1237,2025-10-01,34
1237,2025-11-01,34
1237,2025-12-01,31
1238,2024-01-01,24
1238,2024-02-01,23
1238,2024-03-01,23
1238,2024-04-01,20
1238,2024-05-01,18
1238,2024-06-01,15
1238,2024-07-01,15
1238,2024-08-01,13
1238,2024-09-01,12
1238,2024-10-01,9
1238,2024-11-01,6
1238,2024-12-01,6
1238,2025-01-01,3
1238,2025-02-01,1
1238,2025-03-01,1
1238,2025-04-01,1
1238,2025-05-01,1
1238,2025-06-01,1
1238,2025-07-01,1
1238,2025-08-01,1
1238,2025-09-01,1
1238,2025-10-01,1
1238,2025-11-01,1
1238,2025-12-01,1
1239,2024-01-01,36
1239,2024-02-01,34
1239,2024-03-01,34
1239,2024-04-01,31
1239,2024-05-01,31
1239,2024-06-01,28
1239,2024-07-01,27
1239,2024-08-01,24
1239,2024-09-01,23
1239,2024-10-01,20
1239,2024-11-01,17
1239,2024-12-01,14
1239,2025-01-01,11
1239,2025-02-01,8
1239,2025-03-01,8
1239,2025-04-01,7
1239,2025-05-01,6
1239,2025-06-01,3
1239,2025-07-01,3
1239,2025-08-01,3
1239,2025-09-01,1
1239,2025-10-01,1
1239,2025-11-01,1
1239,2025-12-01,1
1240,2024-01-01,57
1240,2024-02-01,55
1240,2024-03-01,55
1240,2024-04-01,53
1240,2024-05-01,53
1240,2024-06-01,50
1240,2024-07-01,49
1240,2024-08-01,47
1240,2024-09-01,44
1240,2024-10-01,44
1240,2024-11-01,41
1240,2024-12-01,40
1240,2025-01-01,38
1240,2025-02-01,36
1240,2025-03-01,36
1240,2025-04-01,35
1240,2025-05-01,32
1240,2025-06-01,32
1240,2025-07-01,30
1240,2025-08-01,27
1240,2025-09-01,27
1240,2025-10-01,24
1240,2025-11-01,21
1240,2025-12-01,21
1241,2024-01-01,72
1241,2024-02-01,71
1241,2024-03-01,70
1241,2024-04-01,68
1241,2024-05-01,67
1241,2024-06-01,67
1241,2024-07-01,64
1241,2024-08-01,62
1241,2024-09-01,61
1241,2024-10-01,58
1241,2024-11-01,58
1241,2024-12-01,55
1241,2025-01-01,55
1241,2025-02-01,52
1241,2025-03-01,50
1241,2025-04-01,48
1241,2025-05-01,47
1241,2025-06-01,46
1241,2025-07-01,43
1241,2025-08-01,40
1241,2025-09-01,39
1241,2025-10-01,38
1241,2025-11-01,35
1241,2025-12-01,32
1242,2024-01-01,53
1242,2024-02-01,53
1242,2024-03-01,53
1242,2024-04-01,52
1242,2024-05-01,50
1242,2024-06-01,47
1242,2024-07-01,44
1242,2024-08-01,43
1242,2024-09-01,42
1242,2024-10-01,40
1242,2024-11-01,40
1242,2024-12-01,40
1242,2025-01-01,37
1242,2025-02-01,36
1242,2025-03-01,34
1242,2025-04-01,31
1242,2025-05-01,31
1242,2025-06-01,31
1242,2025-07-01,29
1242,2025-08-01,26
1242,2025-09-01,24
1242,2025-10-01,21
1242,2025-11-01,21
1242,2025-12-01,20
1243,2024-01-01,33
1243,2024-02-01,32
1243,2024-03-01,31
1243,2024-04-01,28
1243,2024-05-01,26
1243,2024-06-01,23
1243,2024-07-01,21
1243,2024-08-01,19
1243,2024-09-01,18
1243,2024-10-01,16
1243,2024-11-01,14
1243,2024-12-01,14
1243,2025-01-01,12
1243,2025-02-01,12
1243,2025-03-01,9
1243,2025-04-01,8
1243,2025-05-01,6
1243,2025-06-01,6
1243,2025-07-01,3
1243,2025-08-01,1
1243,2025-09-01,1
1243,2025-10-01,1
1243,2025-11-01,1
1243,2025-12-01,1
1244,2024-01-01,27
1244,2024-02-01,26
1244,2024-03-01,26
1244,2024-04-01,25
1244,2024-05-01,22
1244,2024-06-01,19
1244,2024-07-01,18
1244,2024-08-01,15
1244,2024-09-01,15
1244,2024-10-01,12
1244,2024-11-01,10
1244,2024-12-01,8
1244,2025-01-01,5
1244,2025-02-01,4
1244,2025-03-01,1
1244,2025-04-01,1
1244,2025-05-01,1
1244,2025-06-01,1
1244,2025-07-01,1
1244,2025-08-01,1
1244,2025-09-01,1
1244,2025-10-01,1
1244,2025-11-01,1
1244,2025-12-01,1
1245,2024-01-01,44
1245,2024-02-01,43
1245,2024-03-01,42
1245,2024-04-01,40
1245,2024-05-01,39
1245,2024-06-01,39
1245,2024-07-01,38
1245,2024-08-01,35
1245,2024-09-01,34
1245,2024-10-01,31
1245,2024-11-01,29
1245,2024-12-01,26
1245,2025-01-01,26
1245,2025-02-01,24
1245,2025-03-01,22
1245,2025-04-01,20
1245,2025-05-01,20
1245,2025-06-01,17
1245,2025-07-01,15
1245,2025-08-01,15
1245,2025-09-01,13
1245,2025-10-01,11
1245,2025-11-01,11
1245,2025-12-01,10
1246,2024-01-01,21
1246,2024-02-01,19
1246,2024-03-01,18
1246,2024-04-01,15
1246,2024-05-01,14
1246,2024-06-01,13
1246,2024-07-01,12
1246,2024-08-01,11
1246,2024-09-01,8
1246,2024-10-01,8
1246,2024-11-01,7
1246,2024-12-01,7
1246,2025-01-01,5
1246,2025-02-01,5
1246,2025-03-01,4
1246,2025-04-01,4
1246,2025-05-01,1
1246,2025-06-01,1
1246,2025-07-01,1
1246,2025-08-01,1
1246,2025-09-01,1
1246,2025-10-01,1
1246,2025-11-01,1
1246,2025-12-01,1
1247,2024-01-01,21
1247,2024-02-01,21
1247,2024-03-01,21
1247,2024-04-01,21
1247,2024-05-01,21
1247,2024-06-01,20
1247,2024-07-01,17
1247,2024-08-01,15
1247,2024-09-01,12
1247,2024-10-01,12
1247,2024-11-01,9
1247,2024-12-01,6
1247,2025-01-01,5
1247,2025-02-01,3
1247,2025-03-01,1
1247,2025-04-01,1
1247,2025-05-01,1
1247,2025-06-01,1
1247,2025-07-01,1
1247,2025-08-01,1
1247,2025-09-01,1
1247,2025-10-01,1
1247,2025-11-01,1
1247,2025-12-01,1
1248,2024-01-01,73
1248,2024-02-01,70
1248,2024-03-01,68
1248,2024-04-01,65
1248,2024-05-01,63
1248,2024-06-01,63
1248,2024-07-01,61
1248,2024-08-01,58
1248,2024-09-01,58
1248,2024-10-01,57
1248,2024-11-01,54
1248,2024-12-01,53
1248,2025-01-01,52
1248,2025-02-01,49
1248,2025-03-01,48
1248,2025-04-01,45
1248,2025-05-01,42
1248,2025-06-01,40
1248,2025-07-01,40
1248,2025-08-01,39
1248,2025-09-01,38
1248,2025-10-01,38
1248,2025-11-01,38
1248,2025-12-01,38
1249,2024-01-01,60
1249,2024-02-01,58
1249,2024-03-01,55
1249,2024-04-01,55
1249,2024-05-01,53
1249,2024-06-01,53
1249,2024-07-01,53
1249,2024-08-01,52
1249,2024-09-01,51
1249,2024-10-01,50
1249,2024-11-01,49
1249,2024-12-01,46
1249,2025-01-01,43
1249,2025-02-01,42
1249,2025-03-01,41
1249,2025-04-01,41
1249,2025-05-01,41
1249,2025-06-01,40
1249,2025-07-01,39
1249,2025-08-01,38
1249,2025-09-01,38
1249,2025-10-01,37
1249,2025-11-01,36
1249,2025-12-01,33
1250,2024-01-01,55
1250,2024-02-01,52
1250,2024-03-01,52
1250,2024-04-01,50
1250,2024-05-01,49
1250,2024-06-01,49
1250,2024-07-01,46
1250,2024-08-01,44
1250,2024-09-01,41
1250,2024-10-01,41
1250,2024-11-01,39
1250,2024-12-01,36
1250,2025-01-01,34
1250,2025-02-01,33
1250,2025-03-01,32
1250,2025-04-01,30
1250,2025-05-01,27
1250,2025-06-01,24
1250,2025-07-01,21
1250,2025-08-01,20
1250,2025-09-01,20
1250,2025-10-01,20
1250,2025-11-01,18
1250,2025-12-01,15
1251,2024-01-01,38
1251,2024-02-01,38
1251,2024-03-01,35
1251,2024-04-01,33
1251,2024-05-01,30
1251,2024-06-01,30
1251,2024-07-01,30
1251,2024-08-01,27
1251,2024-09-01,25
1251,2024-10-01,24
1251,2024-11-01,21
1251,2024-12-01,21
1251,2025-01-01,20
1251,2025-02-01,17
1251,2025-03-01,16
1251,2025-04-01,13
1251,2025-05-01,13
1251,2025-06-01,10
1251,2025-07-01,9
1251,2025-08-01,7
1251,2025-09-01,7
1251,2025-10-01,7
1251,2025-11-01,6
1251,2025-12-01,3
1252,2024-01-01,56
1252,2024-02-01,56
1252,2024-03-01,56
1252,2024-04-01,55
1252,2024-05-01,52
1252,2024-06-01,49
1252,2024-07-01,48
1252,2024-08-01,48
1252,2024-09-01,48
1252,2024-10-01,46
1252,2024-11-01,44
1252,2024-12-01,41
1252,2025-01-01,41
1252,2025-02-01,38
1252,2025-03-01,38
1252,2025-04-01,36
1252,2025-05-01,35
1252,2025-06-01,35
1252,2025-07-01,33
1252,2025-08-01,31
1252,2025-09-01,31
1252,2025-10-01,28
1252,2025-11-01,28
1252,2025-12-01,26
1253,2024-01-01,39
1253,2024-02-01,36
1253,2024-03-01,36
1253,2024-04-01,34
1253,2024-05-01,32
1253,2024-06-01,29
1253,2024-07-01,29
1253,2024-08-01,27
1253,2024-09-01,24
1253,2024-10-01,23
1253,2024-11-01,20
1253,2024-12-01,20
1253,2025-01-01,20
1253,2025-02-01,18
1253,2025-03-01,17
1253,2025-04-01,17
1253,2025-05-01,15
1253,2025-06-01,12
1253,2025-07-01,9
1253,2025-08-01,9
1253,2025-09-01,8
1253,2025-10-01,6
1253,2025-11-01,6
1253,2025-12-01,4
1254,2024-01-01,57
1254,2024-02-01,54
1254,2024-03-01,53
1254,2024-04-01,52
1254,2024-05-01,49
1254,2024-06-01,49
1254,2024-07-01,46
1254,2024-08-01,44
1254,2024-09-01,42
1254,2024-10-01,40
1254,2024-11-01,40
1254,2024-12-01,39
1254,2025-01-01,38
1254,2025-02-01,36
1254,2025-03-01,36
1254,2025-04-01,34
1254,2025-05-01,33
1254,2025-06-01,30
1254,2025-07-01,28
1254,2025-08-01,26
1254,2025-09-01,24
1254,2025-10-01,23
1254,2025-11-01,23
1254,2025-12-01,20
1255,2024-01-01,24
1255,2024-02-01,22
1255,2024-03-01,21
1255,2024-04-01,18
1255,2024-05-01,16
1255,2024-06-01,16
1255,2024-07-01,14
1255,2024-08-01,11
1255,2024-09-01,8
1255,2024-10-01,8
1255,2024-11-01,7
1255,2024-12-01,7
1255,2025-01-01,7
1255,2025-02-01,4
1255,2025-03-01,1
1255,2025-04-01,1
1255,2025-05-01,1
1255,2025-06-01,1
1255,2025-07-01,1
1255,2025-08-01,1
1255,2025-09-01,1
1255,2025-10-01,1
1255,2025-11-01,1
1255,2025-12-01,1
1256,2024-01-01,57
1256,2024-02-01,57
1256,2024-03-01,57
1256,2024-04-01,57
1256,2024-05-01,56
1256,2024-06-01,53
1256,2024-07-01,50
1256,2024-08-01,47
1256,2024-09-01,47
1256,2024-10-01,44
1256,2024-11-01,41
1256,2024-12-01,38
1256,2025-01-01,37
1256,2025-02-01,36
1256,2025-03-01,36
1256,2025-04-01,33
1256,2025-05-01,33
1256,2025-06-01,33
1256,2025-07-01,33
1256,2025-08-01,33
1256,2025-09-01,33
1256,2025-10-01,33
1256,2025-11-01,32
1256,2025-12-01,30
1257,2024-01-01,61
1257,2024-02-01,59
1257,2024-03-01,57
1257,2024-04-01,54
1257,2024-05-01,54
1257,2024-06-01,54
1257,2024-07-01,53
1257,2024-08-01,51
1257,2024-09-01,49
1257,2024-10-01,49
1257,2024-11-01,46
1257,2024-12-01,46
1257,2025-01-01,44
1257,2025-02-01,41
1257,2025-03-01,38
1257,2025-04-01,36
1257,2025-05-01,36
1257,2025-06-01,36
1257,2025-07-01,36
1257,2025-08-01,35
1257,2025-09-01,34
1257,2025-10-01,31
1257,2025-11-01,31
1257,2025-12-01,30
1258,2024-01-01,77
1258,2024-02-01,75
1258,2024-03-01,75
1258,2024-04-01,73
1258,2024-05-01,71
1258,2024-06-01,69
1258,2024-07-01,66
1258,2024-08-01,64
1258,2024-09-01,62
1258,2024-10-01,59
1258,2024-11-01,58
1258,2024-12-01,55
1258,2025-01-01,54
1258,2025-02-01,51
1258,2025-03-01,51
1258,2025-04-01,49
1258,2025-05-01,48
1258,2025-06-01,45
1258,2025-07-01,44
1258,2025-08-01,43
1258,2025-09-01,41
1258,2025-10-01,40
1258,2025-11-01,37
1258,2025-12-01,37
1259,2024-01-01,22
1259,2024-02-01,19
1259,2024-03-01,16
1259,2024-04-01,16
1259,2024-05-01,13
1259,2024-06-01,12
1259,2024-07-01,10
1259,2024-08-01,10
1259,2024-09-01,8
1259,2024-10-01,7
1259,2024-11-01,7
1259,2024-12-01,4
1259,2025-01-01,1
1259,2025-02-01,1
1259,2025-03-01,1
1259,2025-04-01,1
1259,2025-05-01,1
1259,2025-06-01,1
1259,2025-07-01,1
1259,2025-08-01,1
1259,2025-09-01,1
1259,2025-10-01,1
1259,2025-11-01,1
1259,2025-12-01,1
1260,2024-01-01,78
1260,2024-02-01,75
1260,2024-03-01,73
1260,2024-04-01,71
1260,2024-05-01,70
1260,2024-06-01,68
1260,2024-07-01,68
1260,2024-08-01,66
1260,2024-09-01,65
1260,2024-10-01,63
1260,2024-11-01,62
1260,2024-12-01,60
1260,2025-01-01,57
1260,2025-02-01,56
1260,2025-03-01,54
1260,2025-04-01,54
1260,2025-05-01,53
1260,2025-06-01,52
1260,2025-07-01,50
1260,2025-08-01,47
1260,2025-09-01,44
1260,2025-10-01,42
1260,2025-11-01,40
1260,2025-12-01,40
1261,2024-01-01,23
1261,2024-02-01,23
1261,2024-03-01,21
1261,2024-04-01,19
1261,2024-05-01,18
1261,2024-06-01,15
1261,2024-07-01,13
1261,2024-08-01,13
1261,2024-09-01,11
1261,2024-10-01,9
1261,2024-11-01,8
1261,2024-12-01,5
1261,2025-01-01,2
1261,2025-02-01,1
1261,2025-03-01,1
1261,2025-04-01,1
1261,2025-05-01,1
1261,2025-06-01,1
1261,2025-07-01,1
1261,2025-08-01,1
1261,2025-09-01,1
1261,2025-10-01,1
1261,2025-11-01,1
1261,2025-12-01,1
1262,2024-01-01,51
1262,2024-02-01,50
1262,2024-03-01,48
1262,2024-04-01,48
1262,2024-05-01,48
1262,2024-06-01,45
1262,2024-07-01,42
1262,2024-08-01,40
1262,2024-09-01,38
1262,2024-10-01,36
1262,2024-11-01,34
1262,2024-12-01,34
1262,2025-01-01,32
1262,2025-02-01,30
1262,2025-03-01,30
1262,2025-04-01,27
1262,2025-05-01,25
1262,2025-06-01,22
1262,2025-07-01,22
1262,2025-08-01,19
1262,2025-09-01,19
1262,2025-10-01,17
1262,2025-11-01,14
1262,2025-12-01,12
1263,2024-01-01,20
1263,2024-02-01,17
1263,2024-03-01,17
1263,2024-04-01,14
1263,2024-05-01,14
1263,2024-06-01,13
1263,2024-07-01,13
1263,2024-08-01,12
1263,2024-09-01,9
1263,2024-10-01,7
1263,2024-11-01,5
1263,2024-12-01,3
1263,2025-01-01,3
1263,2025-02-01,1
1263,2025-03-01,1
1263,2025-04-01,1
1263,2025-05-01,1
1263,2025-06-01,1
1263,2025-07-01,1
1263,2025-08-01,1
1263,2025-09-01,1
1263,2025-10-01,1
1263,2025-11-01,1
1263,2025-12-01,1
1264,2024-01-01,20
1264,2024-02-01,20
1264,2024-03-01,20
1264,2024-04-01,17
1264,2024-05-01,16
1264,2024-06-01,15
1264,2024-07-01,15
1264,2024-08-01,12
1264,2024-09-01,9
1264,2024-10-01,9
1264,2024-11-01,8
1264,2024-12-01,5
1264,2025-01-01,2
1264,2025-02-01,1
1264,2025-03-01,1
1264,2025-04-01,1
1264,2025-05-01,1
1264,2025-06-01,1
1264,2025-07-01,1
1264,2025-08-01,1
1264,2025-09-01,1
1264,2025-10-01,1
1264,2025-11-01,1
1264,2025-12-01,1
1265,2024-01-01,49
1265,2024-02-01,47
1265,2024-03-01,47
1265,2024-04-01,45
1265,2024-05-01,42
1265,2024-06-01,41
1265,2024-07-01,39
1265,2024-08-01,36
1265,2024-09-01,34
1265,2024-10-01,31
1265,2024-11-01,28
1265,2024-12-01,26
1265,2025-01-01,26
1265,2025-02-01,25
1265,2025-03-01,25
1265,2025-04-01,23
1265,2025-05-01,20
1265,2025-06-01,18
1265,2025-07-01,15
1265,2025-08-01,12
1265,2025-09-01,12
1265,2025-10-01,12
1265,2025-11-01,10
1265,2025-12-01,9
1266,2024-01-01,37
1266,2024-02-01,35
1266,2024-03-01,33
1266,2024-04-01,32
1266,2024-05-01,30
1266,2024-06-01,30
1266,2024-07-01,27
1266,2024-08-01,25
1266,2024-09-01,23
1266,2024-10-01,20
1266,2024-11-01,18
1266,2024-12-01,16
1266,2025-01-01,15
1266,2025-02-01,15
1266,2025-03-01,13
1266,2025-04-01,13
1266,2025-05-01,12
1266,2025-06-01,12
1266,2025-07-01,11
1266,2025-08-01,11
1266,2025-09-01,11
1266,2025-10-01,9
1266,2025-11-01,9
1266,2025-12-01,7
1267,2024-01-01,42
1267,2024-02-01,40
1267,2024-03-01,40
1267,2024-04-01,37
1267,2024-05-01,35
1267,2024-06-01,32
1267,2024-07-01,29
1267,2024-08-01,27
1267,2024-09-01,26
1267,2024-10-01,25
1267,2024-11-01,22
1267,2024-12-01,19
1267,2025-01-01,19
1267,2025-02-01,16
1267,2025-03-01,14
1267,2025-04-01,13
1267,2025-05-01,12
1267,2025-06-01,11
1267,2025-07-01,9
1267,2025-08-01,9
1267,2025-09-01,7
1267,2025-10-01,5
1267,2025-11-01,4
1267,2025-12-01,2
1268,2024-01-01,53
1268,2024-02-01,52
1268,2024-03-01,51
1268,2024-04-01,49
1268,2024-05-01,46
1268,2024-06-01,43
1268,2024-07-01,42
1268,2024-08-01,39
1268,2024-09-01,36
1268,2024-10-01,36
1268,2024-11-01,36
1268,2024-12-01,33
1268,2025-01-01,30
1268,2025-02-01,30
1268,2025-03-01,30
1268,2025-04-01,30
1268,2025-05-01,29
1268,2025-06-01,28
1268,2025-07-01,28
1268,2025-08-01,28
1268,2025-09-01,28
1268,2025-10-01,27
1268,2025-11-01,26
1268,2025-12-01,23
1269,2024-01-01,67
1269,2024-02-01,65
1269,2024-03-01,63
1269,2024-04-01,61
1269,2024-05-01,58
1269,2024-06-01,57
1269,2024-07-01,56
1269,2024-08-01,55
1269,2024-09-01,54
1269,2024-10-01,51
1269,2024-11-01,51
1269,2024-12-01,49
1269,2025-01-01,48
1269,2025-02-01,47
1269,2025-03-01,44
1269,2025-04-01,42
1269,2025-05-01,41
1269,2025-06-01,41
1269,2025-07-01,40
1269,2025-08-01,38
1269,2025-09-01,38
1269,2025-10-01,35
1269,2025-11-01,35
1269,2025-12-01,33
1270,2024-01-01,70
1270,2024-02-01,69
1270,2024-03-01,67
1270,2024-04-01,67
1270,2024-05-01,65
1270,2024-06-01,64
1270,2024-07-01,63
1270,2024-08-01,63
1270,2024-09-01,60
1270,2024-10-01,57
1270,2024-11-01,56
1270,2024-12-01,53
1270,2025-01-01,52
1270,2025-02-01,49
1270,2025-03-01,48
1270,2025-04-01,46
1270,2025-05-01,46
1270,2025-06-01,46
1270,2025-07-01,43
1270,2025-08-01,43
1270,2025-09-01,40
1270,2025-10-01,39
1270,2025-11-01,37
1270,2025-12-01,37
1271,2024-01-01,54
1271,2024-02-01,53
1271,2024-03-01,53
1271,2024-04-01,53
1271,2024-05-01,52
1271,2024-06-01,49
1271,2024-07-01,46
1271,2024-08-01,45
1271,2024-09-01,42
1271,2024-10-01,42
1271,2024-11-01,40
1271,2024-12-01,39
1271,2025-01-01,39
1271,2025-02-01,38
1271,2025-03-01,36
1271,2025-04-01,36
1271,2025-05-01,36
1271,2025-06-01,34
1271,2025-07-01,32
1271,2025-08-01,29
1271,2025-09-01,29
1271,2025-10-01,27
1271,2025-11-01,25
1271,2025-12-01,25
1272,2024-01-01,22
1272,2024-02-01,19
1272,2024-03-01,17
1272,2024-04-01,16
1272,2024-05-01,15
1272,2024-06-01,12
1272,2024-07-01,11
1272,2024-08-01,9
1272,2024-09-01,9
1272,2024-10-01,9
1272,2024-11-01,9
1272,2024-12-01,6
1272,2025-01-01,6
1272,2025-02-01,6
1272,2025-03-01,6
1272,2025-04-01,5
1272,2025-05-01,4
1272,2025-06-01,3
1272,2025-07-01,1
1272,2025-08-01,1
1272,2025-09-01,1
1272,2025-10-01,1
1272,2025-11-01,1
1272,2025-12-01,1
1273,2024-01-01,66
1273,2024-02-01,66
1273,2024-03-01,65
1273,2024-04-01,65
1273,2024-05-01,63
1273,2024-06-01,63
1273,2024-07-01,63
1273,2024-08-01,60
1273,2024-09-01,59
1273,2024-10-01,59
1273,2024-11-01,56
1273,2024-12-01,53
1273,2025-01-01,50
1273,2025-02-01,48
1273,2025-03-01,46
1273,2025-04-01,46
1273,2025-05-01,45
1273,2025-06-01,43
1273,2025-07-01,41
1273,2025-08-01,41
1273,2025-09-01,41
1273,2025-10-01,39
1273,2025-11-01,39
1273,2025-12-01,36
1274,2024-01-01,29
1274,2024-02-01,27
1274,2024-03-01,26
1274,2024-04-01,23
1274,2024-05-01,22
1274,2024-06-01,20
1274,2024-07-01,20
1274,2024-08-01,17
1274,2024-09-01,14
1274,2024-10-01,12
1274,2024-11-01,10
1274,2024-12-01,10
1274,2025-01-01,9
1274,2025-02-01,6
1274,2025-03-01,5
1274,2025-04-01,2
1274,2025-05-01,1
1274,2025-06-01,1
1274,2025-07-01,1
1274,2025-08-01,1
1274,2025-09-01,1
1274,2025-10-01,1
1274,2025-11-01,1
1274,2025-12-01,1
1275,2024-01-01,23
1275,2024-02-01,22
1275,2024-03-01,21
1275,2024-04-01,21
1275,2024-05-01,18
1275,2024-06-01,18
1275,2024-07-01,15
1275,2024-08-01,14
1275,2024-09-01,11
1275,2024-10-01,9
1275,2024-11-01,8
1275,2024-12-01,6
1275,2025-01-01,5
1275,2025-02-01,4
1275,2025-03-01,2
1275,2025-04-01,2
1275,2025-05-01,1
1275,2025-06-01,1
1275,2025-07-01,1
1275,2025-08-01,1
1275,2025-09-01,1
1275,2025-10-01,1
1275,2025-11-01,1
1275,2025-12-01,1
1276,2024-01-01,59
1276,2024-02-01,56
1276,2024-03-01,54
1276,2024-04-01,53
1276,2024-05-01,52
1276,2024-06-01,52
1276,2024-07-01,49
1276,2024-08-01,49
1276,2024-09-01,46
1276,2024-10-01,43
1276,2024-11-01,43
1276,2024-12-01,41
1276,2025-01-01,38
1276,2025-02-01,36
1276,2025-03-01,36
1276,2025-04-01,34
1276,2025-05-01,31
1276,2025-06-01,31
1276,2025-07-01,29
1276,2025-08-01,29
1276,2025-09-01,29
1276,2025-10-01,27
1276,2025-11-01,24
1276,2025-12-01,21
1277,2024-01-01,52
1277,2024-02-01,51
1277,2024-03-01,51
1277,2024-04-01,51
1277,2024-05-01,50
1277,2024-06-01,50
1277,2024-07-01,50
1277,2024-08-01,48
1277,2024-09-01,47
1277,2024-10-01,47
1277,2024-11-01,47
1277,2024-12-01,46
1277,2025-01-01,45
1277,2025-02-01,43
1277,2025-03-01,41
1277,2025-04-01,38
1277,2025-05-01,35
1277,2025-06-01,33
1277,2025-07-01,33
1277,2025-08-01,32
1277,2025-09-01,30
1277,2025-10-01,27
1277,2025-11-01,26
1277,2025-12-01,23
1278,2024-01-01,72
1278,2024-02-01,69
1278,2024-03-01,68
1278,2024-04-01,65
1278,2024-05-01,64
1278,2024-06-01,62
1278,2024-07-01,59
1278,2024-08-01,56
1278,2024-09-01,55
1278,2024-10-01,53
1278,2024-11-01,52
1278,2024-12-01,51
1278,2025-01-01,48
1278,2025-02-01,45
1278,2025-03-01,44
1278,2025-04-01,44
1278,2025-05-01,44
1278,2025-06-01,44
1278,2025-07-01,41
1278,2025-08-01,38
1278,2025-09-01,36
1278,2025-10-01,33
1278,2025-11-01,31
1278,2025-12-01,28
1279,2024-01-01,24
1279,2024-02-01,23
1279,2024-03-01,22
1279,2024-04-01,20
1279,2024-05-01,18
1279,2024-06-01,17
1279,2024-07-01,15
1279,2024-08-01,12
1279,2024-09-01,12
1279,2024-10-01,11
1279,2024-11-01,10
1279,2024-12-01,7
1279,2025-01-01,5
1279,2025-02-01,4
1279,2025-03-01,3
1279,2025-04-01,1
1279,2025-05-01,1
1279,2025-06-01,1
1279,2025-07-01,1
1279,2025-08-01,1
1279,2025-09-01,1
1279,2025-10-01,1
1279,2025-11-01,1
1279,2025-12-01,1
1280,2024-01-01,79
1280,2024-02-01,79
1280,2024-03-01,79
1280,2024-04-01,77
1280,2024-05-01,74
1280,2024-06-01,72
1280,2024-07-01,71
1280,2024-08-01,71
1280,2024-09-01,69
1280,2024-10-01,68
1280,2024-11-01,66
1280,2024-12-01,66
1280,2025-01-01,65
1280,2025-02-01,65
1280,2025-03-01,65
1280,2025-04-01,63
1280,2025-05-01,60
1280,2025-06-01,59
1280,2025-07-01,58
1280,2025-08-01,55
1280,2025-09-01,54
1280,2025-10-01,52
1280,2025-11-01,51
1280,2025-12-01,49
1281,2024-01-01,55
1281,2024-02-01,52
1281,2024-03-01,51
1281,2024-04-01,49
1281,2024-05-01,49
1281,2024-06-01,49
1281,2024-07-01,49
1281,2024-08-01,48
1281,2024-09-01,46
1281,2024-10-01,46
1281,2024-11-01,45
1281,2024-12-01,43
1281,2025-01-01,43
1281,2025-02-01,43
1281,2025-03-01,42
1281,2025-04-01,40
1281,2025-05-01,39
1281,2025-06-01,39
1281,2025-07-01,38
1281,2025-08-01,37
1281,2025-09-01,37
1281,2025-10-01,37
1281,2025-11-01,35
1281,2025-12-01,33
1282,2024-01-01,60
1282,2024-02-01,57
1282,2024-03-01,54
1282,2024-04-01,52
1282,2024-05-01,51
1282,2024-06-01,51
1282,2024-07-01,51
1282,2024-08-01,50
1282,2024-09-01,48
1282,2024-10-01,45
1282,2024-11-01,43
1282,2024-12-01,42
1282,2025-01-01,42
1282,2025-02-01,39
1282,2025-03-01,38
1282,2025-04-01,38
1282,2025-05-01,36
1282,2025-06-01,33
1282,2025-07-01,33
1282,2025-08-01,33
1282,2025-09-01,33
1282,2025-10-01,33
1282,2025-11-01,33
1282,2025-12-01,31
1283,2024-01-01,50
1283,2024-02-01,48
1283,2024-03-01,45
1283,2024-04-01,45
1283,2024-05-01,44
1283,2024-06-01,44
1283,2024-07-01,42
1283,2024-08-01,40
1283,2024-09-01,37
1283,2024-10-01,37
1283,2024-11-01,37
1283,2024-12-01,36
1283,2025-01-01,35
1283,2025-02-01,35
1283,2025-03-01,32
1283,2025-04-01,31
1283,2025-05-01,31
1283,2025-06-01,31
1283,2025-07-01,31
1283,2025-08-01,29
1283,2025-09-01,26
1283,2025-10-01,26
1283,2025-11-01,26
1283,2025-12-01,26
1284,2024-01-01,73
1284,2024-02-01,71
1284,2024-03-01,69
1284,2024-04-01,66
1284,2024-05-01,66
1284,2024-06-01,66
1284,2024-07-01,66
1284,2024-08-01,64
1284,2024-09-01,63
1284,2024-10-01,62
1284,2024-11-01,62
1284,2024-12-01,61
1284,2025-01-01,58
1284,2025-02-01,56
1284,2025-03-01,56
1284,2025-04-01,55
1284,2025-05-01,55
1284,2025-06-01,55
1284,2025-07-01,53
1284,2025-08-01,51
1284,2025-09-01,50
1284,2025-10-01,48
1284,2025-11-01,45
1284,2025-12-01,45
1285,2024-01-01,29
1285,2024-02-01,28
1285,2024-03-01,27
1285,2024-04-01,24
1285,2024-05-01,22
1285,2024-06-01,20
1285,2024-07-01,17
1285,2024-08-01,15
1285,2024-09-01,13
1285,2024-10-01,11
1285,2024-11-01,8
1285,2024-12-01,5
1285,2025-01-01,4
1285,2025-02-01,1
1285,2025-03-01,1
1285,2025-04-01,1
1285,2025-05-01,1
1285,2025-06-01,1
1285,2025-07-01,1
1285,2025-08-01,1
1285,2025-09-01,1
1285,2025-10-01,1
1285,2025-11-01,1
1285,2025-12-01,1
1286,2024-01-01,23
1286,2024-02-01,22
1286,2024-03-01,20
1286,2024-04-01,19
1286,2024-05-01,16
1286,2024-06-01,16
1286,2024-07-01,15
1286,2024-08-01,13
1286,2024-09-01,12
1286,2024-10-01,12
1286,2024-11-01,11
1286,2024-12-01,11
1286,2025-01-01,10
1286,2025-02-01,8
1286,2025-03-01,5
1286,2025-04-01,3
1286,2025-05-01,2
1286,2025-06-01,2
1286,2025-07-01,1
1286,2025-08-01,1
1286,2025-09-01,1
1286,2025-10-01,1
1286,2025-11-01,1
1286,2025-12-01,1
1287,2024-01-01,22
1287,2024-02-01,20
1287,2024-03-01,20
1287,2024-04-01,20
1287,2024-05-01,19
1287,2024-06-01,19
1287,2024-07-01,17
1287,2024-08-01,17
1287,2024-09-01,15
1287,2024-10-01,15
1287,2024-11-01,14
1287,2024-12-01,13
1287,2025-01-01,13
1287,2025-02-01,13
1287,2025-03-01,13
1287,2025-04-01,12
1287,2025-05-01,9
1287,2025-06-01,9
1287,2025-07-01,6
1287,2025-08-01,6
1287,2025-09-01,4
1287,2025-10-01,3
1287,2025-11-01,1
1287,2025-12-01,1
1288,2024-01-01,66
1288,2024-02-01,66
1288,2024-03-01,63
1288,2024-04-01,63
1288,2024-05-01,60
1288,2024-06-01,58
1288,2024-07-01,55
1288,2024-08-01,52
1288,2024-09-01,52
1288,2024-10-01,51
1288,2024-11-01,49
1288,2024-12-01,48
1288,2025-01-01,48
1288,2025-02-01,46
1288,2025-03-01,43
1288,2025-04-01,42
1288,2025-05-01,41
1288,2025-06-01,40
1288,2025-07-01,37
1288,2025-08-01,37
1288,2025-09-01,34
1288,2025-10-01,31
1288,2025-11-01,31
1288,2025-12-01,31
1289,2024-01-01,79
1289,2024-02-01,78
1289,2024-03-01,76
1289,2024-04-01,76
1289,2024-05-01,74
1289,2024-06-01,73
1289,2024-07-01,73
1289,2024-08-01,70
1289,2024-09-01,67
1289,2024-10-01,66
1289,2024-11-01,66
1289,2024-12-01,63
1289,2025-01-01,63
1289,2025-02-01,61
1289,2025-03-01,58
1289,2025-04-01,57
1289,2025-05-01,54
1289,2025-06-01,53
1289,2025-07-01,52
1289,2025-08-01,50
1289,2025-09-01,48
1289,2025-10-01,47
1289,2025-11-01,44
1289,2025-12-01,43
1290,2024-01-01,64
1290,2024-02-01,61
1290,2024-03-01,58
1290,2024-04-01,56
1290,2024-05-01,56
1290,2024-06-01,55
1290,2024-07-01,54
1290,2024-08-01,54
1290,2024-09-01,54
1290,2024-10-01,52
1290,2024-11-01,52
1290,2024-12-01,50
1290,2025-01-01,47
1290,2025-02-01,44
1290,2025-03-01,44
1290,2025-04-01,44
1290,2025-05-01,44
1290,2025-06-01,44
1290,2025-07-01,43
1290,2025-08-01,42
1290,2025-09-01,39
1290,2025-10-01,38
1290,2025-11-01,38
1290,2025-12-01,36
1291,2024-01-01,23
1291,2024-02-01,22
1291,2024-03-01,20
1291,2024-04-01,18
1291,2024-05-01,17
1291,2024-06-01,17
1291,2024-07-01,15
1291,2024-08-01,13
1291,2024-09-01,12
1291,2024-10-01,10
1291,2024-11-01,8
1291,2024-12-01,6
1291,2025-01-01,3
1291,2025-02-01,3
1291,2025-03-01,3
1291,2025-04-01,2
1291,2025-05-01,2
1291,2025-06-01,1
1291,2025-07-01,1
1291,2025-08-01,1
1291,2025-09-01,1
1291,2025-10-01,1
1291,2025-11-01,1
1291,2025-12-01,1
1292,2024-01-01,72
1292,2024-02-01,72
1292,2024-03-01,69
1292,2024-04-01,69
1292,2024-05-01,68
1292,2024-06-01,68
1292,2024-07-01,65
1292,2024-08-01,62
1292,2024-09-01,61
1292,2024-10-01,59
1292,2024-11-01,58
1292,2024-12-01,55
1292,2025-01-01,53
1292,2025-02-01,52
1292,2025-03-01,51
1292,2025-04-01,49
1292,2025-05-01,48
1292,2025-06-01,46
1292,2025-07-01,46
1292,2025-08-01,44
1292,2025-09-01,43
1292,2025-10-01,43
1292,2025-11-01,40
1292,2025-12-01,37
1293,2024-01-01,30
1293,2024-02-01,30
1293,2024-03-01,28
1293,2024-04-01,25
1293,2024-05-01,22
1293,2024-06-01,22
1293,2024-07-01,22
1293,2024-08-01,22
1293,2024-09-01,21
1293,2024-10-01,21
1293,2024-11-01,19
1293,2024-12-01,17
1293,2025-01-01,14
1293,2025-02-01,12
1293,2025-03-01,12
1293,2025-04-01,10
1293,2025-05-01,7
1293,2025-06-01,6
1293,2025-07-01,4
1293,2025-08-01,1
1293,2025-09-01,1
1293,2025-10-01,1
1293,2025-11-01,1
1293,2025-12-01,1
1294,2024-01-01,20
1294,2024-02-01,20
1294,2024-03-01,20
1294,2024-04-01,18
1294,2024-05-01,15
1294,2024-06-01,14
1294,2024-07-01,11
1294,2024-08-01,10
1294,2024-09-01,8
1294,2024-10-01,8
1294,2024-11-01,6
1294,2024-12-01,6
1294,2025-01-01,6
1294,2025-02-01,3
1294,2025-03-01,1
1294,2025-04-01,1
1294,2025-05-01,1
1294,2025-06-01,1
1294,2025-07-01,1
1294,2025-08-01,1
1294,2025-09-01,1
1294,2025-10-01,1
1294,2025-11-01,1
1294,2025-12-01,1
1295,2024-01-01,54
1295,2024-02-01,54
1295,2024-03-01,52
1295,2024-04-01,49
1295,2024-05-01,47
1295,2024-06-01,47
1295,2024-07-01,44
1295,2024-08-01,43
1295,2024-09-01,40
1295,2024-10-01,40
1295,2024-11-01,40
1295,2024-12-01,37
1295,2025-01-01,34
1295,2025-02-01,31
1295,2025-03-01,29
1295,2025-04-01,28
1295,2025-05-01,26
1295,2025-06-01,26
1295,2025-07-01,23
1295,2025-08-01,21
1295,2025-09-01,19
1295,2025-10-01,19
1295,2025-11-01,17
1295,2025-12-01,17
1296,2024-01-01,25
1296,2024-02-01,25
1296,2024-03-01,24
1296,2024-04-01,22
1296,2024-05-01,21
1296,2024-06-01,20
1296,2024-07-01,19
1296,2024-08-01,17
1296,2024-09-01,17
1296,2024-10-01,15
1296,2024-11-01,13
1296,2024-12-01,11
1296,2025-01-01,11
1296,2025-02-01,8
1296,2025-03-01,6
1296,2025-04-01,4
1296,2025-05-01,4
1296,2025-06-01,1
1296,2025-07-01,1
1296,2025-08-01,1
1296,2025-09-01,1
1296,2025-10-01,1
1296,2025-11-01,1
1296,2025-12-01,1
1297,2024-01-01,49
1297,2024-02-01,48
1297,2024-03-01,47
1297,2024-04-01,44
1297,2024-05-01,41
1297,2024-06-01,39
1297,2024-07-01,38
1297,2024-08-01,36
1297,2024-09-01,33
1297,2024-10-01,32
1297,2024-11-01,32
1297,2024-12-01,30
1297,2025-01-01,27
1297,2025-02-01,26
1297,2025-03-01,23
1297,2025-04-01,21
1297,2025-05-01,18
1297,2025-06-01,15
1297,2025-07-01,15
1297,2025-08-01,12
1297,2025-09-01,11
1297,2025-10-01,10
1297,2025-11-01,10
1297,2025-12-01,9
1298,2024-01-01,32
1298,2024-02-01,31
1298,2024-03-01,29
1298,2024-04-01,26
1298,2024-05-01,25
1298,2024-06-01,22
1298,2024-07-01,19
1298,2024-08-01,19
1298,2024-09-01,18
1298,2024-10-01,15
1298,2024-11-01,13
1298,2024-12-01,12
1298,2025-01-01,10
1298,2025-02-01,9
1298,2025-03-01,7
1298,2025-04-01,5
1298,2025-05-01,4
1298,2025-06-01,4
1298,2025-07-01,4
1298,2025-08-01,3
1298,2025-09-01,1
1298,2025-10-01,1
1298,2025-11-01,1
1298,2025-12-01,1
1299,2024-01-01,20
1299,2024-02-01,17
1299,2024-03-01,14
1299,2024-04-01,14
1299,2024-05-01,12
1299,2024-06-01,10
1299,2024-07-01,10
1299,2024-08-01,10
1299,2024-09-01,8
1299,2024-10-01,8
1299,2024-11-01,7
1299,2024-12-01,7
1299,2025-01-01,7
1299,2025-02-01,7
1299,2025-03-01,7
1299,2025-04-01,5
1299,2025-05-01,2
1299,2025-06-01,1
1299,2025-07-01,1
1299,2025-08-01,1
1299,2025-09-01,1
1299,2025-10-01,1
1299,2025-11-01,1
1299,2025-12-01,1
1300,2024-01-01,20
1300,2024-02-01,17
1300,2024-03-01,15
1300,2024-04-01,15
1300,2024-05-01,14
1300,2024-06-01,13
1300,2024-07-01,13
1300,2024-08-01,10
1300,2024-09-01,7
1300,2024-10-01,7
1300,2024-11-01,7
1300,2024-12-01,6
1300,2025-01-01,6
1300,2025-02-01,6
1300,2025-03-01,6
1300,2025-04-01,4
1300,2025-05-01,4
1300,2025-06-01,2
1300,2025-07-01,1
1300,2025-08-01,1
1300,2025-09-01,1
1300,2025-10-01,1
1300,2025-11-01,1
1300,2025-12-01,1
1301,2024-01-01,47
1301,2024-02-01,47
1301,2024-03-01,44
1301,2024-04-01,42
1301,2024-05-01,41
1301,2024-06-01,41
1301,2024-07-01,38
1301,2024-08-01,38
1301,2024-09-01,37
1301,2024-10-01,37
1301,2024-11-01,35
1301,2024-12-01,34
1301,2025-01-01,31
1301,2025-02-01,30
1301,2025-03-01,27
1301,2025-04-01,24
1301,2025-05-01,23
1301,2025-06-01,20
1301,2025-07-01,19
1301,2025-08-01,17
1301,2025-09-01,15
1301,2025-10-01,15
1301,2025-11-01,13
1301,2025-12-01,10
1302,2024-01-01,56
1302,2024-02-01,55
1302,2024-03-01,55
1302,2024-04-01,54
1302,2024-05-01,54
1302,2024-06-01,52
1302,2024-07-01,51
1302,2024-08-01,48
1302,2024-09-01,48
1302,2024-10-01,46
1302,2024-11-01,44
1302,2024-12-01,43
1302,2025-01-01,42
1302,2025-02-01,41
1302,2025-03-01,38
1302,2025-04-01,35
1302,2025-05-01,32
1302,2025-06-01,32
1302,2025-07-01,29
1302,2025-08-01,28
1302,2025-09-01,26
1302,2025-10-01,24
1302,2025-11-01,23
1302,2025-12-01,20
1303,2024-01-01,58
1303,2024-02-01,56
1303,2024-03-01,56
1303,2024-04-01,54
1303,2024-05-01,51
1303,2024-06-01,49
1303,2024-07-01,46
1303,2024-08-01,44
1303,2024-09-01,43
1303,2024-10-01,40
1303,2024-11-01,40
1303,2024-12-01,40
1303,2025-01-01,39
1303,2025-02-01,37
1303,2025-03-01,36
1303,2025-04-01,35
1303,2025-05-01,35
1303,2025-06-01,35
1303,2025-07-01,32
1303,2025-08-01,29
1303,2025-09-01,26
1303,2025-10-01,25
1303,2025-11-01,24
1303,2025-12-01,21
1304,2024-01-01,28
1304,2024-02-01,26
1304,2024-03-01,23
1304,2024-04-01,22
1304,2024-05-01,20
1304,2024-06-01,18
1304,2024-07-01,16
1304,2024-08-01,13
1304,2024-09-01,10
1304,2024-10-01,7
1304,2024-11-01,7
1304,2024-12-01,5
1304,2025-01-01,5
1304,2025-02-01,2
1304,2025-03-01,2
1304,2025-04-01,2
1304,2025-05-01,1
1304,2025-06-01,1
1304,2025-07-01,1
1304,2025-08-01,1
1304,2025-09-01,1
1304,2025-10-01,1
1304,2025-11-01,1
1304,2025-12-01,1
1305,2024-01-01,46
1305,2024-02-01,45
1305,2024-03-01,45
1305,2024-04-01,45
1305,2024-05-01,45
1305,2024-06-01,44
1305,2024-07-01,41
1305,2024-08-01,41
1305,2024-09-01,39
1305,2024-10-01,39
1305,2024-11-01,36
1305,2024-12-01,36
1305,2025-01-01,34
1305,2025-02-01,34
1305,2025-03-01,34
1305,2025-04-01,31
1305,2025-05-01,31
1305,2025-06-01,31
1305,2025-07-01,30
1305,2025-08-01,27
1305,2025-09-01,24
1305,2025-10-01,21
1305,2025-11-01,18
1305,2025-12-01,18
1306,2024-01-01,32
1306,2024-02-01,31
1306,2024-03-01,31
1306,2024-04-01,28
1306,2024-05-01,25
1306,2024-06-01,23
1306,2024-07-01,22
1306,2024-08-01,22
1306,2024-09-01,21
1306,2024-10-01,21
1306,2024-11-01,20
1306,2024-12-01,19
1306,2025-01-01,16
1306,2025-02-01,14
1306,2025-03-01,11
1306,2025-04-01,9
1306,2025-05-01,8
1306,2025-06-01,8
1306,2025-07-01,5
1306,2025-08-01,5
1306,2025-09-01,2
1306,2025-10-01,1
1306,2025-11-01,1
1306,2025-12-01,1
1307,2024-01-01,60
1307,2024-02-01,57
1307,2024-03-01,57
1307,2024-04-01,54
1307,2024-05-01,54
1307,2024-06-01,52
1307,2024-07-01,49
1307,2024-08-01,48
1307,2024-09-01,46
1307,2024-10-01,46
1307,2024-11-01,45
1307,2024-12-01,45
1307,2025-01-01,45
1307,2025-02-01,42
1307,2025-03-01,41
1307,2025-04-01,41
1307,2025-05-01,39
1307,2025-06-01,36
1307,2025-07-01,34
1307,2025-08-01,32
1307,2025-09-01,29
1307,2025-10-01,29
1307,2025-11-01,27
1307,2025-12-01,27
1308,2024-01-01,57
1308,2024-02-01,55
1308,2024-03-01,53
1308,2024-04-01,50
1308,2024-05-01,50
1308,2024-06-01,50
1308,2024-07-01,47
1308,2024-08-01,47
1308,2024-09-01,47
1308,2024-10-01,45
1308,2024-11-01,45
1308,2024-12-01,45
1308,2025-01-01,45
1308,2025-02-01,45
1308,2025-03-01,42
1308,2025-04-01,39
1308,2025-05-01,36
1308,2025-06-01,36
1308,2025-07-01,33
1308,2025-08-01,32
1308,2025-09-01,31
1308,2025-10-01,30
1308,2025-11-01,28
1308,2025-12-01,28
1309,2024-01-01,51
1309,2024-02-01,51
1309,2024-03-01,50
1309,2024-04-01,50
1309,2024-05-01,48
1309,2024-06-01,45
1309,2024-07-01,42
1309,2024-08-01,40
1309,2024-09-01,40
1309,2024-10-01,38
1309,2024-11-01,35
1309,2024-12-01,34
1309,2025-01-01,31
1309,2025-02-01,28
1309,2025-03-01,28
1309,2025-04-01,27
1309,2025-05-01,24
1309,2025-06-01,23
1309,2025-07-01,21
1309,2025-08-01,21
1309,2025-09-01,20
1309,2025-10-01,19
1309,2025-11-01,19
1309,2025-12-01,17
1310,2024-01-01,25
1310,2024-02-01,22
1310,2024-03-01,22
1310,2024-04-01,19
1310,2024-05-01,18
1310,2024-06-01,17
1310,2024-07-01,16
1310,2024-08-01,14
1310,2024-09-01,12
1310,2024-10-01,9
1310,2024-11-01,9
1310,2024-12-01,6
1310,2025-01-01,6
1310,2025-02-01,5
1310,2025-03-01,5
1310,2025-04-01,3
1310,2025-05-01,3
1310,2025-06-01,3
1310,2025-07-01,2
1310,2025-08-01,1
1310,2025-09-01,1
1310,2025-10-01,1
1310,2025-11-01,1
1310,2025-12-01,1
1311,2024-01-01,63
1311,2024-02-01,63
1311,2024-03-01,63
1311,2024-04-01,63
1311,2024-05-01,63
1311,2024-06-01,61
1311,2024-07-01,59
1311,2024-08-01,57
1311,2024-09-01,56
1311,2024-10-01,56
1311,2024-11-01,56
1311,2024-12-01,56
1311,2025-01-01,56
1311,2025-02-01,53
1311,2025-03-01,51
1311,2025-04-01,48
1311,2025-05-01,45
1311,2025-06-01,44
1311,2025-07-01,43
1311,2025-08-01,43
1311,2025-09-01,40
1311,2025-10-01,37
1311,2025-11-01,35
1311,2025-12-01,32
1312,2024-01-01,42
1312,2024-02-01,41
1312,2024-03-01,41
1312,2024-04-01,40
1312,2024-05-01,40
1312,2024-06-01,38
1312,2024-07-01,38
1312,2024-08-01,35
1312,2024-09-01,34
1312,2024-10-01,34
1312,2024-11-01,34
1312,2024-12-01,34
1312,2025-01-01,34
1312,2025-02-01,34
1312,2025-03-01,34
1312,2025-04-01,33
1312,2025-05-01,30
1312,2025-06-01,27
1312,2025-07-01,27
1312,2025-08-01,26
1312,2025-09-01,26
1312,2025-10-01,24
1312,2025-11-01,21
1312,2025-12-01,21
1313,2024-01-01,42
1313,2024-02-01,41
1313,2024-03-01,39
1313,2024-04-01,39
1313,2024-05-01,37
1313,2024-06-01,34
1313,2024-07-01,34
1313,2024-08-01,31
1313,2024-09-01,31
1313,2024-10-01,30
1313,2024-11-01,27
1313,2024-12-01,25
1313,2025-01-01,23
1313,2025-02-01,22
1313,2025-03-01,21
1313,2025-04-01,19
1313,2025-05-01,18
1313,2025-06-01,18
1313,2025-07-01,16
1313,2025-08-01,13
1313,2025-09-01,11
1313,2025-10-01,10
1313,2025-11-01,10
1313,2025-12-01,7
1314,2024-01-01,36
1314,2024-02-01,33
1314,2024-03-01,33
1314,2024-04-01,32
1314,2024-05-01,31
1314,2024-06-01,30
1314,2024-07-01,29
1314,2024-08-01,26
1314,2024-09-01,26
1314,2024-10-01,26
1314,2024-11-01,24
1314,2024-12-01,22
1314,2025-01-01,22
1314,2025-02-01,20
1314,2025-03-01,20
1314,2025-04-01,17
1314,2025-05-01,14
1314,2025-06-01,13
1314,2025-07-01,13
1314,2025-08-01,10
1314,2025-09-01,10
1314,2025-10-01,8
1314,2025-11-01,8
1314,2025-12-01,7
1315,2024-01-01,42
1315,2024-02-01,40
1315,2024-03-01,38
1315,2024-04-01,38
1315,2024-05-01,36
1315,2024-06-01,35
1315,2024-07-01,32
1315,2024-08-01,29
1315,2024-09-01,26
1315,2024-10-01,24
1315,2024-11-01,22
1315,2024-12-01,21
1315,2025-01-01,21
1315,2025-02-01,21
1315,2025-03-01,18
1315,2025-04-01,15
1315,2025-05-01,13
1315,2025-06-01,10
1315,2025-07-01,9
1315,2025-08-01,8
1315,2025-09-01,5
1315,2025-10-01,2
1315,2025-11-01,1
1315,2025-12-01,1
1316,2024-01-01,54
1316,2024-02-01,54
1316,2024-03-01,53
1316,2024-04-01,52
1316,2024-05-01,49
1316,2024-06-01,49
1316,2024-07-01,46
1316,2024-08-01,45
1316,2024-09-01,45
1316,2024-10-01,43
1316,2024-11-01,40
1316,2024-12-01,38
1316,2025-01-01,36
1316,2025-02-01,34
1316,2025-03-01,32
1316,2025-04-01,32
1316,2025-05-01,29
1316,2025-06-01,29
1316,2025-07-01,26
1316,2025-08-01,23
1316,2025-09-01,20
1316,2025-10-01,20
1316,2025-11-01,19
1316,2025-12-01,17
1317,2024-01-01,72
1317,2024-02-01,71
1317,2024-03-01,69
1317,2024-04-01,68
1317,2024-05-01,66
1317,2024-06-01,64
1317,2024-07-01,62
1317,2024-08-01,59
1317,2024-09-01,56
1317,2024-10-01,55
1317,2024-11-01,52
1317,2024-12-01,50
1317,2025-01-01,47
1317,2025-02-01,45
1317,2025-03-01,45
1317,2025-04-01,42
1317,2025-05-01,41
1317,2025-06-01,41
1317,2025-07-01,41
1317,2025-08-01,38
1317,2025-09-01,35
1317,2025-10-01,34
1317,2025-11-01,34
1317,2025-12-01,32
1318,2024-01-01,43
1318,2024-02-01,43
1318,2024-03-01,41
1318,2024-04-01,41
1318,2024-05-01,38
1318,2024-06-01,36
1318,2024-07-01,33
1318,2024-08-01,32
1318,2024-09-01,32
1318,2024-10-01,29
1318,2024-11-01,26
1318,2024-12-01,25
1318,2025-01-01,25
1318,2025-02-01,22
1318,2025-03-01,20
1318,2025-04-01,17
1318,2025-05-01,14
1318,2025-06-01,11
1318,2025-07-01,8
1318,2025-08-01,8
1318,2025-09-01,5
1318,2025-10-01,4
1318,2025-11-01,1
1318,2025-12-01,1
1319,2024-01-01,43
1319,2024-02-01,40
1319,2024-03-01,39
1319,2024-04-01,38
1319,2024-05-01,38
1319,2024-06-01,38
1319,2024-07-01,36
1319,2024-08-01,33
1319,2024-09-01,30
1319,2024-10-01,29
1319,2024-11-01,28
1319,2024-12-01,28
1319,2025-01-01,28
1319,2025-02-01,26
1319,2025-03-01,25
1319,2025-04-01,22
1319,2025-05-01,21
1319,2025-06-01,20
1319,2025-07-01,19
1319,2025-08-01,19
1319,2025-09-01,16
1319,2025-10-01,13
1319,2025-11-01,13
1319,2025-12-01,13
1320,2024-01-01,29
1320,2024-02-01,28
1320,2024-03-01,25
1320,2024-04-01,25
1320,2024-05-01,22
1320,2024-06-01,21
1320,2024-07-01,18
1320,2024-08-01,18
1320,2024-09-01,16
1320,2024-10-01,16
1320,2024-11-01,14
1320,2024-12-01,13
1320,2025-01-01,13
1320,2025-02-01,10
1320,2025-03-01,10
1320,2025-04-01,10
1320,2025-05-01,9
1320,2025-06-01,7
1320,2025-07-01,5
1320,2025-08-01,2
1320,2025-09-01,2
1320,2025-10-01,1
1320,2025-11-01,1
1320,2025-12-01,1
1321,2024-01-01,63
1321,2024-02-01,61
1321,2024-03-01,58
1321,2024-04-01,56
1321,2024-05-01,54
1321,2024-06-01,54
1321,2024-07-01,51
1321,2024-08-01,48
1321,2024-09-01,48
1321,2024-10-01,48
1321,2024-11-01,46
1321,2024-12-01,44
1321,2025-01-01,42
1321,2025-02-01,42
1321,2025-03-01,40
1321,2025-04-01,40
1321,2025-05-01,38
1321,2025-06-01,38
1321,2025-07-01,35
1321,2025-08-01,34
1321,2025-09-01,32
1321,2025-10-01,30
1321,2025-11-01,30
1321,2025-12-01,27
1322,2024-01-01,37
1322,2024-02-01,37
1322,2024-03-01,37
1322,2024-04-01,36
1322,2024-05-01,33
1322,2024-06-01,32
1322,2024-07-01,29
1322,2024-08-01,27
1322,2024-09-01,25
1322,2024-10-01,25
1322,2024-11-01,25
1322,2024-12-01,25
1322,2025-01-01,22
1322,2025-02-01,22
1322,2025-03-01,20
1322,2025-04-01,19
1322,2025-05-01,17
1322,2025-06-01,15
1322,2025-07-01,13
1322,2025-08-01,12
1322,2025-09-01,10
1322,2025-10-01,7
1322,2025-11-01,4
1322,2025-12-01,3
1323,2024-01-01,31
1323,2024-02-01,28
1323,2024-03-01,26
1323,2024-04-01,23
1323,2024-05-01,23
1323,2024-06-01,23
1323,2024-07-01,23
1323,2024-08-01,21
1323,2024-09-01,21
1323,2024-10-01,19
1323,2024-11-01,19
1323,2024-12-01,17
1323,2025-01-01,15
1323,2025-02-01,13
1323,2025-03-01,10
1323,2025-04-01,10
1323,2025-05-01,8
1323,2025-06-01,8
1323,2025-07-01,5
1323,2025-08-01,4
1323,2025-09-01,4
1323,2025-10-01,4
1323,2025-11-01,1
1323,2025-12-01,1
1324,2024-01-01,55
1324,2024-02-01,52
1324,2024-03-01,50
1324,2024-04-01,50
1324,2024-05-01,50
1324,2024-06-01,47
1324,2024-07-01,45
1324,2024-08-01,43
1324,2024-09-01,40
1324,2024-10-01,40
1324,2024-11-01,40
1324,2024-12-01,38
1324,2025-01-01,36
1324,2025-02-01,35
1324,2025-03-01,34
1324,2025-04-01,33
1324,2025-05-01,31
1324,2025-06-01,29
1324,2025-07-01,27
1324,2025-08-01,27
1324,2025-09-01,24
1324,2025-10-01,22
1324,2025-11-01,22
1324,2025-12-01,20
1325,2024-01-01,38
1325,2024-02-01,36
1325,2024-03-01,34
1325,2024-04-01,32
1325,2024-05-01,31
1325,2024-06-01,29
1325,2024-07-01,29
1325,2024-08-01,29
1325,2024-09-01,29
1325,2024-10-01,27
1325,2024-11-01,24
1325,2024-12-01,24
1325,2025-01-01,23
1325,2025-02-01,20
1325,2025-03-01,20
1325,2025-04-01,18
1325,2025-05-01,17
1325,2025-06-01,17
1325,2025-07-01,16
1325,2025-08-01,13
1325,2025-09-01,13
1325,2025-10-01,11
1325,2025-11-01,10
1325,2025-12-01,10
1326,2024-01-01,32
1326,2024-02-01,32
1326,2024-03-01,29
1326,2024-04-01,28
1326,2024-05-01,27
1326,2024-06-01,26
1326,2024-07-01,25
1326,2024-08-01,22
1326,2024-09-01,22
1326,2024-10-01,19
1326,2024-11-01,16
1326,2024-12-01,16
1326,2025-01-01,16
1326,2025-02-01,14
1326,2025-03-01,13
1326,2025-04-01,13
1326,2025-05-01,10
1326,2025-06-01,9
1326,2025-07-01,8
1326,2025-08-01,5
1326,2025-09-01,5
1326,2025-10-01,4
1326,2025-11-01,3
1326,2025-12-01,2
1327,2024-01-01,44
1327,2024-02-01,41
1327,2024-03-01,41
1327,2024-04-01,41
1327,2024-05-01,40
1327,2024-06-01,39
1327,2024-07-01,38
1327,2024-08-01,35
1327,2024-09-01,32
1327,2024-10-01,30
1327,2024-11-01,29
1327,2024-12-01,27
1327,2025-01-01,25
1327,2025-02-01,23
1327,2025-03-01,23
1327,2025-04-01,21
1327,2025-05-01,20
1327,2025-06-01,17
1327,2025-07-01,16
1327,2025-08-01,13
1327,2025-09-01,13
1327,2025-10-01,13
1327,2025-11-01,12
1327,2025-12-01,12
1328,2024-01-01,43
1328,2024-02-01,41
1328,2024-03-01,39
1328,2024-04-01,39
1328,2024-05-01,38
1328,2024-06-01,36
1328,2024-07-01,33
1328,2024-08-01,32
1328,2024-09-01,32
1328,2024-10-01,31
1328,2024-11-01,30
1328,2024-12-01,29
1328,2025-01-01,28
1328,2025-02-01,28
1328,2025-03-01,28
1328,2025-04-01,26
1328,2025-05-01,24
1328,2025-06-01,21
1328,2025-07-01,18
1328,2025-08-01,16
1328,2025-09-01,14
1328,2025-10-01,13
1328,2025-11-01,11
1328,2025-12-01,8
1329,2024-01-01,57
1329,2024-02-01,54
1329,2024-03-01,54
1329,2024-04-01,52
1329,2024-05-01,52
1329,2024-06-01,49
1329,2024-07-01,47
1329,2024-08-01,47
1329,2024-09-01,45
1329,2024-10-01,45
1329,2024-11-01,45
1329,2024-12-01,42
1329,2025-01-01,40
1329,2025-02-01,40
1329,2025-03-01,38
1329,2025-04-01,36
1329,2025-05-01,35
1329,2025-06-01,32
1329,2025-07-01,30
1329,2025-08-01,28
1329,2025-09-01,26
1329,2025-10-01,23
1329,2025-11-01,20
1329,2025-12-01,18
1330,2024-01-01,50
1330,2024-02-01,47
1330,2024-03-01,46
1330,2024-04-01,45
1330,2024-05-01,44
1330,2024-06-01,44
1330,2024-07-01,41
1330,2024-08-01,39
1330,2024-09-01,38
1330,2024-10-01,36
1330,2024-11-01,35
1330,2024-12-01,33
1330,2025-01-01,33
1330,2025-02-01,32
1330,2025-03-01,32
1330,2025-04-01,32
1330,2025-05-01,29
1330,2025-06-01,27
1330,2025-07-01,26
1330,2025-08-01,26
1330,2025-09-01,24
1330,2025-10-01,21
1330,2025-11-01,19
1330,2025-12-01,17
1331,2024-01-01,52
1331,2024-02-01,49
1331,2024-03-01,49
1331,2024-04-01,47
1331,2024-05-01,44
1331,2024-06-01,42
1331,2024-07-01,40
1331,2024-08-01,40
1331,2024-09-01,38
1331,2024-10-01,38
1331,2024-11-01,35
1331,2024-12-01,32
1331,2025-01-01,30
1331,2025-02-01,30
1331,2025-03-01,30
1331,2025-04-01,29
1331,2025-05-01,28
1331,2025-06-01,25
1331,2025-07-01,22
1331,2025-08-01,21
1331,2025-09-01,21
1331,2025-10-01,19
1331,2025-11-01,17
1331,2025-12-01,17
1332,2024-01-01,41
1332,2024-02-01,41
1332,2024-03-01,39
1332,2024-04-01,39
1332,2024-05-01,38
1332,2024-06-01,37
1332,2024-07-01,35
1332,2024-08-01,33
1332,2024-09-01,31
1332,2024-10-01,29
1332,2024-11-01,28
1332,2024-12-01,27
1332,2025-01-01,27
1332,2025-02-01,25
1332,2025-03-01,24
1332,2025-04-01,21
1332,2025-05-01,21
1332,2025-06-01,21
1332,2025-07-01,21
1332,2025-08-01,18
1332,2025-09-01,15
1332,2025-10-01,12
1332,2025-11-01,11
1332,2025-12-01,8
1333,2024-01-01,22
1333,2024-02-01,22
1333,2024-03-01,22
1333,2024-04-01,21
1333,2024-05-01,21
1333,2024-06-01,20
1333,2024-07-01,19
1333,2024-08-01,17
1333,2024-09-01,17
1333,2024-10-01,15
1333,2024-11-01,13
1333,2024-12-01,13
1333,2025-01-01,13
1333,2025-02-01,10
1333,2025-03-01,7
1333,2025-04-01,6
1333,2025-05-01,6
1333,2025-06-01,5
1333,2025-07-01,3
1333,2025-08-01,1
1333,2025-09-01,1
1333,2025-10-01,1
1333,2025-11-01,1
1333,2025-12-01,1
1334,2024-01-01,60
1334,2024-02-01,59
1334,2024-03-01,56
1334,2024-04-01,53
1334,2024-05-01,50
1334,2024-06-01,48
1334,2024-07-01,47
1334,2024-08-01,47
1334,2024-09-01,47
1334,2024-10-01,46
1334,2024-11-01,43
1334,2024-12-01,40
1334,2025-01-01,40
1334,2025-02-01,38
1334,2025-03-01,37
1334,2025-04-01,34
1334,2025-05-01,32
1334,2025-06-01,30
1334,2025-07-01,27
1334,2025-08-01,26
1334,2025-09-01,25
1334,2025-10-01,25
1334,2025-11-01,25
1334,2025-12-01,24
1335,2024-01-01,38
1335,2024-02-01,38
1335,2024-03-01,38
1335,2024-04-01,38
1335,2024-05-01,37
1335,2024-06-01,36
1335,2024-07-01,33
1335,2024-08-01,33
1335,2024-09-01,31
1335,2024-10-01,29
1335,2024-11-01,26
1335,2024-12-01,23
1335,2025-01-01,23
1335,2025-02-01,22
1335,2025-03-01,21
1335,2025-04-01,19
1335,2025-05-01,19
1335,2025-06-01,17
1335,2025-07-01,15
1335,2025-08-01,15
1335,2025-09-01,12
1335,2025-10-01,10
1335,2025-11-01,7
1335,2025-12-01,6
1336,2024-01-01,38
1336,2024-02-01,35
1336,2024-03-01,34
1336,2024-04-01,33
1336,2024-05-01,31
1336,2024-06-01,30
1336,2024-07-01,30
1336,2024-08-01,28
1336,2024-09-01,27
1336,2024-10-01,27
1336,2024-11-01,24
1336,2024-12-01,21
1336,2025-01-01,19
1336,2025-02-01,19
1336,2025-03-01,18
1336,2025-04-01,16
1336,2025-05-01,14
1336,2025-06-01,13
1336,2025-07-01,13
1336,2025-08-01,12
1336,2025-09-01,9
1336,2025-10-01,7
1336,2025-11-01,4
1336,2025-12-01,2
1337,2024-01-01,29
1337,2024-02-01,28
1337,2024-03-01,25
1337,2024-04-01,25
1337,2024-05-01,25
1337,2024-06-01,23
1337,2024-07-01,23
1337,2024-08-01,21
1337,2024-09-01,21
1337,2024-10-01,21
1337,2024-11-01,19
1337,2024-12-01,19
1337,2025-01-01,18
1337,2025-02-01,18
1337,2025-03-01,15
1337,2025-04-01,13
1337,2025-05-01,11
1337,2025-06-01,10
1337,2025-07-01,7
1337,2025-08-01,7
1337,2025-09-01,6
1337,2025-10-01,6
1337,2025-11-01,5
1337,2025-12-01,3
1338,2024-01-01,53
1338,2024-02-01,52
1338,2024-03-01,52
1338,2024-04-01,49
1338,2024-05-01,49
1338,2024-06-01,47
1338,2024-07-01,47
1338,2024-08-01,46
1338,2024-09-01,43
1338,2024-10-01,40
1338,2024-11-01,37
1338,2024-12-01,36
1338,2025-01-01,36
1338,2025-02-01,33
1338,2025-03-01,31
1338,2025-04-01,29
1338,2025-05-01,27
1338,2025-06-01,25
1338,2025-07-01,23
1338,2025-08-01,22
1338,2025-09-01,22
1338,2025-10-01,21
1338,2025-11-01,19
1338,2025-12-01,17
1339,2024-01-01,72
1339,2024-02-01,72
1339,2024-03-01,72
1339,2024-04-01,72
1339,2024-05-01,71
1339,2024-06-01,68
1339,2024-07-01,68
1339,2024-08-01,65
1339,2024-09-01,62
1339,2024-10-01,59
1339,2024-11-01,56
1339,2024-12-01,53
1339,2025-01-01,50
1339,2025-02-01,49
1339,2025-03-01,47
1339,2025-04-01,44
1339,2025-05-01,43
1339,2025-06-01,43
1339,2025-07-01,42
1339,2025-08-01,41
1339,2025-09-01,40
1339,2025-10-01,37
1339,2025-11-01,37
1339,2025-12-01,36
1340,2024-01-01,67
1340,2024-02-01,64
1340,2024-03-01,63
1340,2024-04-01,62
1340,2024-05-01,62
1340,2024-06-01,62
1340,2024-07-01,62
1340,2024-08-01,60
1340,2024-09-01,60
1340,2024-10-01,59
1340,2024-11-01,57
1340,2024-12-01,57
1340,2025-01-01,54
1340,2025-02-01,54
1340,2025-03-01,51
1340,2025-04-01,49
1340,2025-05-01,46
1340,2025-06-01,44
1340,2025-07-01,41
1340,2025-08-01,41
1340,2025-09-01,39
1340,2025-10-01,38
1340,2025-11-01,37
1340,2025-12-01,36
1341,2024-01-01,27
1341,2024-02-01,25
1341,2024-03-01,24
1341,2024-04-01,22
1341,2024-05-01,21
1341,2024-06-01,18
1341,2024-07-01,16
1341,2024-08-01,15
1341,2024-09-01,14
1341,2024-10-01,13
1341,2024-11-01,11
1341,2024-12-01,9
1341,2025-01-01,8
1341,2025-02-01,5
1341,2025-03-01,3
1341,2025-04-01,1
1341,2025-05-01,1
1341,2025-06-01,1
1341,2025-07-01,1
1341,2025-08-01,1
1341,2025-09-01,1
1341,2025-10-01,1
1341,2025-11-01,1
1341,2025-12-01,1
1342,2024-01-01,42
1342,2024-02-01,40
1342,2024-03-01,40
1342,2024-04-01,39
1342,2024-05-01,38
1342,2024-06-01,38
1342,2024-07-01,37
1342,2024-08-01,36
1342,2024-09-01,33
1342,2024-10-01,30
1342,2024-11-01,27
1342,2024-12-01,27
1342,2025-01-01,25
1342,2025-02-01,25
1342,2025-03-01,25
1342,2025-04-01,25
1342,2025-05-01,25
1342,2025-06-01,22
1342,2025-07-01,22
1342,2025-08-01,19
1342,2025-09-01,17
1342,2025-10-01,16
1342,2025-11-01,13
1342,2025-12-01,13
1343,2024-01-01,70
1343,2024-02-01,68
1343,2024-03-01,67
1343,2024-04-01,65
1343,2024-05-01,63
1343,2024-06-01,62
1343,2024-07-01,61
1343,2024-08-01,59
1343,2024-09-01,59
1343,2024-10-01,56
1343,2024-11-01,56
1343,2024-12-01,53
1343,2025-01-01,52
1343,2025-02-01,52
1343,2025-03-01,51
1343,2025-04-01,49
1343,2025-05-01,47
1343,2025-06-01,47
1343,2025-07-01,46
1343,2025-08-01,46
1343,2025-09-01,46
1343,2025-10-01,43
1343,2025-11-01,41
1343,2025-12-01,41
1344,2024-01-01,19
1344,2024-02-01,18
1344,2024-03-01,18
1344,2024-04-01,16
1344,2024-05-01,16
1344,2024-06-01,15
1344,2024-07-01,15
1344,2024-08-01,15
1344,2024-09-01,13
1344,2024-10-01,12
1344,2024-11-01,9
1344,2024-12-01,8
1344,2025-01-01,7
1344,2025-02-01,4
1344,2025-03-01,4
1344,2025-04-01,2
1344,2025-05-01,2
1344,2025-06-01,2
1344,2025-07-01,1
1344,2025-08-01,1
1344,2025-09-01,1
1344,2025-10-01,1
1344,2025-11-01,1
1344,2025-12-01,1
1345,2024-01-01,44
1345,2024-02-01,42
1345,2024-03-01,41
1345,2024-04-01,41
1345,2024-05-01,41
1345,2024-06-01,38
1345,2024-07-01,36
1345,2024-08-01,33
1345,2024-09-01,30
1345,2024-10-01,27
1345,2024-11-01,27
1345,2024-12-01,26
1345,2025-01-01,23
1345,2025-02-01,22
1345,2025-03-01,22
1345,2025-04-01,19
1345,2025-05-01,19
1345,2025-06-01,16
1345,2025-07-01,13
1345,2025-08-01,13
1345,2025-09-01,11
1345,2025-10-01,9
1345,2025-11-01,8
1345,2025-12-01,7
1346,2024-01-01,60
1346,2024-02-01,60
1346,2024-03-01,58
1346,2024-04-01,56
1346,2024-05-01,53
1346,2024-06-01,50
1346,2024-07-01,50
1346,2024-08-01,50
1346,2024-09-01,49
1346,2024-10-01,47
1346,2024-11-01,47
1346,2024-12-01,45
1346,2025-01-01,45
1346,2025-02-01,42
1346,2025-03-01,42
1346,2025-04-01,39
1346,2025-05-01,38
1346,2025-06-01,37
1346,2025-07-01,36
1346,2025-08-01,36
1346,2025-09-01,35
1346,2025-10-01,35
1346,2025-11-01,33
1346,2025-12-01,30
1347,2024-01-01,26
1347,2024-02-01,25
1347,2024-03-01,22
1347,2024-04-01,21
1347,2024-05-01,19
1347,2024-06-01,19
1347,2024-07-01,16
1347,2024-08-01,13
1347,2024-09-01,13
1347,2024-10-01,13
1347,2024-11-01,10
1347,2024-12-01,8
1347,2025-01-01,6
1347,2025-02-01,5
1347,2025-03-01,2
1347,2025-04-01,2
1347,2025-05-01,2
1347,2025-06-01,2
1347,2025-07-01,2
1347,2025-08-01,1
1347,2025-09-01,1
1347,2025-10-01,1
1347,2025-11-01,1
1347,2025-12-01,1
1348,2024-01-01,56
1348,2024-02-01,53
1348,2024-03-01,53
1348,2024-04-01,50
1348,2024-05-01,47
1348,2024-06-01,44
1348,2024-07-01,44
1348,2024-08-01,44
1348,2024-09-01,42
1348,2024-10-01,41
1348,2024-11-01,39
1348,2024-12-01,39
1348,2025-01-01,38
1348,2025-02-01,35
1348,2025-03-01,34
1348,2025-04-01,31
1348,2025-05-01,31
1348,2025-06-01,30
1348,2025-07-01,27
1348,2025-08-01,25
1348,2025-09-01,23
1348,2025-10-01,20
1348,2025-11-01,18
1348,2025-12-01,16
1349,2024-01-01,31
1349,2024-02-01,30
1349,2024-03-01,30
1349,2024-04-01,28
1349,2024-05-01,28
1349,2024-06-01,26
1349,2024-07-01,23
1349,2024-08-01,20
1349,2024-09-01,20
1349,2024-10-01,20
1349,2024-11-01,20
1349,2024-12-01,17
1349,2025-01-01,17
1349,2025-02-01,14
1349,2025-03-01,14
1349,2025-04-01,13
1349,2025-05-01,12
1349,2025-06-01,10
1349,2025-07-01,9
1349,2025-08-01,9
1349,2025-09-01,8
1349,2025-10-01,7
1349,2025-11-01,7
1349,2025-12-01,6
1350,2024-01-01,71
1350,2024-02-01,71
1350,2024-03-01,68
1350,2024-04-01,65
1350,2024-05-01,63
1350,2024-06-01,62
1350,2024-07-01,60
1350,2024-08-01,60
1350,2024-09-01,57
1350,2024-10-01,57
1350,2024-11-01,55
1350,2024-12-01,55
1350,2025-01-01,55
1350,2025-02-01,55
1350,2025-03-01,55
1350,2025-04-01,52
1350,2025-05-01,52
1350,2025-06-01,52
1350,2025-07-01,49
1350,2025-08-01,49
1350,2025-09-01,49
1350,2025-10-01,47
1350,2025-11-01,44
1350,2025-12-01,43
1351,2024-01-01,39
1351,2024-02-01,39
1351,2024-03-01,38
1351,2024-04-01,38
1351,2024-05-01,36
1351,2024-06-01,33
1351,2024-07-01,31
1351,2024-08-01,28
1351,2024-09-01,27
1351,2024-10-01,27
1351,2024-11-01,25
1351,2024-12-01,24
1351,2025-01-01,23
1351,2025-02-01,23
1351,2025-03-01,21
1351,2025-04-01,21
1351,2025-05-01,21
1351,2025-06-01,18
1351,2025-07-01,15
1351,2025-08-01,15
1351,2025-09-01,12
1351,2025-10-01,10
1351,2025-11-01,7
1351,2025-12-01,6
1352,2024-01-01,32
1352,2024-02-01,30
1352,2024-03-01,30
1352,2024-04-01,27
1352,2024-05-01,26
1352,2024-06-01,26
1352,2024-07-01,23
1352,2024-08-01,22
1352,2024-09-01,22
1352,2024-10-01,22
1352,2024-11-01,22
1352,2024-12-01,21
1352,2025-01-01,21
1352,2025-02-01,21
1352,2025-03-01,18
1352,2025-04-01,15
1352,2025-05-01,12
1352,2025-06-01,9
1352,2025-07-01,9
1352,2025-08-01,8
1352,2025-09-01,8
1352,2025-10-01,6
1352,2025-11-01,5
1352,2025-12-01,3
1353,2024-01-01,51
1353,2024-02-01,50
1353,2024-03-01,47
1353,2024-04-01,47
1353,2024-05-01,45
1353,2024-06-01,44
1353,2024-07-01,43
1353,2024-08-01,40
1353,2024-09-01,39
1353,2024-10-01,36
1353,2024-11-01,35
1353,2024-12-01,34
1353,2025-01-01,34
1353,2025-02-01,33
1353,2025-03-01,30
1353,2025-04-01,27
1353,2025-05-01,24
1353,2025-06-01,22
1353,2025-07-01,21
1353,2025-08-01,21
1353,2025-09-01,21
1353,2025-10-01,19
1353,2025-11-01,18
1353,2025-12-01,15
1354,2024-01-01,36
1354,2024-02-01,33
1354,2024-03-01,31
1354,2024-04-01,29
1354,2024-05-01,26
1354,2024-06-01,25
1354,2024-07-01,25
1354,2024-08-01,25
1354,2024-09-01,22
1354,2024-10-01,19
1354,2024-11-01,18
1354,2024-12-01,16
1354,2025-01-01,15
1354,2025-02-01,13
1354,2025-03-01,11
1354,2025-04-01,10
1354,2025-05-01,7
1354,2025-06-01,4
1354,2025-07-01,3
1354,2025-08-01,1
1354,2025-09-01,1
1354,2025-10-01,1
1354,2025-11-01,1
1354,2025-12-01,1
1355,2024-01-01,17
1355,2024-02-01,14
1355,2024-03-01,14
1355,2024-04-01,12
1355,2024-05-01,12
1355,2024-06-01,12
1355,2024-07-01,12
1355,2024-08-01,9
1355,2024-09-01,6
1355,2024-10-01,6
1355,2024-11-01,6
1355,2024-12-01,6
1355,2025-01-01,4
1355,2025-02-01,2
1355,2025-03-01,1
1355,2025-04-01,1
1355,2025-05-01,1
1355,2025-06-01,1
1355,2025-07-01,1
1355,2025-08-01,1
1355,2025-09-01,1
1355,2025-10-01,1
1355,2025-11-01,1
1355,2025-12-01,1
1356,2024-01-01,47
1356,2024-02-01,47
1356,2024-03-01,44
1356,2024-04-01,42
1356,2024-05-01,41
1356,2024-06-01,38
1356,2024-07-01,38
1356,2024-08-01,35
1356,2024-09-01,34
1356,2024-10-01,34
1356,2024-11-01,34
1356,2024-12-01,32
1356,2025-01-01,29
1356,2025-02-01,27
1356,2025-03-01,27
1356,2025-04-01,25
1356,2025-05-01,23
1356,2025-06-01,22
1356,2025-07-01,20
1356,2025-08-01,20
1356,2025-09-01,18
1356,2025-10-01,18
1356,2025-11-01,18
1356,2025-12-01,17
1357,2024-01-01,52
1357,2024-02-01,51
1357,2024-03-01,51
1357,2024-04-01,50
1357,2024-05-01,47
1357,2024-06-01,44
1357,2024-07-01,41
1357,2024-08-01,41
1357,2024-09-01,39
1357,2024-10-01,38
1357,2024-11-01,35
1357,2024-12-01,34
1357,2025-01-01,31
1357,2025-02-01,28
1357,2025-03-01,28
1357,2025-04-01,27
1357,2025-05-01,27
1357,2025-06-01,26
1357,2025-07-01,25
1357,2025-08-01,23
1357,2025-09-01,20
1357,2025-10-01,20
1357,2025-11-01,18
1357,2025-12-01,17
1358,2024-01-01,79
1358,2024-02-01,77
1358,2024-03-01,76
1358,2024-04-01,74
1358,2024-05-01,73
1358,2024-06-01,72
1358,2024-07-01,69
1358,2024-08-01,69
1358,2024-09-01,66
1358,2024-10-01,66
1358,2024-11-01,66
1358,2024-12-01,65
1358,2025-01-01,63
1358,2025-02-01,63
1358,2025-03-01,63
1358,2025-04-01,63
1358,2025-05-01,63
1358,2025-06-01,62
1358,2025-07-01,59
1358,2025-08-01,57
1358,2025-09-01,56
1358,2025-10-01,55
1358,2025-11-01,54
1358,2025-12-01,54
1359,2024-01-01,69
1359,2024-02-01,68
1359,2024-03-01,67
1359,2024-04-01,67
1359,2024-05-01,67
1359,2024-06-01,66
1359,2024-07-01,66
1359,2024-08-01,64
1359,2024-09-01,64
1359,2024-10-01,63
1359,2024-11-01,61
1359,2024-12-01,61
1359,2025-01-01,60
1359,2025-02-01,57
1359,2025-03-01,54
1359,2025-04-01,52
1359,2025-05-01,50
1359,2025-06-01,48
1359,2025-07-01,48
1359,2025-08-01,46
1359,2025-09-01,46
1359,2025-10-01,45
1359,2025-11-01,45
1359,2025-12-01,45
1360,2024-01-01,58
1360,2024-02-01,58
1360,2024-03-01,58
1360,2024-04-01,57
1360,2024-05-01,55
1360,2024-06-01,54
1360,2024-07-01,51
1360,2024-08-01,49
1360,2024-09-01,46
1360,2024-10-01,46
1360,2024-11-01,43
1360,2024-12-01,40
1360,2025-01-01,39
1360,2025-02-01,37
1360,2025-03-01,37
1360,2025-04-01,37
1360,2025-05-01,37
1360,2025-06-01,35
1360,2025-07-01,33
1360,2025-08-01,30
1360,2025-09-01,27
1360,2025-10-01,25
1360,2025-11-01,25
1360,2025-12-01,23
1361,2024-01-01,40
1361,2024-02-01,40
1361,2024-03-01,37
1361,2024-04-01,36
1361,2024-05-01,35
1361,2024-06-01,34
1361,2024-07-01,32
1361,2024-08-01,32
1361,2024-09-01,30
1361,2024-10-01,27
1361,2024-11-01,27
1361,2024-12-01,26
1361,2025-01-01,24
1361,2025-02-01,24
1361,2025-03-01,22
1361,2025-04-01,22
1361,2025-05-01,21
1361,2025-06-01,18
1361,2025-07-01,15
1361,2025-08-01,13
1361,2025-09-01,12
1361,2025-10-01,10
1361,2025-11-01,8
1361,2025-12-01,8
1362,2024-01-01,40
1362,2024-02-01,39
1362,2024-03-01,38
1362,2024-04-01,36
1362,2024-05-01,36
1362,2024-06-01,35
1362,2024-07-01,33
1362,2024-08-01,32
1362,2024-09-01,30
1362,2024-10-01,27
1362,2024-11-01,27
1362,2024-12-01,24
1362,2025-01-01,22
1362,2025-02-01,20
1362,2025-03-01,20
1362,2025-04-01,20
1362,2025-05-01,18
1362,2025-06-01,17
1362,2025-07-01,17
1362,2025-08-01,15
1362,2025-09-01,15
1362,2025-10-01,15
1362,2025-11-01,12
1362,2025-12-01,9
1363,2024-01-01,21
1363,2024-02-01,19
1363,2024-03-01,17
1363,2024-04-01,17
1363,2024-05-01,17
1363,2024-06-01,16
1363,2024-07-01,15
1363,2024-08-01,14
1363,2024-09-01,12
1363,2024-10-01,9
1363,2024-11-01,8
1363,2024-12-01,6
1363,2025-01-01,5
1363,2025-02-01,3
1363,2025-03-01,3
1363,2025-04-01,1
1363,2025-05-01,1
1363,2025-06-01,1
1363,2025-07-01,1
1363,2025-08-01,1
1363,2025-09-01,1
1363,2025-10-01,1
1363,2025-11-01,1
1363,2025-12-01,1
1364,2024-01-01,50
1364,2024-02-01,50
1364,2024-03-01,47
1364,2024-04-01,47
1364,2024-05-01,46
1364,2024-06-01,45
1364,2024-07-01,45
1364,2024-08-01,45
1364,2024-09-01,45
1364,2024-10-01,44
1364,2024-11-01,41
1364,2024-12-01,40
1364,2025-01-01,38
1364,2025-02-01,37
1364,2025-03-01,35
1364,2025-04-01,33
1364,2025-05-01,32
1364,2025-06-01,31
1364,2025-07-01,30
1364,2025-08-01,27
1364,2025-09-01,26
1364,2025-10-01,26
1364,2025-11-01,25
1364,2025-12-01,23
1365,2024-01-01,60
1365,2024-02-01,58
1365,2024-03-01,55
1365,2024-04-01,52
1365,2024-05-01,52
1365,2024-06-01,52
1365,2024-07-01,49
1365,2024-08-01,48
1365,2024-09-01,45
1365,2024-10-01,45
1365,2024-11-01,42
1365,2024-12-01,41
1365,2025-01-01,40
1365,2025-02-01,40
1365,2025-03-01,37
1365,2025-04-01,37
1365,2025-05-01,35
1365,2025-06-01,35
1365,2025-07-01,35
1365,2025-08-01,35
1365,2025-09-01,32
1365,2025-10-01,30
1365,2025-11-01,27
1365,2025-12-01,26
1366,2024-01-01,26
1366,2024-02-01,26
1366,2024-03-01,26
1366,2024-04-01,23
1366,2024-05-01,22
1366,2024-06-01,20
1366,2024-07-01,18
1366,2024-08-01,15
1366,2024-09-01,14
1366,2024-10-01,12
1366,2024-11-01,9
1366,2024-12-01,8
1366,2025-01-01,7
1366,2025-02-01,5
1366,2025-03-01,3
1366,2025-04-01,2
1366,2025-05-01,1
1366,2025-06-01,1
1366,2025-07-01,1
1366,2025-08-01,1
1366,2025-09-01,1
1366,2025-10-01,1
1366,2025-11-01,1
1366,2025-12-01,1
1367,2024-01-01,74
1367,2024-02-01,71
1367,2024-03-01,68
1367,2024-04-01,68
1367,2024-05-01,65
1367,2024-06-01,63
1367,2024-07-01,61
1367,2024-08-01,59
1367,2024-09-01,56
1367,2024-10-01,53
1367,2024-11-01,52
1367,2024-12-01,52
1367,2025-01-01,49
1367,2025-02-01,48
1367,2025-03-01,48
1367,2025-04-01,48
1367,2025-05-01,46
1367,2025-06-01,44
1367,2025-07-01,43
1367,2025-08-01,42
1367,2025-09-01,40
1367,2025-10-01,38
1367,2025-11-01,38
1367,2025-12-01,38
1368,2024-01-01,37
1368,2024-02-01,37
1368,2024-03-01,36
1368,2024-04-01,36
1368,2024-05-01,34
1368,2024-06-01,34
1368,2024-07-01,32
1368,2024-08-01,32
1368,2024-09-01,29
1368,2024-10-01,26
1368,2024-11-01,25
1368,2024-12-01,24
1368,2025-01-01,22
1368,2025-02-01,20
1368,2025-03-01,18
1368,2025-04-01,18
1368,2025-05-01,18
1368,2025-06-01,18
1368,2025-07-01,17
1368,2025-08-01,15
1368,2025-09-01,15
1368,2025-10-01,14
1368,2025-11-01,11
1368,2025-12-01,9
1369,2024-01-01,26
1369,2024-02-01,24
1369,2024-03-01,24
1369,2024-04-01,23
1369,2024-05-01,20
1369,2024-06-01,17
1369,2024-07-01,14
1369,2024-08-01,13
1369,2024-09-01,12
1369,2024-10-01,10
1369,2024-11-01,8
1369,2024-12-01,5
1369,2025-01-01,4
1369,2025-02-01,2
1369,2025-03-01,1
1369,2025-04-01,1
1369,2025-05-01,1
1369,2025-06-01,1
1369,2025-07-01,1
1369,2025-08-01,1
1369,2025-09-01,1
1369,2025-10-01,1
1369,2025-11-01,1
1369,2025-12-01,1
1370,2024-01-01,63
1370,2024-02-01,63
1370,2024-03-01,61
1370,2024-04-01,58
1370,2024-05-01,57
1370,2024-06-01,56
1370,2024-07-01,53
1370,2024-08-01,52
1370,2024-09-01,50
1370,2024-10-01,48
1370,2024-11-01,48
1370,2024-12-01,46
1370,2025-01-01,45
1370,2025-02-01,45
1370,2025-03-01,42
1370,2025-04-01,39
1370,2025-05-01,39
1370,2025-06-01,37
1370,2025-07-01,37
1370,2025-08-01,37
1370,2025-09-01,35
1370,2025-10-01,32
1370,2025-11-01,32
1370,2025-12-01,29
1371,2024-01-01,35
1371,2024-02-01,34
1371,2024-03-01,31
1371,2024-04-01,30
1371,2024-05-01,29
1371,2024-06-01,28
1371,2024-07-01,28
1371,2024-08-01,28
1371,2024-09-01,26
1371,2024-10-01,23
1371,2024-11-01,20
1371,2024-12-01,18
1371,2025-01-01,15
1371,2025-02-01,12
1371,2025-03-01,11
1371,2025-04-01,10
1371,2025-05-01,7
1371,2025-06-01,5
1371,2025-07-01,3
1371,2025-08-01,1
1371,2025-09-01,1
1371,2025-10-01,1
1371,2025-11-01,1
1371,2025-12-01,1
1372,2024-01-01,27
1372,2024-02-01,27
1372,2024-03-01,24
1372,2024-04-01,22
1372,2024-05-01,22
1372,2024-06-01,20
1372,2024-07-01,20
1372,2024-08-01,19
1372,2024-09-01,16
1372,2024-10-01,16
1372,2024-11-01,15
1372,2024-12-01,12
1372,2025-01-01,12
1372,2025-02-01,12
1372,2025-03-01,11
1372,2025-04-01,8
1372,2025-05-01,5
1372,2025-06-01,4
1372,2025-07-01,2
1372,2025-08-01,1
1372,2025-09-01,1
1372,2025-10-01,1
1372,2025-11-01,1
1372,2025-12-01,1
1373,2024-01-01,37
1373,2024-02-01,35
1373,2024-03-01,32
1373,2024-04-01,30
1373,2024-05-01,27
1373,2024-06-01,24
1373,2024-07-01,24
1373,2024-08-01,22
1373,2024-09-01,22
1373,2024-10-01,21
1373,2024-11-01,19
1373,2024-12-01,18
1373,2025-01-01,16
1373,2025-02-01,13
1373,2025-03-01,12
1373,2025-04-01,10
1373,2025-05-01,8
1373,2025-06-01,7
1373,2025-07-01,7
1373,2025-08-01,5
1373,2025-09-01,5
1373,2025-10-01,5
1373,2025-11-01,5
1373,2025-12-01,5
1374,2024-01-01,57
1374,2024-02-01,57
1374,2024-03-01,54
1374,2024-04-01,52
1374,2024-05-01,49
1374,2024-06-01,46
1374,2024-07-01,46
1374,2024-08-01,44
1374,2024-09-01,42
1374,2024-10-01,40
1374,2024-11-01,39
1374,2024-12-01,36
1374,2025-01-01,36
1374,2025-02-01,35
1374,2025-03-01,35
1374,2025-04-01,34
1374,2025-05-01,32
1374,2025-06-01,31
1374,2025-07-01,29
1374,2025-08-01,28
1374,2025-09-01,28
1374,2025-10-01,28
1374,2025-11-01,27
1374,2025-12-01,24
1375,2024-01-01,30
1375,2024-02-01,27
1375,2024-03-01,27
1375,2024-04-01,24
1375,2024-05-01,23
1375,2024-06-01,20
1375,2024-07-01,19
1375,2024-08-01,19
1375,2024-09-01,17
1375,2024-10-01,17
1375,2024-11-01,17
1375,2024-12-01,16
1375,2025-01-01,16
1375,2025-02-01,16
1375,2025-03-01,13
1375,2025-04-01,12
1375,2025-05-01,9
1375,2025-06-01,8
1375,2025-07-01,5
1375,2025-08-01,2
1375,2025-09-01,1
1375,2025-10-01,1
1375,2025-11-01,1
1375,2025-12-01,1
1376,2024-01-01,40
1376,2024-02-01,38
1376,2024-03-01,36
1376,2024-04-01,34
1376,2024-05-01,34
1376,2024-06-01,34
1376,2024-07-01,31
1376,2024-08-01,31
1376,2024-09-01,29
1376,2024-10-01,28
1376,2024-11-01,28
1376,2024-12-01,26
1376,2025-01-01,24
1376,2025-02-01,22
1376,2025-03-01,20
1376,2025-04-01,17
1376,2025-05-01,15
1376,2025-06-01,13
1376,2025-07-01,10
1376,2025-08-01,10
1376,2025-09-01,9
1376,2025-10-01,6
1376,2025-11-01,3
1376,2025-12-01,3
1377,2024-01-01,58
1377,2024-02-01,57
1377,2024-03-01,54
1377,2024-04-01,53
1377,2024-05-01,51
1377,2024-06-01,50
1377,2024-07-01,48
1377,2024-08-01,47
1377,2024-09-01,44
1377,2024-10-01,43
1377,2024-11-01,43
1377,2024-12-01,42
1377,2025-01-01,39
1377,2025-02-01,37
1377,2025-03-01,36
1377,2025-04-01,35
1377,2025-05-01,35
1377,2025-06-01,33
1377,2025-07-01,31
1377,2025-08-01,29
1377,2025-09-01,26
1377,2025-10-01,23
1377,2025-11-01,23
1377,2025-12-01,22
1378,2024-01-01,41
1378,2024-02-01,40
1378,2024-03-01,39
1378,2024-04-01,38
1378,2024-05-01,38
1378,2024-06-01,35
1378,2024-07-01,32
1378,2024-08-01,31
1378,2024-09-01,31
1378,2024-10-01,31
1378,2024-11-01,28
1378,2024-12-01,25
1378,2025-01-01,25
1378,2025-02-01,23
1378,2025-03-01,23
1378,2025-04-01,21
1378,2025-05-01,18
1378,2025-06-01,18
1378,2025-07-01,18
1378,2025-08-01,18
1378,2025-09-01,18
1378,2025-10-01,17
1378,2025-11-01,16
1378,2025-12-01,13
1379,2024-01-01,55
1379,2024-02-01,54
1379,2024-03-01,51
1379,2024-04-01,49
1379,2024-05-01,48
1379,2024-06-01,47
1379,2024-07-01,46
1379,2024-08-01,46
1379,2024-09-01,44
1379,2024-10-01,44
1379,2024-11-01,41
1379,2024-12-01,39
1379,2025-01-01,39
1379,2025-02-01,38
1379,2025-03-01,36
1379,2025-04-01,35
1379,2025-05-01,32
1379,2025-06-01,30
1379,2025-07-01,27
1379,2025-08-01,24
1379,2025-09-01,21
1379,2025-10-01,19
1379,2025-11-01,16
1379,2025-12-01,16
1380,2024-01-01,73
1380,2024-02-01,72
1380,2024-03-01,69
1380,2024-04-01,66
1380,2024-05-01,65
1380,2024-06-01,63
1380,2024-07-01,61
1380,2024-08-01,58
1380,2024-09-01,58
1380,2024-10-01,58
1380,2024-11-01,58
1380,2024-12-01,55
1380,2025-01-01,55
1380,2025-02-01,55
1380,2025-03-01,53
1380,2025-04-01,50
1380,2025-05-01,48
1380,2025-06-01,47
1380,2025-07-01,45
1380,2025-08-01,42
1380,2025-09-01,42
1380,2025-10-01,39
1380,2025-11-01,37
1380,2025-12-01,34
1381,2024-01-01,49
1381,2024-02-01,47
1381,2024-03-01,46
1381,2024-04-01,45
1381,2024-05-01,43
1381,2024-06-01,40
1381,2024-07-01,38
1381,2024-08-01,38
1381,2024-09-01,37
1381,2024-10-01,37
1381,2024-11-01,34
1381,2024-12-01,34
1381,2025-01-01,32
1381,2025-02-01,30
1381,2025-03-01,28
1381,2025-04-01,28
1381,2025-05-01,28
1381,2025-06-01,28
1381,2025-07-01,26
1381,2025-08-01,24
1381,2025-09-01,22
1381,2025-10-01,22
1381,2025-11-01,22
1381,2025-12-01,19
1382,2024-01-01,47
1382,2024-02-01,47
1382,2024-03-01,46
1382,2024-04-01,46
1382,2024-05-01,46
1382,2024-06-01,44
1382,2024-07-01,43
1382,2024-08-01,43
1382,2024-09-01,42
1382,2024-10-01,41
1382,2024-11-01,39
1382,2024-12-01,38
1382,2025-01-01,35
1382,2025-02-01,32
1382,2025-03-01,30
1382,2025-04-01,28
1382,2025-05-01,25
1382,2025-06-01,23
1382,2025-07-01,22
1382,2025-08-01,22
1382,2025-09-01,20
1382,2025-10-01,17
1382,2025-11-01,17
1382,2025-12-01,16
1383,2024-01-01,69
1383,2024-02-01,69
1383,2024-03-01,66
1383,2024-04-01,64
1383,2024-05-01,62
1383,2024-06-01,59
1383,2024-07-01,57
1383,2024-08-01,56
1383,2024-09-01,56
1383,2024-10-01,53
1383,2024-11-01,50
1383,2024-12-01,47
1383,2025-01-01,46
1383,2025-02-01,45
1383,2025-03-01,44
1383,2025-04-01,41
1383,2025-05-01,40
1383,2025-06-01,38
1383,2025-07-01,38
1383,2025-08-01,36
1383,2025-09-01,34
1383,2025-10-01,33
1383,2025-11-01,30
1383,2025-12-01,28
1384,2024-01-01,35
1384,2024-02-01,33
1384,2024-03-01,32
1384,2024-04-01,32
1384,2024-05-01,31
1384,2024-06-01,28
1384,2024-07-01,26
1384,2024-08-01,24
1384,2024-09-01,21
1384,2024-10-01,21
1384,2024-11-01,21
1384,2024-12-01,20
1384,2025-01-01,18
1384,2025-02-01,18
1384,2025-03-01,15
1384,2025-04-01,12
1384,2025-05-01,9
1384,2025-06-01,9
1384,2025-07-01,6
1384,2025-08-01,4
1384,2025-09-01,4
1384,2025-10-01,4
1384,2025-11-01,2
1384,2025-12-01,1
1385,2024-01-01,74
1385,2024-02-01,72
1385,2024-03-01,71
1385,2024-04-01,68
1385,2024-05-01,65
1385,2024-06-01,63
1385,2024-07-01,63
1385,2024-08-01,62
1385,2024-09-01,61
1385,2024-10-01,61
1385,2024-11-01,60
1385,2024-12-01,60
1385,2025-01-01,59
1385,2025-02-01,59
1385,2025-03-01,57
1385,2025-04-01,55
1385,2025-05-01,54
1385,2025-06-01,53
1385,2025-07-01,51
1385,2025-08-01,48
1385,2025-09-01,48
1385,2025-10-01,45
1385,2025-11-01,44
1385,2025-12-01,42
1386,2024-01-01,42
1386,2024-02-01,40
1386,2024-03-01,38
1386,2024-04-01,36
1386,2024-05-01,36
1386,2024-06-01,35
1386,2024-07-01,32
1386,2024-08-01,32
1386,2024-09-01,29
1386,2024-10-01,29
1386,2024-11-01,27
1386,2024-12-01,27
1386,2025-01-01,26
1386,2025-02-01,25
1386,2025-03-01,22
1386,2025-04-01,20
1386,2025-05-01,18
1386,2025-06-01,15
1386,2025-07-01,14
1386,2025-08-01,13
1386,2025-09-01,10
1386,2025-10-01,8
1386,2025-11-01,5
1386,2025-12-01,2
1387,2024-01-01,73
1387,2024-02-01,72
1387,2024-03-01,69
1387,2024-04-01,67
1387,2024-05-01,65
1387,2024-06-01,64
1387,2024-07-01,62
1387,2024-08-01,59
1387,2024-09-01,58
1387,2024-10-01,56
1387,2024-11-01,53
1387,2024-12-01,51
1387,2025-01-01,51
1387,2025-02-01,49
1387,2025-03-01,48
1387,2025-04-01,45
1387,2025-05-01,42
1387,2025-06-01,41
1387,2025-07-01,41
1387,2025-08-01,38
1387,2025-09-01,37
1387,2025-10-01,35
1387,2025-11-01,35
1387,2025-12-01,34
1388,2024-01-01,27
1388,2024-02-01,24
1388,2024-03-01,24
1388,2024-04-01,22
1388,2024-05-01,21
1388,2024-06-01,18
1388,2024-07-01,17
1388,2024-08-01,16
1388,2024-09-01,15
1388,2024-10-01,15
1388,2024-11-01,14
1388,2024-12-01,14
1388,2025-01-01,14
1388,2025-02-01,12
1388,2025-03-01,9
1388,2025-04-01,8
1388,2025-05-01,6
1388,2025-06-01,4
1388,2025-07-01,2
1388,2025-08-01,1
1388,2025-09-01,1
1388,2025-10-01,1
1388,2025-11-01,1
1388,2025-12-01,1
1389,2024-01-01,32
1389,2024-02-01,29
1389,2024-03-01,28
1389,2024-04-01,28
1389,2024-05-01,25
1389,2024-06-01,22
1389,2024-07-01,20
1389,2024-08-01,20
1389,2024-09-01,18
1389,2024-10-01,17
1389,2024-11-01,17
1389,2024-12-01,17
1389,2025-01-01,14
1389,2025-02-01,14
1389,2025-03-01,13
1389,2025-04-01,12
1389,2025-05-01,12
1389,2025-06-01,9
1389,2025-07-01,8
1389,2025-08-01,6
1389,2025-09-01,5
1389,2025-10-01,5
1389,2025-11-01,3
1389,2025-12-01,3
1390,2024-01-01,44
1390,2024-02-01,41
1390,2024-03-01,38
1390,2024-04-01,37
1390,2024-05-01,37
1390,2024-06-01,35
1390,2024-07-01,33
1390,2024-08-01,31
1390,2024-09-01,28
1390,2024-10-01,25
1390,2024-11-01,25
1390,2024-12-01,23
1390,2025-01-01,21
1390,2025-02-01,18
1390,2025-03-01,15
1390,2025-04-01,13
1390,2025-05-01,11
1390,2025-06-01,10
1390,2025-07-01,7
1390,2025-08-01,7
1390,2025-09-01,7
1390,2025-10-01,5
1390,2025-11-01,2
1390,2025-12-01,2
1391,2024-01-01,49
1391,2024-02-01,47
1391,2024-03-01,45
1391,2024-04-01,42
1391,2024-05-01,42
1391,2024-06-01,41
1391,2024-07-01,41
1391,2024-08-01,38
1391,2024-09-01,38
1391,2024-10-01,37
1391,2024-11-01,37
1391,2024-12-01,36
1391,2025-01-01,33
1391,2025-02-01,31
1391,2025-03-01,30
1391,2025-04-01,27
1391,2025-05-01,25
1391,2025-06-01,24
1391,2025-07-01,22
1391,2025-08-01,22
1391,2025-09-01,19
1391,2025-10-01,16
1391,2025-11-01,13
1391,2025-12-01,10
1392,2024-01-01,33
1392,2024-02-01,31
1392,2024-03-01,28
1392,2024-04-01,25
1392,2024-05-01,24
1392,2024-06-01,23
1392,2024-07-01,22
1392,2024-08-01,22
1392,2024-09-01,20
1392,2024-10-01,20
1392,2024-11-01,17
1392,2024-12-01,16
1392,2025-01-01,13
1392,2025-02-01,11
1392,2025-03-01,9
1392,2025-04-01,9
1392,2025-05-01,9
1392,2025-06-01,8
1392,2025-07-01,7
1392,2025-08-01,4
1392,2025-09-01,3
1392,2025-10-01,2
1392,2025-11-01,1
1392,2025-12-01,1
1393,2024-01-01,24
1393,2024-02-01,21
1393,2024-03-01,18
1393,2024-04-01,15
1393,2024-05-01,12
1393,2024-06-01,9
1393,2024-07-01,8
1393,2024-08-01,8
1393,2024-09-01,8
1393,2024-10-01,8
1393,2024-11-01,7
1393,2024-12-01,5
1393,2025-01-01,4
1393,2025-02-01,4
1393,2025-03-01,4
1393,2025-04-01,1
1393,2025-05-01,1
1393,2025-06-01,1
1393,2025-07-01,1
1393,2025-08-01,1
1393,2025-09-01,1
1393,2025-10-01,1
1393,2025-11-01,1
1393,2025-12-01,1
1394,2024-01-01,37
1394,2024-02-01,34
1394,2024-03-01,31
1394,2024-04-01,29
1394,2024-05-01,28
1394,2024-06-01,25
1394,2024-07-01,23
1394,2024-08-01,20
1394,2024-09-01,19
1394,2024-10-01,16
1394,2024-11-01,16
1394,2024-12-01,13
1394,2025-01-01,13
1394,2025-02-01,13
1394,2025-03-01,11
1394,2025-04-01,9
1394,2025-05-01,9
1394,2025-06-01,9
1394,2025-07-01,6
1394,2025-08-01,3
1394,2025-09-01,3
1394,2025-10-01,1
1394,2025-11-01,1
1394,2025-12-01,1
1395,2024-01-01,29
1395,2024-02-01,29
1395,2024-03-01,26
1395,2024-04-01,24
1395,2024-05-01,22
1395,2024-06-01,20
1395,2024-07-01,18
1395,2024-08-01,15
1395,2024-09-01,15
1395,2024-10-01,15
1395,2024-11-01,13
1395,2024-12-01,13
1395,2025-01-01,10
1395,2025-02-01,10
1395,2025-03-01,10
1395,2025-04-01,9
1395,2025-05-01,9
1395,2025-06-01,9
1395,2025-07-01,7
1395,2025-08-01,5
1395,2025-09-01,4
1395,2025-10-01,1
1395,2025-11-01,1
1395,2025-12-01,1
1396,2024-01-01,72
1396,2024-02-01,70
1396,2024-03-01,70
1396,2024-04-01,70
1396,2024-05-01,70
1396,2024-06-01,70
1396,2024-07-01,70
1396,2024-08-01,70
1396,2024-09-01,70
1396,2024-10-01,70
1396,2024-11-01,68
1396,2024-12-01,67
1396,2025-01-01,67
1396,2025-02-01,65
1396,2025-03-01,65
1396,2025-04-01,62
1396,2025-05-01,62
1396,2025-06-01,61
1396,2025-07-01,59
1396,2025-08-01,56
1396,2025-09-01,53
1396,2025-10-01,53
1396,2025-11-01,52
1396,2025-12-01,51
1397,2024-01-01,40
1397,2024-02-01,38
1397,2024-03-01,36
1397,2024-04-01,36
1397,2024-05-01,36
1397,2024-06-01,33
1397,2024-07-01,32
1397,2024-08-01,30
1397,2024-09-01,30
1397,2024-10-01,30
1397,2024-11-01,28
1397,2024-12-01,25
1397,2025-01-01,22
1397,2025-02-01,22
1397,2025-03-01,21
1397,2025-04-01,20
1397,2025-05-01,20
1397,2025-06-01,18
1397,2025-07-01,17
1397,2025-08-01,15
1397,2025-09-01,13
1397,2025-10-01,11
1397,2025-11-01,8
1397,2025-12-01,7
1398,2024-01-01,66
1398,2024-02-01,66
1398,2024-03-01,64
1398,2024-04-01,63
1398,2024-05-01,62
1398,2024-06-01,62
1398,2024-07-01,59
1398,2024-08-01,58
1398,2024-09-01,57
1398,2024-10-01,54
1398,2024-11-01,51
1398,2024-12-01,50
1398,2025-01-01,47
1398,2025-02-01,47
1398,2025-03-01,47
1398,2025-04-01,45
1398,2025-05-01,44
1398,2025-06-01,44
1398,2025-07-01,44
1398,2025-08-01,44
1398,2025-09-01,42
1398,2025-10-01,39
1398,2025-11-01,37
1398,2025-12-01,35
1399,2024-01-01,28
1399,2024-02-01,27
1399,2024-03-01,26
1399,2024-04-01,26
1399,2024-05-01,24
1399,2024-06-01,22
1399,2024-07-01,22
1399,2024-08-01,19
1399,2024-09-01,18
1399,2024-10-01,16
1399,2024-11-01,13
1399,2024-12-01,10
1399,2025-01-01,8
1399,2025-02-01,6
1399,2025-03-01,3
1399,2025-04-01,2
1399,2025-05-01,1
1399,2025-06-01,1
1399,2025-07-01,1
1399,2025-08-01,1
1399,2025-09-01,1
1399,2025-10-01,1
1399,2025-11-01,1
1399,2025-12-01,1
1400,2024-01-01,60
1400,2024-02-01,57
1400,2024-03-01,55
1400,2024-04-01,52
1400,2024-05-01,51
1400,2024-06-01,51
1400,2024-07-01,50
1400,2024-08-01,48
1400,2024-09-01,48
1400,2024-10-01,48
1400,2024-11-01,48
1400,2024-12-01,45
1400,2025-01-01,43
1400,2025-02-01,42
1400,2025-03-01,39
1400,2025-04-01,39
1400,2025-05-01,38
1400,2025-06-01,37
1400,2025-07-01,36
1400,2025-08-01,34
1400,2025-09-01,31
1400,2025-10-01,29
1400,2025-11-01,29
1400,2025-12-01,29
1401,2024-01-01,32
1401,2024-02-01,31
1401,2024-03-01,29
1401,2024-04-01,26
1401,2024-05-01,24
1401,2024-06-01,24
1401,2024-07-01,23
1401,2024-08-01,22
1401,2024-09-01,20
1401,2024-10-01,20
1401,2024-11-01,17
1401,2024-12-01,16
1401,2025-01-01,15
1401,2025-02-01,15
1401,2025-03-01,14
1401,2025-04-01,11
1401,2025-05-01,9
1401,2025-06-01,9
1401,2025-07-01,8
1401,2025-08-01,7
1401,2025-09-01,4
1401,2025-10-01,2
1401,2025-11-01,1
1401,2025-12-01,1
1402,2024-01-01,73
1402,2024-02-01,72
1402,2024-03-01,71
1402,2024-04-01,70
1402,2024-05-01,70
1402,2024-06-01,68
1402,2024-07-01,68
1402,2024-08-01,66
1402,2024-09-01,65
1402,2024-10-01,65
1402,2024-11-01,65
1402,2024-12-01,62
1402,2025-01-01,60
1402,2025-02-01,57
1402,2025-03-01,57
1402,2025-04-01,57
1402,2025-05-01,56
1402,2025-06-01,53
1402,2025-07-01,50
1402,2025-08-01,47
1402,2025-09-01,45
1402,2025-10-01,45
1402,2025-11-01,42
1402,2025-12-01,41
1403,2024-01-01,39
1403,2024-02-01,39
1403,2024-03-01,38
1403,2024-04-01,35
1403,2024-05-01,32
1403,2024-06-01,31
1403,2024-07-01,29
1403,2024-08-01,28
1403,2024-09-01,28
1403,2024-10-01,27
1403,2024-11-01,26
1403,2024-12-01,26
1403,2025-01-01,23
1403,2025-02-01,23
1403,2025-03-01,22
1403,2025-04-01,22
1403,2025-05-01,21
1403,2025-06-01,18
1403,2025-07-01,17
1403,2025-08-01,16
1403,2025-09-01,13
1403,2025-10-01,13
1403,2025-11-01,11
1403,2025-12-01,9
1404,2024-01-01,48
1404,2024-02-01,45
1404,2024-03-01,45
1404,2024-04-01,43
1404,2024-05-01,41
1404,2024-06-01,38
1404,2024-07-01,35
1404,2024-08-01,33
1404,2024-09-01,33
1404,2024-10-01,33
1404,2024-11-01,33
1404,2024-12-01,32
1404,2025-01-01,32
1404,2025-02-01,31
1404,2025-03-01,30
1404,2025-04-01,27
1404,2025-05-01,26
1404,2025-06-01,25
1404,2025-07-01,22
1404,2025-08-01,22
1404,2025-09-01,22
1404,2025-10-01,20
1404,2025-11-01,18
1404,2025-12-01,17
1405,2024-01-01,43
1405,2024-02-01,41
1405,2024-03-01,39
1405,2024-04-01,38
1405,2024-05-01,35
1405,2024-06-01,33
1405,2024-07-01,33
1405,2024-08-01,30
1405,2024-09-01,27
1405,2024-10-01,26
1405,2024-11-01,23
1405,2024-12-01,20
1405,2025-01-01,17
1405,2025-02-01,14
1405,2025-03-01,11
1405,2025-04-01,8
1405,2025-05-01,5
1405,2025-06-01,5
1405,2025-07-01,2
1405,2025-08-01,1
1405,2025-09-01,1
1405,2025-10-01,1
1405,2025-11-01,1
1405,2025-12-01,1
1406,2024-01-01,19
1406,2024-02-01,19
1406,2024-03-01,17
1406,2024-04-01,16
1406,2024-05-01,15
1406,2024-06-01,15
1406,2024-07-01,15
1406,2024-08-01,13
1406,2024-09-01,10
1406,2024-10-01,10
1406,2024-11-01,10
1406,2024-12-01,10
1406,2025-01-01,8
1406,2025-02-01,5
1406,2025-03-01,2
1406,2025-04-01,1
1406,2025-05-01,1
1406,2025-06-01,1
1406,2025-07-01,1
1406,2025-08-01,1
1406,2025-09-01,1
1406,2025-10-01,1
1406,2025-11-01,1
1406,2025-12-01,1
1407,2024-01-01,44
1407,2024-02-01,42
1407,2024-03-01,41
1407,2024-04-01,41
1407,2024-05-01,39
1407,2024-06-01,37
1407,2024-07-01,37
1407,2024-08-01,34
1407,2024-09-01,33
1407,2024-10-01,30
1407,2024-11-01,27
1407,2024-12-01,26
1407,2025-01-01,25
1407,2025-02-01,25
1407,2025-03-01,25
1407,2025-04-01,25
1407,2025-05-01,24
1407,2025-06-01,21
1407,2025-07-01,20
1407,2025-08-01,20
1407,2025-09-01,17
1407,2025-10-01,17
1407,2025-11-01,14
1407,2025-12-01,14
1408,2024-01-01,23
1408,2024-02-01,21
1408,2024-03-01,18
1408,2024-04-01,17
1408,2024-05-01,17
1408,2024-06-01,14
1408,2024-07-01,11
1408,2024-08-01,11
1408,2024-09-01,11
1408,2024-10-01,11
1408,2024-11-01,10
1408,2024-12-01,8
1408,2025-01-01,5
1408,2025-02-01,2
1408,2025-03-01,1
1408,2025-04-01,1
1408,2025-05-01,1
1408,2025-06-01,1
1408,2025-07-01,1
1408,2025-08-01,1
1408,2025-09-01,1
1408,2025-10-01,1
1408,2025-11-01,1
1408,2025-12-01,1
1409,2024-01-01,53
1409,2024-02-01,50
1409,2024-03-01,49
1409,2024-04-01,47
1409,2024-05-01,45
1409,2024-06-01,44
1409,2024-07-01,44
1409,2024-08-01,44
1409,2024-09-01,44
1409,2024-10-01,44
1409,2024-11-01,43
1409,2024-12-01,40
1409,2025-01-01,40
1409,2025-02-01,38
1409,2025-03-01,38
1409,2025-04-01,35
1409,2025-05-01,34
1409,2025-06-01,31
1409,2025-07-01,28
1409,2025-08-01,25
1409,2025-09-01,25
1409,2025-10-01,25
1409,2025-11-01,22
1409,2025-12-01,21
1410,2024-01-01,71
1410,2024-02-01,71
1410,2024-03-01,70
1410,2024-04-01,70
1410,2024-05-01,67
1410,2024-06-01,65
1410,2024-07-01,63
1410,2024-08-01,62
1410,2024-09-01,61
1410,2024-10-01,58
1410,2024-11-01,55
1410,2024-12-01,54
1410,2025-01-01,52
1410,2025-02-01,49
1410,2025-03-01,48
1410,2025-04-01,45
1410,2025-05-01,42
1410,2025-06-01,42
1410,2025-07-01,39
1410,2025-08-01,38
1410,2025-09-01,35
1410,2025-10-01,34
1410,2025-11-01,34
1410,2025-12-01,34
1411,2024-01-01,54
1411,2024-02-01,54
1411,2024-03-01,53
1411,2024-04-01,51
1411,2024-05-01,51
1411,2024-06-01,48
1411,2024-07-01,46
1411,2024-08-01,46
1411,2024-09-01,44
1411,2024-10-01,44
1411,2024-11-01,43
1411,2024-12-01,41
1411,2025-01-01,39
1411,2025-02-01,39
1411,2025-03-01,37
1411,2025-04-01,37
1411,2025-05-01,34
1411,2025-06-01,32
1411,2025-07-01,30
1411,2025-08-01,29
1411,2025-09-01,28
1411,2025-10-01,26
1411,2025-11-01,25
1411,2025-12-01,23
1412,2024-01-01,54
1412,2024-02-01,52
1412,2024-03-01,49
1412,2024-04-01,48
1412,2024-05-01,47
1412,2024-06-01,44
1412,2024-07-01,44
1412,2024-08-01,44
1412,2024-09-01,44
1412,2024-10-01,41
1412,2024-11-01,39
1412,2024-12-01,39
1412,2025-01-01,39
1412,2025-02-01,36
1412,2025-03-01,35
1412,2025-04-01,32
1412,2025-05-01,31
1412,2025-06-01,31
1412,2025-07-01,31
1412,2025-08-01,29
1412,2025-09-01,27
1412,2025-10-01,26
1412,2025-11-01,26
1412,2025-12-01,26
1413,2024-01-01,79
1413,2024-02-01,79
1413,2024-03-01,76
1413,2024-04-01,73
1413,2024-05-01,73
1413,2024-06-01,71
1413,2024-07-01,69
1413,2024-08-01,69
1413,2024-09-01,67
1413,2024-10-01,64
1413,2024-11-01,62
1413,2024-12-01,62
1413,2025-01-01,60
1413,2025-02-01,60
1413,2025-03-01,58
1413,2025-04-01,58
1413,2025-05-01,58
1413,2025-06-01,56
1413,2025-07-01,54
1413,2025-08-01,51
1413,2025-09-01,50
1413,2025-10-01,50
1413,2025-11-01,50
1413,2025-12-01,50
1414,2024-01-01,70
1414,2024-02-01,68
1414,2024-03-01,67
1414,2024-04-01,67
1414,2024-05-01,66
1414,2024-06-01,63
1414,2024-07-01,62
1414,2024-08-01,61
1414,2024-09-01,58
1414,2024-10-01,55
1414,2024-11-01,54
1414,2024-12-01,51
1414,2025-01-01,50
1414,2025-02-01,48
1414,2025-03-01,46
1414,2025-04-01,45
1414,2025-05-01,42
1414,2025-06-01,39
1414,2025-07-01,37
1414,2025-08-01,35
1414,2025-09-01,32
1414,2025-10-01,29
1414,2025-11-01,26
1414,2025-12-01,23
1415,2024-01-01,37
1415,2024-02-01,35
1415,2024-03-01,35
1415,2024-04-01,32
1415,2024-05-01,31
1415,2024-06-01,31
1415,2024-07-01,31
1415,2024-08-01,30
1415,2024-09-01,30
1415,2024-10-01,30
1415,2024-11-01,28
1415,2024-12-01,28
1415,2025-01-01,27
1415,2025-02-01,24
1415,2025-03-01,21
1415,2025-04-01,18
1415,2025-05-01,16
1415,2025-06-01,14
1415,2025-07-01,12
1415,2025-08-01,11
1415,2025-09-01,8
1415,2025-10-01,7
1415,2025-11-01,6
1415,2025-12-01,6
1416,2024-01-01,43
1416,2024-02-01,41
1416,2024-03-01,39
1416,2024-04-01,38
1416,2024-05-01,37
1416,2024-06-01,37
1416,2024-07-01,37
1416,2024-08-01,36
1416,2024-09-01,33
1416,2024-10-01,32
1416,2024-11-01,29
1416,2024-12-01,29
1416,2025-01-01,27
1416,2025-02-01,25
1416,2025-03-01,25
1416,2025-04-01,25
1416,2025-05-01,23
1416,2025-06-01,20
1416,2025-07-01,20
1416,2025-08-01,17
1416,2025-09-01,14
1416,2025-10-01,12
1416,2025-11-01,9
1416,2025-12-01,7
1417,2024-01-01,59
1417,2024-02-01,58
1417,2024-03-01,57
1417,2024-04-01,56
1417,2024-05-01,55
1417,2024-06-01,54
1417,2024-07-01,51
1417,2024-08-01,48
1417,2024-09-01,47
1417,2024-10-01,47
1417,2024-11-01,47
1417,2024-12-01,44
1417,2025-01-01,41
1417,2025-02-01,40
1417,2025-03-01,40
1417,2025-04-01,38
1417,2025-05-01,37
1417,2025-06-01,34
1417,2025-07-01,31
1417,2025-08-01,28
1417,2025-09-01,26
1417,2025-10-01,26
1417,2025-11-01,23
1417,2025-12-01,22
1418,2024-01-01,46
1418,2024-02-01,45
1418,2024-03-01,44
1418,2024-04-01,42
1418,2024-05-01,40
1418,2024-06-01,38
1418,2024-07-01,35
1418,2024-08-01,35
1418,2024-09-01,32
1418,2024-10-01,30
1418,2024-11-01,28
1418,2024-12-01,26
1418,2025-01-01,23
1418,2025-02-01,22
1418,2025-03-01,20
1418,2025-04-01,17
1418,2025-05-01,15
1418,2025-06-01,12
1418,2025-07-01,12
1418,2025-08-01,12
1418,2025-09-01,9
1418,2025-10-01,7
1418,2025-11-01,4
1418,2025-12-01,4
1419,2024-01-01,67
1419,2024-02-01,67
1419,2024-03-01,66
1419,2024-04-01,64
1419,2024-05-01,61
1419,2024-06-01,59
1419,2024-07-01,57
1419,2024-08-01,57
1419,2024-09-01,57
1419,2024-10-01,54
1419,2024-11-01,51
1419,2024-12-01,48
1419,2025-01-01,48
1419,2025-02-01,47
1419,2025-03-01,44
1419,2025-04-01,44
1419,2025-05-01,43
1419,2025-06-01,41
1419,2025-07-01,41
1419,2025-08-01,38
1419,2025-09-01,35
1419,2025-10-01,34
1419,2025-11-01,33
1419,2025-12-01,33
1420,2024-01-01,65
1420,2024-02-01,64
1420,2024-03-01,62
1420,2024-04-01,59
1420,2024-05-01,56
1420,2024-06-01,54
1420,2024-07-01,51
1420,2024-08-01,48
1420,2024-09-01,45
1420,2024-10-01,42
1420,2024-11-01,40
1420,2024-12-01,40
1420,2025-01-01,37
1420,2025-02-01,35
1420,2025-03-01,32
1420,2025-04-01,30
1420,2025-05-01,28
1420,2025-06-01,28
1420,2025-07-01,27
1420,2025-08-01,27
1420,2025-09-01,27
1420,2025-10-01,24
1420,2025-11-01,22
1420,2025-12-01,21
1421,2024-01-01,23
1421,2024-02-01,21
1421,2024-03-01,18
1421,2024-04-01,18
1421,2024-05-01,18
1421,2024-06-01,15
1421,2024-07-01,15
1421,2024-08-01,13
1421,2024-09-01,12
1421,2024-10-01,11
1421,2024-11-01,9
1421,2024-12-01,8
1421,2025-01-01,6
1421,2025-02-01,3
1421,2025-03-01,2
1421,2025-04-01,1
1421,2025-05-01,1
1421,2025-06-01,1
1421,2025-07-01,1
1421,2025-08-01,1
1421,2025-09-01,1
1421,2025-10-01,1
1421,2025-11-01,1
1421,2025-12-01,1
1422,2024-01-01,74
1422,2024-02-01,72
1422,2024-03-01,72
1422,2024-04-01,71
1422,2024-05-01,69
1422,2024-06-01,66
1422,2024-07-01,66
1422,2024-08-01,65
1422,2024-09-01,64
1422,2024-10-01,64
1422,2024-11-01,61
1422,2024-12-01,61
1422,2025-01-01,58
1422,2025-02-01,57
1422,2025-03-01,57
1422,2025-04-01,54
1422,2025-05-01,51
1422,2025-06-01,49
1422,2025-07-01,46
1422,2025-08-01,46
1422,2025-09-01,46
1422,2025-10-01,43
1422,2025-11-01,43
1422,2025-12-01,42
1423,2024-01-01,57
1423,2024-02-01,54
1423,2024-03-01,53
1423,2024-04-01,50
1423,2024-05-01,50
1423,2024-06-01,48
1423,2024-07-01,47
1423,2024-08-01,47
1423,2024-09-01,46
1423,2024-10-01,43
1423,2024-11-01,41
1423,2024-12-01,39
1423,2025-01-01,39
1423,2025-02-01,38
1423,2025-03-01,36
1423,2025-04-01,35
1423,2025-05-01,32
1423,2025-06-01,29
1423,2025-07-01,29
1423,2025-08-01,27
1423,2025-09-01,25
1423,2025-10-01,24
1423,2025-11-01,21
1423,2025-12-01,19
1424,2024-01-01,48
1424,2024-02-01,46
1424,2024-03-01,46
1424,2024-04-01,44
1424,2024-05-01,42
1424,2024-06-01,40
1424,2024-07-01,38
1424,2024-08-01,37
1424,2024-09-01,35
1424,2024-10-01,35
1424,2024-11-01,32
1424,2024-12-01,31
1424,2025-01-01,28
1424,2025-02-01,25
1424,2025-03-01,22
1424,2025-04-01,19
1424,2025-05-01,16
1424,2025-06-01,16
1424,2025-07-01,14
1424,2025-08-01,14
1424,2025-09-01,13
1424,2025-10-01,13
1424,2025-11-01,12
1424,2025-12-01,10
1425,2024-01-01,49
1425,2024-02-01,49
1425,2024-03-01,49
1425,2024-04-01,47
1425,2024-05-01,45
1425,2024-06-01,45
1425,2024-07-01,43
1425,2024-08-01,42
1425,2024-09-01,41
1425,2024-10-01,41
1425,2024-11-01,41
1425,2024-12-01,39
1425,2025-01-01,37
1425,2025-02-01,34
1425,2025-03-01,33
1425,2025-04-01,33
1425,2025-05-01,33
1425,2025-06-01,33
1425,2025-07-01,33
1425,2025-08-01,30
1425,2025-09-01,29
1425,2025-10-01,26
1425,2025-11-01,25
1425,2025-12-01,25
1426,2024-01-01,61
1426,2024-02-01,58
1426,2024-03-01,57
1426,2024-04-01,55
1426,2024-05-01,54
1426,2024-06-01,54
1426,2024-07-01,52
1426,2024-08-01,52
1426,2024-09-01,50
1426,2024-10-01,48
1426,2024-11-01,47
1426,2024-12-01,46
1426,2025-01-01,44
1426,2025-02-01,42
1426,2025-03-01,40
1426,2025-04-01,40
1426,2025-05-01,39
1426,2025-06-01,39
1426,2025-07-01,38
1426,2025-08-01,35
1426,2025-09-01,35
1426,2025-10-01,34
1426,2025-11-01,32
1426,2025-12-01,30
1427,2024-01-01,67
1427,2024-02-01,65
1427,2024-03-01,62
1427,2024-04-01,59
1427,2024-05-01,56
1427,2024-06-01,56
1427,2024-07-01,53
1427,2024-08-01,50
1427,2024-09-01,47
1427,2024-10-01,46
1427,2024-11-01,44
1427,2024-12-01,43
1427,2025-01-01,40
1427,2025-02-01,40
1427,2025-03-01,39
1427,2025-04-01,36
1427,2025-05-01,36
1427,2025-06-01,36
1427,2025-07-01,36
1427,2025-08-01,34
1427,2025-09-01,34
1427,2025-10-01,31
1427,2025-11-01,30
1427,2025-12-01,29
1428,2024-01-01,37
1428,2024-02-01,35
1428,2024-03-01,35
1428,2024-04-01,32
1428,2024-05-01,32
1428,2024-06-01,32
1428,2024-07-01,29
1428,2024-08-01,27
1428,2024-09-01,25
1428,2024-10-01,24
1428,2024-11-01,21
1428,2024-12-01,21
1428,2025-01-01,18
1428,2025-02-01,18
1428,2025-03-01,17
1428,2025-04-01,16
1428,2025-05-01,15
1428,2025-06-01,14
1428,2025-07-01,14
1428,2025-08-01,12
1428,2025-09-01,12
1428,2025-10-01,11
1428,2025-11-01,9
1428,2025-12-01,6
1429,2024-01-01,29
1429,2024-02-01,28
1429,2024-03-01,25
1429,2024-04-01,23
1429,2024-05-01,21
1429,2024-06-01,19
1429,2024-07-01,19
1429,2024-08-01,16
1429,2024-09-01,13
1429,2024-10-01,10
1429,2024-11-01,9
1429,2024-12-01,9
1429,2025-01-01,9
1429,2025-02-01,6
1429,2025-03-01,6
1429,2025-04-01,3
1429,2025-05-01,1
1429,2025-06-01,1
1429,2025-07-01,1
1429,2025-08-01,1
1429,2025-09-01,1
1429,2025-10-01,1
1429,2025-11-01,1
1429,2025-12-01,1
1430,2024-01-01,74
1430,2024-02-01,72
1430,2024-03-01,72
1430,2024-04-01,72
1430,2024-05-01,71
1430,2024-06-01,70
1430,2024-07-01,70
1430,2024-08-01,70
1430,2024-09-01,68
1430,2024-10-01,65
1430,2024-11-01,62
1430,2024-12-01,60
1430,2025-01-01,60
1430,2025-02-01,59
1430,2025-03-01,58
1430,2025-04-01,58
1430,2025-05-01,56
1430,2025-06-01,56
1430,2025-07-01,55
1430,2025-08-01,55
1430,2025-09-01,55
1430,2025-10-01,53
1430,2025-11-01,50
1430,2025-12-01,49
1431,2024-01-01,33
1431,2024-02-01,32
1431,2024-03-01,31
1431,2024-04-01,28
1431,2024-05-01,27
1431,2024-06-01,26
1431,2024-07-01,24
1431,2024-08-01,22
1431,2024-09-01,20
1431,2024-10-01,18
1431,2024-11-01,16
1431,2024-12-01,13
1431,2025-01-01,12
1431,2025-02-01,12
1431,2025-03-01,9
1431,2025-04-01,9
1431,2025-05-01,7
1431,2025-06-01,6
1431,2025-07-01,4
1431,2025-08-01,1
1431,2025-09-01,1
1431,2025-10-01,1
1431,2025-11-01,1
1431,2025-12-01,1
1432,2024-01-01,56
1432,2024-02-01,53
1432,2024-03-01,53
1432,2024-04-01,53
1432,2024-05-01,50
1432,2024-06-01,47
1432,2024-07-01,45
1432,2024-08-01,43
1432,2024-09-01,43
1432,2024-10-01,41
1432,2024-11-01,41
1432,2024-12-01,40
1432,2025-01-01,38
1432,2025-02-01,38
1432,2025-03-01,38
1432,2025-04-01,35
1432,2025-05-01,35
1432,2025-06-01,33
1432,2025-07-01,30
1432,2025-08-01,27
1432,2025-09-01,25
1432,2025-10-01,24
1432,2025-11-01,22
1432,2025-12-01,20
1433,2024-01-01,61
1433,2024-02-01,60
1433,2024-03-01,59
1433,2024-04-01,58
1433,2024-05-01,55
1433,2024-06-01,53
1433,2024-07-01,53
1433,2024-08-01,51
1433,2024-09-01,50
1433,2024-10-01,48
1433,2024-11-01,45
1433,2024-12-01,43
1433,2025-01-01,40
1433,2025-02-01,40
1433,2025-03-01,40
1433,2025-04-01,37
1433,2025-05-01,35
1433,2025-06-01,34
1433,2025-07-01,31
1433,2025-08-01,29
1433,2025-09-01,27
1433,2025-10-01,25
1433,2025-11-01,24
1433,2025-12-01,23
1434,2024-01-01,46
1434,2024-02-01,43
1434,2024-03-01,42
1434,2024-04-01,39
1434,2024-05-01,38
1434,2024-06-01,35
1434,2024-07-01,33
1434,2024-08-01,32
1434,2024-09-01,29
1434,2024-10-01,27
1434,2024-11-01,25
1434,2024-12-01,22
1434,2025-01-01,20
1434,2025-02-01,20
1434,2025-03-01,19
1434,2025-04-01,18
1434,2025-05-01,16
1434,2025-06-01,13
1434,2025-07-01,13
1434,2025-08-01,10
1434,2025-09-01,9
1434,2025-10-01,7
1434,2025-11-01,7
1434,2025-12-01,5
1435,2024-01-01,18
1435,2024-02-01,15
1435,2024-03-01,14
1435,2024-04-01,12
1435,2024-05-01,10
1435,2024-06-01,10
1435,2024-07-01,7
1435,2024-08-01,4
1435,2024-09-01,4
1435,2024-10-01,1
1435,2024-11-01,1
1435,2024-12-01,1
1435,2025-01-01,1
1435,2025-02-01,1
1435,2025-03-01,1
1435,2025-04-01,1
1435,2025-05-01,1
1435,2025-06-01,1
1435,2025-07-01,1
1435,2025-08-01,1
1435,2025-09-01,1
1435,2025-10-01,1
1435,2025-11-01,1
1435,2025-12-01,1
1436,2024-01-01,59
1436,2024-02-01,56
1436,2024-03-01,56
1436,2024-04-01,53
1436,2024-05-01,52
1436,2024-06-01,52
1436,2024-07-01,50
1436,2024-08-01,48
1436,2024-09-01,45
1436,2024-10-01,43
1436,2024-11-01,41
1436,2024-12-01,38
1436,2025-01-01,35
1436,2025-02-01,35
1436,2025-03-01,35
1436,2025-04-01,32
1436,2025-05-01,31
1436,2025-06-01,30
1436,2025-07-01,30
1436,2025-08-01,30
1436,2025-09-01,27
1436,2025-10-01,26
1436,2025-11-01,23
1436,2025-12-01,23
1437,2024-01-01,60
1437,2024-02-01,58
1437,2024-03-01,55
1437,2024-04-01,54
1437,2024-05-01,54
1437,2024-06-01,53
1437,2024-07-01,52
1437,2024-08-01,52
1437,2024-09-01,51
1437,2024-10-01,49
1437,2024-11-01,49
1437,2024-12-01,47
1437,2025-01-01,44
1437,2025-02-01,42
1437,2025-03-01,39
1437,2025-04-01,36
1437,2025-05-01,36
1437,2025-06-01,34
1437,2025-07-01,32
1437,2025-08-01,30
1437,2025-09-01,30
1437,2025-10-01,27
1437,2025-11-01,24
1437,2025-12-01,21
1438,2024-01-01,64
1438,2024-02-01,63
1438,2024-03-01,61
1438,2024-04-01,58
1438,2024-05-01,57
1438,2024-06-01,56
1438,2024-07-01,54
1438,2024-08-01,54
1438,2024-09-01,53
1438,2024-10-01,53
1438,2024-11-01,53
1438,2024-12-01,51
1438,2025-01-01,50
1438,2025-02-01,47
1438,2025-03-01,46
1438,2025-04-01,43
1438,2025-05-01,40
1438,2025-06-01,40
1438,2025-07-01,37
1438,2025-08-01,35
1438,2025-09-01,34
1438,2025-10-01,34
1438,2025-11-01,34
1438,2025-12-01,31
1439,2024-01-01,74
1439,2024-02-01,72
1439,2024-03-01,72
1439,2024-04-01,72
1439,2024-05-01,70
1439,2024-06-01,67
1439,2024-07-01,67
1439,2024-08-01,64
1439,2024-09-01,64
1439,2024-10-01,62
1439,2024-11-01,62
1439,2024-12-01,62
1439,2025-01-01,62
1439,2025-02-01,60
1439,2025-03-01,58
1439,2025-04-01,56
1439,2025-05-01,55
1439,2025-06-01,54
1439,2025-07-01,53
1439,2025-08-01,52
1439,2025-09-01,50
1439,2025-10-01,50
1439,2025-11-01,48
1439,2025-12-01,47
1440,2024-01-01,72
1440,2024-02-01,70
1440,2024-03-01,70
1440,2024-04-01,69
1440,2024-05-01,69
1440,2024-06-01,69
1440,2024-07-01,69
1440,2024-08-01,68
1440,2024-09-01,66
1440,2024-10-01,65
1440,2024-11-01,64
1440,2024-12-01,62
1440,2025-01-01,60
1440,2025-02-01,58
1440,2025-03-01,55
1440,2025-04-01,52
1440,2025-05-01,50
1440,2025-06-01,50
1440,2025-07-01,47
1440,2025-08-01,46
1440,2025-09-01,45
1440,2025-10-01,42
1440,2025-11-01,41
1440,2025-12-01,39
1441,2024-01-01,26
1441,2024-02-01,26
1441,2024-03-01,25
1441,2024-04-01,24
1441,2024-05-01,24
1441,2024-06-01,21
1441,2024-07-01,21
1441,2024-08-01,20
1441,2024-09-01,17
1441,2024-10-01,15
1441,2024-11-01,12
1441,2024-12-01,9
1441,2025-01-01,7
1441,2025-02-01,4
1441,2025-03-01,3
1441,2025-04-01,2
1441,2025-05-01,1
1441,2025-06-01,1
1441,2025-07-01,1
1441,2025-08-01,1
1441,2025-09-01,1
1441,2025-10-01,1
1441,2025-11-01,1
1441,2025-12-01,1
1442,2024-01-01,23
1442,2024-02-01,22
1442,2024-03-01,19
1442,2024-04-01,18
1442,2024-05-01,17
1442,2024-06-01,14
1442,2024-07-01,13
1442,2024-08-01,13
1442,2024-09-01,12
1442,2024-10-01,12
1442,2024-11-01,12
1442,2024-12-01,12
1442,2025-01-01,11
1442,2025-02-01,10
1442,2025-03-01,8
1442,2025-04-01,5
1442,2025-05-01,2
1442,2025-06-01,1
1442,2025-07-01,1
1442,2025-08-01,1
1442,2025-09-01,1
1442,2025-10-01,1
1442,2025-11-01,1
1442,2025-12-01,1
1443,2024-01-01,61
1443,2024-02-01,61
1443,2024-03-01,60
1443,2024-04-01,57
1443,2024-05-01,54
1443,2024-06-01,53
1443,2024-07-01,50
1443,2024-08-01,49
1443,2024-09-01,47
1443,2024-10-01,45
1443,2024-11-01,43
1443,2024-12-01,40
1443,2025-01-01,38
1443,2025-02-01,38
1443,2025-03-01,38
1443,2025-04-01,36
1443,2025-05-01,36
1443,2025-06-01,34
1443,2025-07-01,32
1443,2025-08-01,31
1443,2025-09-01,29
1443,2025-10-01,29
1443,2025-11-01,26
1443,2025-12-01,24
1444,2024-01-01,73
1444,2024-02-01,72
1444,2024-03-01,70
1444,2024-04-01,68
1444,2024-05-01,66
1444,2024-06-01,64
1444,2024-07-01,64
1444,2024-08-01,61
1444,2024-09-01,59
1444,2024-10-01,58
1444,2024-11-01,58
1444,2024-12-01,58
1444,2025-01-01,58
1444,2025-02-01,57
1444,2025-03-01,54
1444,2025-04-01,53
1444,2025-05-01,52
1444,2025-06-01,51
1444,2025-07-01,49
1444,2025-08-01,47
1444,2025-09-01,46
1444,2025-10-01,45
1444,2025-11-01,43
1444,2025-12-01,41
1445,2024-01-01,30
1445,2024-02-01,30
1445,2024-03-01,27
1445,2024-04-01,27
1445,2024-05-01,24
1445,2024-06-01,23
1445,2024-07-01,23
1445,2024-08-01,21
1445,2024-09-01,18
1445,2024-10-01,18
1445,2024-11-01,15
1445,2024-12-01,14
1445,2025-01-01,14
1445,2025-02-01,14
1445,2025-03-01,14
1445,2025-04-01,11
1445,2025-05-01,9
1445,2025-06-01,7
1445,2025-07-01,5
1445,2025-08-01,4
1445,2025-09-01,4
1445,2025-10-01,2
1445,2025-11-01,1
1445,2025-12-01,1
1446,2024-01-01,66
1446,2024-02-01,63
1446,2024-03-01,60
1446,2024-04-01,60
1446,2024-05-01,59
1446,2024-06-01,59
1446,2024-07-01,56
1446,2024-08-01,54
1446,2024-09-01,52
1446,2024-10-01,50
1446,2024-11-01,47
1446,2024-12-01,46
1446,2025-01-01,43
1446,2025-02-01,43
1446,2025-03-01,42
1446,2025-04-01,40
1446,2025-05-01,39
1446,2025-06-01,38
1446,2025-07-01,35
1446,2025-08-01,34
1446,2025-09-01,31
1446,2025-10-01,31
1446,2025-11-01,30
1446,2025-12-01,29
1447,2024-01-01,59
1447,2024-02-01,56
1447,2024-03-01,53
1447,2024-04-01,51
1447,2024-05-01,48
1447,2024-06-01,48
1447,2024-07-01,46
1447,2024-08-01,43
1447,2024-09-01,43
1447,2024-10-01,40
1447,2024-11-01,38
1447,2024-12-01,35
1447,2025-01-01,35
1447,2025-02-01,35
1447,2025-03-01,35
1447,2025-04-01,32
1447,2025-05-01,30
1447,2025-06-01,27
1447,2025-07-01,26
1447,2025-08-01,24
1447,2025-09-01,23
1447,2025-10-01,20
1447,2025-11-01,18
1447,2025-12-01,17
1448,2024-01-01,37
1448,2024-02-01,37
1448,2024-03-01,37
1448,2024-04-01,37
1448,2024-05-01,36
1448,2024-06-01,35
1448,2024-07-01,32
1448,2024-08-01,32
1448,2024-09-01,31
1448,2024-10-01,31
1448,2024-11-01,28
1448,2024-12-01,26
1448,2025-01-01,25
1448,2025-02-01,24
1448,2025-03-01,22
1448,2025-04-01,21
1448,2025-05-01,18
1448,2025-06-01,17
1448,2025-07-01,16
1448,2025-08-01,14
1448,2025-09-01,11
1448,2025-10-01,11
1448,2025-11-01,11
1448,2025-12-01,9
1449,2024-01-01,45
1449,2024-02-01,43
1449,2024-03-01,43
1449,2024-04-01,40
1449,2024-05-01,37
1449,2024-06-01,35
1449,2024-07-01,35
1449,2024-08-01,32
1449,2024-09-01,30
1449,2024-10-01,29
1449,2024-11-01,29
1449,2024-12-01,26
1449,2025-01-01,23
1449,2025-02-01,20
1449,2025-03-01,20
1449,2025-04-01,18
1449,2025-05-01,17
1449,2025-06-01,14
1449,2025-07-01,14
1449,2025-08-01,11
1449,2025-09-01,9
1449,2025-10-01,8
1449,2025-11-01,5
1449,2025-12-01,5
1450,2024-01-01,69
1450,2024-02-01,69
1450,2024-03-01,66
1450,2024-04-01,66
1450,2024-05-01,65
1450,2024-06-01,63
1450,2024-07-01,61
1450,2024-08-01,58
1450,2024-09-01,55
1450,2024-10-01,52
1450,2024-11-01,49
1450,2024-12-01,48
1450,2025-01-01,45
1450,2025-02-01,45
1450,2025-03-01,44
1450,2025-04-01,43
1450,2025-05-01,40
1450,2025-06-01,39
1450,2025-07-01,39
1450,2025-08-01,38
1450,2025-09-01,37
1450,2025-10-01,37
1450,2025-11-01,37
1450,2025-12-01,36
1451,2024-01-01,29
1451,2024-02-01,29
1451,2024-03-01,29
1451,2024-04-01,29
1451,2024-05-01,27
1451,2024-06-01,27
1451,2024-07-01,24
1451,2024-08-01,21
1451,2024-09-01,19
1451,2024-10-01,19
1451,2024-11-01,19
1451,2024-12-01,16
1451,2025-01-01,13
1451,2025-02-01,12
1451,2025-03-01,10
1451,2025-04-01,9
1451,2025-05-01,7
1451,2025-06-01,7
1451,2025-07-01,7
1451,2025-08-01,5
1451,2025-09-01,4
1451,2025-10-01,1
1451,2025-11-01,1
1451,2025-12-01,1
1452,2024-01-01,50
1452,2024-02-01,48
1452,2024-03-01,48
1452,2024-04-01,45
1452,2024-05-01,42
1452,2024-06-01,41
1452,2024-07-01,41
1452,2024-08-01,38
1452,2024-09-01,35
1452,2024-10-01,34
1452,2024-11-01,33
1452,2024-12-01,32
1452,2025-01-01,32
1452,2025-02-01,30
1452,2025-03-01,30
1452,2025-04-01,29
1452,2025-05-01,27
1452,2025-06-01,24
1452,2025-07-01,24
1452,2025-08-01,23
1452,2025-09-01,22
1452,2025-10-01,20
1452,2025-11-01,20
1452,2025-12-01,17
1453,2024-01-01,37
1453,2024-02-01,35
1453,2024-03-01,32
1453,2024-04-01,30
1453,2024-05-01,28
1453,2024-06-01,28
1453,2024-07-01,26
1453,2024-08-01,25
1453,2024-09-01,24
1453,2024-10-01,23
1453,2024-11-01,21
1453,2024-12-01,18
1453,2025-01-01,17
1453,2025-02-01,17
1453,2025-03-01,15
1453,2025-04-01,12
1453,2025-05-01,9
1453,2025-06-01,7
1453,2025-07-01,5
1453,2025-08-01,5
1453,2025-09-01,3
1453,2025-10-01,1
1453,2025-11-01,1
1453,2025-12-01,1
1454,2024-01-01,50
1454,2024-02-01,48
1454,2024-03-01,48
1454,2024-04-01,47
1454,2024-05-01,45
1454,2024-06-01,44
1454,2024-07-01,41
1454,2024-08-01,40
1454,2024-09-01,37
1454,2024-10-01,34
1454,2024-11-01,31
1454,2024-12-01,31
1454,2025-01-01,29
1454,2025-02-01,26
1454,2025-03-01,23
1454,2025-04-01,22
1454,2025-05-01,20
1454,2025-06-01,20
1454,2025-07-01,20
1454,2025-08-01,19
1454,2025-09-01,19
1454,2025-10-01,18
1454,2025-11-01,16
1454,2025-12-01,15
1455,2024-01-01,55
1455,2024-02-01,53
1455,2024-03-01,51
1455,2024-04-01,48
1455,2024-05-01,47
1455,2024-06-01,45
1455,2024-07-01,43
1455,2024-08-01,42
1455,2024-09-01,41
1455,2024-10-01,39
1455,2024-11-01,38
1455,2024-12-01,38
1455,2025-01-01,36
1455,2025-02-01,35
1455,2025-03-01,33
1455,2025-04-01,31
1455,2025-05-01,28
1455,2025-06-01,28
1455,2025-07-01,28
1455,2025-08-01,25
1455,2025-09-01,22
1455,2025-10-01,20
1455,2025-11-01,20
1455,2025-12-01,17
1456,2024-01-01,75
1456,2024-02-01,75
1456,2024-03-01,73
1456,2024-04-01,71
1456,2024-05-01,70
1456,2024-06-01,69
1456,2024-07-01,66
1456,2024-08-01,65
1456,2024-09-01,65
1456,2024-10-01,62
1456,2024-11-01,62
1456,2024-12-01,62
1456,2025-01-01,59
1456,2025-02-01,58
1456,2025-03-01,56
1456,2025-04-01,55
1456,2025-05-01,55
1456,2025-06-01,55
1456,2025-07-01,52
1456,2025-08-01,52
1456,2025-09-01,49
1456,2025-10-01,46
1456,2025-11-01,45
1456,2025-12-01,45
1457,2024-01-01,63
1457,2024-02-01,62
1457,2024-03-01,62
1457,2024-04-01,60
1457,2024-05-01,60
1457,2024-06-01,58
1457,2024-07-01,58
1457,2024-08-01,57
1457,2024-09-01,57
1457,2024-10-01,54
1457,2024-11-01,51
1457,2024-12-01,50
1457,2025-01-01,49
1457,2025-02-01,47
1457,2025-03-01,46
1457,2025-04-01,43
1457,2025-05-01,42
1457,2025-06-01,39
1457,2025-07-01,38
1457,2025-08-01,35
1457,2025-09-01,33
1457,2025-10-01,33
1457,2025-11-01,33
1457,2025-12-01,30
1458,2024-01-01,56
1458,2024-02-01,56
1458,2024-03-01,53
1458,2024-04-01,52
1458,2024-05-01,52
1458,2024-06-01,49
1458,2024-07-01,47
1458,2024-08-01,46
1458,2024-09-01,45
1458,2024-10-01,42
1458,2024-11-01,42
1458,2024-12-01,39
1458,2025-01-01,39
1458,2025-02-01,36
1458,2025-03-01,34
1458,2025-04-01,33
1458,2025-05-01,33
1458,2025-06-01,31
1458,2025-07-01,28
1458,2025-08-01,28
1458,2025-09-01,28
1458,2025-10-01,26
1458,2025-11-01,23
1458,2025-12-01,21
1459,2024-01-01,73
1459,2024-02-01,71
1459,2024-03-01,69
1459,2024-04-01,67
1459,2024-05-01,64
1459,2024-06-01,63
1459,2024-07-01,61
1459,2024-08-01,58
1459,2024-09-01,57
1459,2024-10-01,57
1459,2024-11-01,57
1459,2024-12-01,55
1459,2025-01-01,55
1459,2025-02-01,53
1459,2025-03-01,51
1459,2025-04-01,50
1459,2025-05-01,50
1459,2025-06-01,48
1459,2025-07-01,48
1459,2025-08-01,47
1459,2025-09-01,47
1459,2025-10-01,46
1459,2025-11-01,45
1459,2025-12-01,44
1460,2024-01-01,39
1460,2024-02-01,37
1460,2024-03-01,37
1460,2024-04-01,35
1460,2024-05-01,33
1460,2024-06-01,30
1460,2024-07-01,30
1460,2024-08-01,29
1460,2024-09-01,28
1460,2024-10-01,28
1460,2024-11-01,26
1460,2024-12-01,23
1460,2025-01-01,20
1460,2025-02-01,20
1460,2025-03-01,20
1460,2025-04-01,18
1460,2025-05-01,15
1460,2025-06-01,15
1460,2025-07-01,13
1460,2025-08-01,11
1460,2025-09-01,11
1460,2025-10-01,8
1460,2025-11-01,7
1460,2025-12-01,5
1461,2024-01-01,59
1461,2024-02-01,56
1461,2024-03-01,55
1461,2024-04-01,55
1461,2024-05-01,53
1461,2024-06-01,53
1461,2024-07-01,53
1461,2024-08-01,50
1461,2024-09-01,50
1461,2024-10-01,48
1461,2024-11-01,48
1461,2024-12-01,48
1461,2025-01-01,46
1461,2025-02-01,46
1461,2025-03-01,43
1461,2025-04-01,41
1461,2025-05-01,38
1461,2025-06-01,38
1461,2025-07-01,37
1461,2025-08-01,34
1461,2025-09-01,31
1461,2025-10-01,31
1461,2025-11-01,30
1461,2025-12-01,28
1462,2024-01-01,35
1462,2024-02-01,35
1462,2024-03-01,34
1462,2024-04-01,34
1462,2024-05-01,31
1462,2024-06-01,30
1462,2024-07-01,28
1462,2024-08-01,25
1462,2024-09-01,23
1462,2024-10-01,20
1462,2024-11-01,18
1462,2024-12-01,16
1462,2025-01-01,16
1462,2025-02-01,13
1462,2025-03-01,13
1462,2025-04-01,13
1462,2025-05-01,13
1462,2025-06-01,13
1462,2025-07-01,11
1462,2025-08-01,11
1462,2025-09-01,11
1462,2025-10-01,11
1462,2025-11-01,9
1462,2025-12-01,6
1463,2024-01-01,40
1463,2024-02-01,38
1463,2024-03-01,35
1463,2024-04-01,35
1463,2024-05-01,35
1463,2024-06-01,32
1463,2024-07-01,29
1463,2024-08-01,28
1463,2024-09-01,28
1463,2024-10-01,26
1463,2024-11-01,24
1463,2024-12-01,24
1463,2025-01-01,21
1463,2025-02-01,20
1463,2025-03-01,18
1463,2025-04-01,17
1463,2025-05-01,15
1463,2025-06-01,13
1463,2025-07-01,13
1463,2025-08-01,11
1463,2025-09-01,10
1463,2025-10-01,9
1463,2025-11-01,9
1463,2025-12-01,7
1464,2024-01-01,18
1464,2024-02-01,18
1464,2024-03-01,15
1464,2024-04-01,14
1464,2024-05-01,11
1464,2024-06-01,11
1464,2024-07-01,8
1464,2024-08-01,7
1464,2024-09-01,4
1464,2024-10-01,1
1464,2024-11-01,1
1464,2024-12-01,1
1464,2025-01-01,1
1464,2025-02-01,1
1464,2025-03-01,1
1464,2025-04-01,1
1464,2025-05-01,1
1464,2025-06-01,1
1464,2025-07-01,1
1464,2025-08-01,1
1464,2025-09-01,1
1464,2025-10-01,1
1464,2025-11-01,1
1464,2025-12-01,1
1465,2024-01-01,58
1465,2024-02-01,58
1465,2024-03-01,55
1465,2024-04-01,52
1465,2024-05-01,52
1465,2024-06-01,51
1465,2024-07-01,50
1465,2024-08-01,50
1465,2024-09-01,48
1465,2024-10-01,45
1465,2024-11-01,42
1465,2024-12-01,39
1465,2025-01-01,39
1465,2025-02-01,36
1465,2025-03-01,36
1465,2025-04-01,36
1465,2025-05-01,35
1465,2025-06-01,33
1465,2025-07-01,31
1465,2025-08-01,29
1465,2025-09-01,26
1465,2025-10-01,25
1465,2025-11-01,24
1465,2025-12-01,24
1466,2024-01-01,77
1466,2024-02-01,76
1466,2024-03-01,76
1466,2024-04-01,73
1466,2024-05-01,72
1466,2024-06-01,70
1466,2024-07-01,70
1466,2024-08-01,69
1466,2024-09-01,68
1466,2024-10-01,68
1466,2024-11-01,67
1466,2024-12-01,65
1466,2025-01-01,65
1466,2025-02-01,65
1466,2025-03-01,65
1466,2025-04-01,65
1466,2025-05-01,65
1466,2025-06-01,63
1466,2025-07-01,63
1466,2025-08-01,61
1466,2025-09-01,59
1466,2025-10-01,57
1466,2025-11-01,57
1466,2025-12-01,55
1467,2024-01-01,34
1467,2024-02-01,34
1467,2024-03-01,33
1467,2024-04-01,32
1467,2024-05-01,30
1467,2024-06-01,27
1467,2024-07-01,24
1467,2024-08-01,23
1467,2024-09-01,21
1467,2024-10-01,19
1467,2024-11-01,17
1467,2024-12-01,14
1467,2025-01-01,13
1467,2025-02-01,11
1467,2025-03-01,10
1467,2025-04-01,9
1467,2025-05-01,9
1467,2025-06-01,6
1467,2025-07-01,5
1467,2025-08-01,5
1467,2025-09-01,2
1467,2025-10-01,1
1467,2025-11-01,1
1467,2025-12-01,1
1468,2024-01-01,78
1468,2024-02-01,78
1468,2024-03-01,76
1468,2024-04-01,73
1468,2024-05-01,73
1468,2024-06-01,70
1468,2024-07-01,67
1468,2024-08-01,67
1468,2024-09-01,64
1468,2024-10-01,64
1468,2024-11-01,62
1468,2024-12-01,60
1468,2025-01-01,58
1468,2025-02-01,56
1468,2025-03-01,54
1468,2025-04-01,51
1468,2025-05-01,48
1468,2025-06-01,45
1468,2025-07-01,44
1468,2025-08-01,43
1468,2025-09-01,43
1468,2025-10-01,42
1468,2025-11-01,40
1468,2025-12-01,38
1469,2024-01-01,28
1469,2024-02-01,28
1469,2024-03-01,25
1469,2024-04-01,25
1469,2024-05-01,25
1469,2024-06-01,24
1469,2024-07-01,21
1469,2024-08-01,19
1469,2024-09-01,18
1469,2024-10-01,18
1469,2024-11-01,16
1469,2024-12-01,14
1469,2025-01-01,12
1469,2025-02-01,11
1469,2025-03-01,8
1469,2025-04-01,5
1469,2025-05-01,3
1469,2025-06-01,3
1469,2025-07-01,1
1469,2025-08-01,1
1469,2025-09-01,1
1469,2025-10-01,1
1469,2025-11-01,1
1469,2025-12-01,1
1470,2024-01-01,27
1470,2024-02-01,24
1470,2024-03-01,23
1470,2024-04-01,21
1470,2024-05-01,19
1470,2024-06-01,17
1470,2024-07-01,15
1470,2024-08-01,13
1470,2024-09-01,13
1470,2024-10-01,10
1470,2024-11-01,7
1470,2024-12-01,7
1470,2025-01-01,7
1470,2025-02-01,5
1470,2025-03-01,4
1470,2025-04-01,1
1470,2025-05-01,1
1470,2025-06-01,1
1470,2025-07-01,1
1470,2025-08-01,1
1470,2025-09-01,1
1470,2025-10-01,1
1470,2025-11-01,1
1470,2025-12-01,1
1471,2024-01-01,73
1471,2024-02-01,72
1471,2024-03-01,69
1471,2024-04-01,69
1471,2024-05-01,68
1471,2024-06-01,67
1471,2024-07-01,65
1471,2024-08-01,64
1471,2024-09-01,63
1471,2024-10-01,62
1471,2024-11-01,61
1471,2024-12-01,60
1471,2025-01-01,60
1471,2025-02-01,57
1471,2025-03-01,56
1471,2025-04-01,54
1471,2025-05-01,52
1471,2025-06-01,51
1471,2025-07-01,50
1471,2025-08-01,49
1471,2025-09-01,49
1471,2025-10-01,46
1471,2025-11-01,44
1471,2025-12-01,44
1472,2024-01-01,63
1472,2024-02-01,60
1472,2024-03-01,59
1472,2024-04-01,57
1472,2024-05-01,54
1472,2024-06-01,53
1472,2024-07-01,51
1472,2024-08-01,51
1472,2024-09-01,49
1472,2024-10-01,47
1472,2024-11-01,45
1472,2024-12-01,42
1472,2025-01-01,42
1472,2025-02-01,39
1472,2025-03-01,39
1472,2025-04-01,38
1472,2025-05-01,37
1472,2025-06-01,35
1472,2025-07-01,33
1472,2025-08-01,30
1472,2025-09-01,30
1472,2025-10-01,30
1472,2025-11-01,30
1472,2025-12-01,28
1473,2024-01-01,70
1473,2024-02-01,68
1473,2024-03-01,68
1473,2024-04-01,65
1473,2024-05-01,64
1473,2024-06-01,64
1473,2024-07-01,62
1473,2024-08-01,59
1473,2024-09-01,57
1473,2024-10-01,55
1473,2024-11-01,53
1473,2024-12-01,53
1473,2025-01-01,50
1473,2025-02-01,50
1473,2025-03-01,49
1473,2025-04-01,49
1473,2025-05-01,48
1473,2025-06-01,45
1473,2025-07-01,42
1473,2025-08-01,42
1473,2025-09-01,42
1473,2025-10-01,40
1473,2025-11-01,39
1473,2025-12-01,37
1474,2024-01-01,27
1474,2024-02-01,27
1474,2024-03-01,24
1474,2024-04-01,24
1474,2024-05-01,21
1474,2024-06-01,18
1474,2024-07-01,15
1474,2024-08-01,14
1474,2024-09-01,11
1474,2024-10-01,10
1474,2024-11-01,7
1474,2024-12-01,7
1474,2025-01-01,6
1474,2025-02-01,6
1474,2025-03-01,6
1474,2025-04-01,6
1474,2025-05-01,5
1474,2025-06-01,3
1474,2025-07-01,2
1474,2025-08-01,1
1474,2025-09-01,1
1474,2025-10-01,1
1474,2025-11-01,1
1474,2025-12-01,1
1475,2024-01-01,49
1475,2024-02-01,48
1475,2024-03-01,46
1475,2024-04-01,43
1475,2024-05-01,43
1475,2024-06-01,41
1475,2024-07-01,39
1475,2024-08-01,36
1475,2024-09-01,36
1475,2024-10-01,34
1475,2024-11-01,34
1475,2024-12-01,34
1475,2025-01-01,33
1475,2025-02-01,30
1475,2025-03-01,28
1475,2025-04-01,26
1475,2025-05-01,26
1475,2025-06-01,24
1475,2025-07-01,24
1475,2025-08-01,22
1475,2025-09-01,19
1475,2025-10-01,17
1475,2025-11-01,17
1475,2025-12-01,17
1476,2024-01-01,36
1476,2024-02-01,36
1476,2024-03-01,35
1476,2024-04-01,34
1476,2024-05-01,32
1476,2024-06-01,29
1476,2024-07-01,27
1476,2024-08-01,24
1476,2024-09-01,22
1476,2024-10-01,22
1476,2024-11-01,20
1476,2024-12-01,17
1476,2025-01-01,14
1476,2025-02-01,12
1476,2025-03-01,10
1476,2025-04-01,9
1476,2025-05-01,7
1476,2025-06-01,5
1476,2025-07-01,5
1476,2025-08-01,2
1476,2025-09-01,1
1476,2025-10-01,1
1476,2025-11-01,1
1476,2025-12-01,1
1477,2024-01-01,68
1477,2024-02-01,66
1477,2024-03-01,64
1477,2024-04-01,61
1477,2024-05-01,61
1477,2024-06-01,59
1477,2024-07-01,57
1477,2024-08-01,56
1477,2024-09-01,55
1477,2024-10-01,52
1477,2024-11-01,50
1477,2024-12-01,48
1477,2025-01-01,46
1477,2025-02-01,43
1477,2025-03-01,40
1477,2025-04-01,38
1477,2025-05-01,36
1477,2025-06-01,33
1477,2025-07-01,31
1477,2025-08-01,31
1477,2025-09-01,31
1477,2025-10-01,28
1477,2025-11-01,28
1477,2025-12-01,27
1478,2024-01-01,57
1478,2024-02-01,56
1478,2024-03-01,55
1478,2024-04-01,55
1478,2024-05-01,53
1478,2024-06-01,51
1478,2024-07-01,48
1478,2024-08-01,47
1478,2024-09-01,47
1478,2024-10-01,46
1478,2024-11-01,45
1478,2024-12-01,43
1478,2025-01-01,40
1478,2025-02-01,40
1478,2025-03-01,38
1478,2025-04-01,37
1478,2025-05-01,35
1478,2025-06-01,34
1478,2025-07-01,34
1478,2025-08-01,32
1478,2025-09-01,30
1478,2025-10-01,28
1478,2025-11-01,26
1478,2025-12-01,24
1479,2024-01-01,17
1479,2024-02-01,17
1479,2024-03-01,15
1479,2024-04-01,14
1479,2024-05-01,13
1479,2024-06-01,11
1479,2024-07-01,8
1479,2024-08-01,6
1479,2024-09-01,6
1479,2024-10-01,3
1479,2024-11-01,1
1479,2024-12-01,1
1479,2025-01-01,1
1479,2025-02-01,1
1479,2025-03-01,1
1479,2025-04-01,1
1479,2025-05-01,1
1479,2025-06-01,1
1479,2025-07-01,1
1479,2025-08-01,1
1479,2025-09-01,1
1479,2025-10-01,1
1479,2025-11-01,1
1479,2025-12-01,1
1480,2024-01-01,43
1480,2024-02-01,40
1480,2024-03-01,38
1480,2024-04-01,35
1480,2024-05-01,33
1480,2024-06-01,32
1480,2024-07-01,30
1480,2024-08-01,29
1480,2024-09-01,28
1480,2024-10-01,26
1480,2024-11-01,26
1480,2024-12-01,26
1480,2025-01-01,24
1480,2025-02-01,22
1480,2025-03-01,19
1480,2025-04-01,16
1480,2025-05-01,14
1480,2025-06-01,14
1480,2025-07-01,11
1480,2025-08-01,8
1480,2025-09-01,8
1480,2025-10-01,6
1480,2025-11-01,6
1480,2025-12-01,5
1481,2024-01-01,56
1481,2024-02-01,53
1481,2024-03-01,53
1481,2024-04-01,53
1481,2024-05-01,51
1481,2024-06-01,48
1481,2024-07-01,47
1481,2024-08-01,45
1481,2024-09-01,45
1481,2024-10-01,44
1481,2024-11-01,42
1481,2024-12-01,42
1481,2025-01-01,41
1481,2025-02-01,39
1481,2025-03-01,38
1481,2025-04-01,38
1481,2025-05-01,36
1481,2025-06-01,36
1481,2025-07-01,33
1481,2025-08-01,30
1481,2025-09-01,29
1481,2025-10-01,26
1481,2025-11-01,26
1481,2025-12-01,25
1482,2024-01-01,66
1482,2024-02-01,64
1482,2024-03-01,62
1482,2024-04-01,60
1482,2024-05-01,58
1482,2024-06-01,58
1482,2024-07-01,55
1482,2024-08-01,55
1482,2024-09-01,52
1482,2024-10-01,50
1482,2024-11-01,47
1482,2024-12-01,45
1482,2025-01-01,44
1482,2025-02-01,42
1482,2025-03-01,39
1482,2025-04-01,38
1482,2025-05-01,37
1482,2025-06-01,35
1482,2025-07-01,35
1482,2025-08-01,32
1482,2025-09-01,31
1482,2025-10-01,31
1482,2025-11-01,29
1482,2025-12-01,27
1483,2024-01-01,76
1483,2024-02-01,73
1483,2024-03-01,72
1483,2024-04-01,69
1483,2024-05-01,68
1483,2024-06-01,68
1483,2024-07-01,68
1483,2024-08-01,67
1483,2024-09-01,65
1483,2024-10-01,65
1483,2024-11-01,62
1483,2024-12-01,61
1483,2025-01-01,61
1483,2025-02-01,60
1483,2025-03-01,58
1483,2025-04-01,57
1483,2025-05-01,57
1483,2025-06-01,56
1483,2025-07-01,56
1483,2025-08-01,56
1483,2025-09-01,56
1483,2025-10-01,53
1483,2025-11-01,51
1483,2025-12-01,49
1484,2024-01-01,68
1484,2024-02-01,68
1484,2024-03-01,66
1484,2024-04-01,65
1484,2024-05-01,64
1484,2024-06-01,62
1484,2024-07-01,62
1484,2024-08-01,61
1484,2024-09-01,61
1484,2024-10-01,59
1484,2024-11-01,57
1484,2024-12-01,56
1484,2025-01-01,55
1484,2025-02-01,53
1484,2025-03-01,53
1484,2025-04-01,53
1484,2025-05-01,50
1484,2025-06-01,48
1484,2025-07-01,47
1484,2025-08-01,45
1484,2025-09-01,44
1484,2025-10-01,44
1484,2025-11-01,43
1484,2025-12-01,40
1485,2024-01-01,45
1485,2024-02-01,43
1485,2024-03-01,42
1485,2024-04-01,42
1485,2024-05-01,41
1485,2024-06-01,38
1485,2024-07-01,38
1485,2024-08-01,35
1485,2024-09-01,35
1485,2024-10-01,33
1485,2024-11-01,31
1485,2024-12-01,30
1485,2025-01-01,27
1485,2025-02-01,24
1485,2025-03-01,24
1485,2025-04-01,22
1485,2025-05-01,21
1485,2025-06-01,19
1485,2025-07-01,16
1485,2025-08-01,15
1485,2025-09-01,13
1485,2025-10-01,11
1485,2025-11-01,11
1485,2025-12-01,11
1486,2024-01-01,45
1486,2024-02-01,45
1486,2024-03-01,43
1486,2024-04-01,42
1486,2024-05-01,40
1486,2024-06-01,38
1486,2024-07-01,35
1486,2024-08-01,34
1486,2024-09-01,33
1486,2024-10-01,33
1486,2024-11-01,32
1486,2024-12-01,29
1486,2025-01-01,29
1486,2025-02-01,27
1486,2025-03-01,26
1486,2025-04-01,24
1486,2025-05-01,24
1486,2025-06-01,23
1486,2025-07-01,23
1486,2025-08-01,23
1486,2025-09-01,22
1486,2025-10-01,21
1486,2025-11-01,21
1486,2025-12-01,18
1487,2024-01-01,77
1487,2024-02-01,75
1487,2024-03-01,73
1487,2024-04-01,72
1487,2024-05-01,71
1487,2024-06-01,69
1487,2024-07-01,69
1487,2024-08-01,69
1487,2024-09-01,69
1487,2024-10-01,66
1487,2024-11-01,65
1487,2024-12-01,62
1487,2025-01-01,59
1487,2025-02-01,56
1487,2025-03-01,53
1487,2025-04-01,53
1487,2025-05-01,52
1487,2025-06-01,51
1487,2025-07-01,48
1487,2025-08-01,47
1487,2025-09-01,45
1487,2025-10-01,45
1487,2025-11-01,44
1487,2025-12-01,44
1488,2024-01-01,34
1488,2024-02-01,32
1488,2024-03-01,29
1488,2024-04-01,28
1488,2024-05-01,25
1488,2024-06-01,24
1488,2024-07-01,21
1488,2024-08-01,19
1488,2024-09-01,18
1488,2024-10-01,15
1488,2024-11-01,15
1488,2024-12-01,15
1488,2025-01-01,12
1488,2025-02-01,10
1488,2025-03-01,7
1488,2025-04-01,7
1488,2025-05-01,6
1488,2025-06-01,5
1488,2025-07-01,2
1488,2025-08-01,1
1488,2025-09-01,1
1488,2025-10-01,1
1488,2025-11-01,1
1488,2025-12-01,1
1489,2024-01-01,71
1489,2024-02-01,69
1489,2024-03-01,68
1489,2024-04-01,65
1489,2024-05-01,63
1489,2024-06-01,60
1489,2024-07-01,57
1489,2024-08-01,57
1489,2024-09-01,57
1489,2024-10-01,55
1489,2024-11-01,52
1489,2024-12-01,51
1489,2025-01-01,50
1489,2025-02-01,49
1489,2025-03-01,47
1489,2025-04-01,47
1489,2025-05-01,45
1489,2025-06-01,45
1489,2025-07-01,44
1489,2025-08-01,43
1489,2025-09-01,43
1489,2025-10-01,42
1489,2025-11-01,40
1489,2025-12-01,40
1490,2024-01-01,34
1490,2024-02-01,33
1490,2024-03-01,30
1490,2024-04-01,29
1490,2024-05-01,26
1490,2024-06-01,25
1490,2024-07-01,22
1490,2024-08-01,22
1490,2024-09-01,22
1490,2024-10-01,19
1490,2024-11-01,18
1490,2024-12-01,16
1490,2025-01-01,14
1490,2025-02-01,12
1490,2025-03-01,10
1490,2025-04-01,7
1490,2025-05-01,7
1490,2025-06-01,7
1490,2025-07-01,5
1490,2025-08-01,5
1490,2025-09-01,2
1490,2025-10-01,1
1490,2025-11-01,1
1490,2025-12-01,1
1491,2024-01-01,46
1491,2024-02-01,45
1491,2024-03-01,43
1491,2024-04-01,40
1491,2024-05-01,40
1491,2024-06-01,38
1491,2024-07-01,35
1491,2024-08-01,32
1491,2024-09-01,32
1491,2024-10-01,31
1491,2024-11-01,28
1491,2024-12-01,25
1491,2025-01-01,25
1491,2025-02-01,23
1491,2025-03-01,20
1491,2025-04-01,19
1491,2025-05-01,18
1491,2025-06-01,18
1491,2025-07-01,17
1491,2025-08-01,14
1491,2025-09-01,13
1491,2025-10-01,10
1491,2025-11-01,10
1491,2025-12-01,9
1492,2024-01-01,41
1492,2024-02-01,38
1492,2024-03-01,35
1492,2024-04-01,35
1492,2024-05-01,32
1492,2024-06-01,32
1492,2024-07-01,29
1492,2024-08-01,26
1492,2024-09-01,23
1492,2024-10-01,23
1492,2024-11-01,20
1492,2024-12-01,20
1492,2025-01-01,18
1492,2025-02-01,18
1492,2025-03-01,16
1492,2025-04-01,16
1492,2025-05-01,16
1492,2025-06-01,13
1492,2025-07-01,12
1492,2025-08-01,11
1492,2025-09-01,8
1492,2025-10-01,6
1492,2025-11-01,3
1492,2025-12-01,2
1493,2024-01-01,25
1493,2024-02-01,23
1493,2024-03-01,20
1493,2024-04-01,19
1493,2024-05-01,19
1493,2024-06-01,18
1493,2024-07-01,17
1493,2024-08-01,16
1493,2024-09-01,15
1493,2024-10-01,15
1493,2024-11-01,14
1493,2024-12-01,12
1493,2025-01-01,10
1493,2025-02-01,9
1493,2025-03-01,7
1493,2025-04-01,6
1493,2025-05-01,6
1493,2025-06-01,6
1493,2025-07-01,4
1493,2025-08-01,2
1493,2025-09-01,1
1493,2025-10-01,1
1493,2025-11-01,1
1493,2025-12-01,1
1494,2024-01-01,61
1494,2024-02-01,58
1494,2024-03-01,57
1494,2024-04-01,57
1494,2024-05-01,55
1494,2024-06-01,55
1494,2024-07-01,53
1494,2024-08-01,53
1494,2024-09-01,50
1494,2024-10-01,50
1494,2024-11-01,49
1494,2024-12-01,47
1494,2025-01-01,47
1494,2025-02-01,47
1494,2025-03-01,45
1494,2025-04-01,45
1494,2025-05-01,43
1494,2025-06-01,40
1494,2025-07-01,38
1494,2025-08-01,36
1494,2025-09-01,33
1494,2025-10-01,33
1494,2025-11-01,33
1494,2025-12-01,30
1495,2024-01-01,55
1495,2024-02-01,55
1495,2024-03-01,55
1495,2024-04-01,53
1495,2024-05-01,51
1495,2024-06-01,49
1495,2024-07-01,48
1495,2024-08-01,45
1495,2024-09-01,44
1495,2024-10-01,43
1495,2024-11-01,41
1495,2024-12-01,38
1495,2025-01-01,38
1495,2025-02-01,36
1495,2025-03-01,33
1495,2025-04-01,33
1495,2025-05-01,32
1495,2025-06-01,29
1495,2025-07-01,28
1495,2025-08-01,27
1495,2025-09-01,24
1495,2025-10-01,24
1495,2025-11-01,21
1495,2025-12-01,21
1496,2024-01-01,52
1496,2024-02-01,50
1496,2024-03-01,49
1496,2024-04-01,47
1496,2024-05-01,46
1496,2024-06-01,46
1496,2024-07-01,43
1496,2024-08-01,40
1496,2024-09-01,39
1496,2024-10-01,38
1496,2024-11-01,37
1496,2024-12-01,37
1496,2025-01-01,37
1496,2025-02-01,35
1496,2025-03-01,33
1496,2025-04-01,30
1496,2025-05-01,28
1496,2025-06-01,28
1496,2025-07-01,28
1496,2025-08-01,28
1496,2025-09-01,28
1496,2025-10-01,25
1496,2025-11-01,22
1496,2025-12-01,22
1497,2024-01-01,55
1497,2024-02-01,52
1497,2024-03-01,51
1497,2024-04-01,49
1497,2024-05-01,48
1497,2024-06-01,48
1497,2024-07-01,46
1497,2024-08-01,45
1497,2024-09-01,42
1497,2024-10-01,39
1497,2024-11-01,36
1497,2024-12-01,34
1497,2025-01-01,34
1497,2025-02-01,34
1497,2025-03-01,32
1497,2025-04-01,30
1497,2025-05-01,30
1497,2025-06-01,27
1497,2025-07-01,27
1497,2025-08-01,27
1497,2025-09-01,26
1497,2025-10-01,23
1497,2025-11-01,21
1497,2025-12-01,21
1498,2024-01-01,77
1498,2024-02-01,76
1498,2024-03-01,75
1498,2024-04-01,72
1498,2024-05-01,72
1498,2024-06-01,70
1498,2024-07-01,67
1498,2024-08-01,66
1498,2024-09-01,64
1498,2024-10-01,62
1498,2024-11-01,62
1498,2024-12-01,61
1498,2025-01-01,60
1498,2025-02-01,59
1498,2025-03-01,57
1498,2025-04-01,56
1498,2025-05-01,53
1498,2025-06-01,52
1498,2025-07-01,50
1498,2025-08-01,49
1498,2025-09-01,48
1498,2025-10-01,46
1498,2025-11-01,45
1498,2025-12-01,45
1499,2024-01-01,41
1499,2024-02-01,41
1499,2024-03-01,38
1499,2024-04-01,36
1499,2024-05-01,35
1499,2024-06-01,33
1499,2024-07-01,33
1499,2024-08-01,31
1499,2024-09-01,28
1499,2024-10-01,27
1499,2024-11-01,24
1499,2024-12-01,24
1499,2025-01-01,22
1499,2025-02-01,21
1499,2025-03-01,20
1499,2025-04-01,20
1499,2025-05-01,20
1499,2025-06-01,18
1499,2025-07-01,17
1499,2025-08-01,17
1499,2025-09-01,16
1499,2025-10-01,14
1499,2025-11-01,11
1499,2025-12-01,11
1500,2024-01-01,75
1500,2024-02-01,73
1500,2024-03-01,73
1500,2024-04-01,71
1500,2024-05-01,70
1500,2024-06-01,70
1500,2024-07-01,69
1500,2024-08-01,67
1500,2024-09-01,67
1500,2024-10-01,66
1500,2024-11-01,65
1500,2024-12-01,64
1500,2025-01-01,61
1500,2025-02-01,60
1500,2025-03-01,59
1500,2025-04-01,57
1500,2025-05-01,55
1500,2025-06-01,53
1500,2025-07-01,51
1500,2025-08-01,48
1500,2025-09-01,46
1500,2025-10-01,44
1500,2025-11-01,42
1500,2025-12-01,41
1501,2024-01-01,69
1501,2024-02-01,68
1501,2024-03-01,68
1501,2024-04-01,65
1501,2024-05-01,63
1501,2024-06-01,62
1501,2024-07-01,62
1501,2024-08-01,62
1501,2024-09-01,61
1501,2024-10-01,60
1501,2024-11-01,57
1501,2024-12-01,56
1501,2025-01-01,54
1501,2025-02-01,54
1501,2025-03-01,52
1501,2025-04-01,50
1501,2025-05-01,48
1501,2025-06-01,48
1501,2025-07-01,48
1501,2025-08-01,48
1501,2025-09-01,47
1501,2025-10-01,45
1501,2025-11-01,42
1501,2025-12-01,41
1502,2024-01-01,74
1502,2024-02-01,72
1502,2024-03-01,69
1502,2024-04-01,69
1502,2024-05-01,67
1502,2024-06-01,66
1502,2024-07-01,66
1502,2024-08-01,66
1502,2024-09-01,65
1502,2024-10-01,62
1502,2024-11-01,62
1502,2024-12-01,62
1502,2025-01-01,60
1502,2025-02-01,58
1502,2025-03-01,57
1502,2025-04-01,56
1502,2025-05-01,55
1502,2025-06-01,52
1502,2025-07-01,52
1502,2025-08-01,51
1502,2025-09-01,49
1502,2025-10-01,49
1502,2025-11-01,48
1502,2025-12-01,48
1503,2024-01-01,24
1503,2024-02-01,23
1503,2024-03-01,23
1503,2024-04-01,23
1503,2024-05-01,23
1503,2024-06-01,21
1503,2024-07-01,20
1503,2024-08-01,17
1503,2024-09-01,15
1503,2024-10-01,15
1503,2024-11-01,15
1503,2024-12-01,12
1503,2025-01-01,9
1503,2025-02-01,7
1503,2025-03-01,7
1503,2025-04-01,4
1503,2025-05-01,2
1503,2025-06-01,1
1503,2025-07-01,1
1503,2025-08-01,1
1503,2025-09-01,1
1503,2025-10-01,1
1503,2025-11-01,1
1503,2025-12-01,1
1504,2024-01-01,60
1504,2024-02-01,57
1504,2024-03-01,54
1504,2024-04-01,52
1504,2024-05-01,49
1504,2024-06-01,47
1504,2024-07-01,46
1504,2024-08-01,44
1504,2024-09-01,42
1504,2024-10-01,39
1504,2024-11-01,36
1504,2024-12-01,34
1504,2025-01-01,34
1504,2025-02-01,31
1504,2025-03-01,29
1504,2025-04-01,26
1504,2025-05-01,26
1504,2025-06-01,23
1504,2025-07-01,21
1504,2025-08-01,19
1504,2025-09-01,19
1504,2025-10-01,17
1504,2025-11-01,17
1504,2025-12-01,15
1505,2024-01-01,47
1505,2024-02-01,44
1505,2024-03-01,44
1505,2024-04-01,41
1505,2024-05-01,40
1505,2024-06-01,40
1505,2024-07-01,39
1505,2024-08-01,39
1505,2024-09-01,38
1505,2024-10-01,35
1505,2024-11-01,32
1505,2024-12-01,30
1505,2025-01-01,29
1505,2025-02-01,27
1505,2025-03-01,27
1505,2025-04-01,26
1505,2025-05-01,24
1505,2025-06-01,24
1505,2025-07-01,23
1505,2025-08-01,21
1505,2025-09-01,20
1505,2025-10-01,19
1505,2025-11-01,17
1505,2025-12-01,14
1506,2024-01-01,41
1506,2024-02-01,41
1506,2024-03-01,39
1506,2024-04-01,37
1506,2024-05-01,36
1506,2024-06-01,33
1506,2024-07-01,30
1506,2024-08-01,27
1506,2024-09-01,24
1506,2024-10-01,22
1506,2024-11-01,21
1506,2024-12-01,18
1506,2025-01-01,15
1506,2025-02-01,14
1506,2025-03-01,12
1506,2025-04-01,10
1506,2025-05-01,8
1506,2025-06-01,5
1506,2025-07-01,2
1506,2025-08-01,1
1506,2025-09-01,1
1506,2025-10-01,1
1506,2025-11-01,1
1506,2025-12-01,1
1507,2024-01-01,48
1507,2024-02-01,45
1507,2024-03-01,44
1507,2024-04-01,44
1507,2024-05-01,42
1507,2024-06-01,40
1507,2024-07-01,38
1507,2024-08-01,36
1507,2024-09-01,35
1507,2024-10-01,33
1507,2024-11-01,32
1507,2024-12-01,31
1507,2025-01-01,30
1507,2025-02-01,29
1507,2025-03-01,26
1507,2025-04-01,26
1507,2025-05-01,23
1507,2025-06-01,23
1507,2025-07-01,20
1507,2025-08-01,18
1507,2025-09-01,17
1507,2025-10-01,15
1507,2025-11-01,13
1507,2025-12-01,11
1508,2024-01-01,69
1508,2024-02-01,68
1508,2024-03-01,67
1508,2024-04-01,67
1508,2024-05-01,64
1508,2024-06-01,63
1508,2024-07-01,62
1508,2024-08-01,59
1508,2024-09-01,57
1508,2024-10-01,56
1508,2024-11-01,54
1508,2024-12-01,53
1508,2025-01-01,53
1508,2025-02-01,51
1508,2025-03-01,50
1508,2025-04-01,47
1508,2025-05-01,44
1508,2025-06-01,41
1508,2025-07-01,40
1508,2025-08-01,38
1508,2025-09-01,38
1508,2025-10-01,38
1508,2025-11-01,37
1508,2025-12-01,36
1509,2024-01-01,71
1509,2024-02-01,68
1509,2024-03-01,66
1509,2024-04-01,64
1509,2024-05-01,63
1509,2024-06-01,63
1509,2024-07-01,61
1509,2024-08-01,61
1509,2024-09-01,60
1509,2024-10-01,58
1509,2024-11-01,55
1509,2024-12-01,52
1509,2025-01-01,50
1509,2025-02-01,47
1509,2025-03-01,45
1509,2025-04-01,42
1509,2025-05-01,41
1509,2025-06-01,38
1509,2025-07-01,35
1509,2025-08-01,34
1509,2025-09-01,33
1509,2025-10-01,30
1509,2025-11-01,30
1509,2025-12-01,30
1510,2024-01-01,47
1510,2024-02-01,45
1510,2024-03-01,44
1510,2024-04-01,41
1510,2024-05-01,40
1510,2024-06-01,37
1510,2024-07-01,34
1510,2024-08-01,33
1510,2024-09-01,30
1510,2024-10-01,27
1510,2024-11-01,25
1510,2024-12-01,24
1510,2025-01-01,24
1510,2025-02-01,24
1510,2025-03-01,21
1510,2025-04-01,19
1510,2025-05-01,16
1510,2025-06-01,14
1510,2025-07-01,11
1510,2025-08-01,11
1510,2025-09-01,10
1510,2025-10-01,8
1510,2025-11-01,5
1510,2025-12-01,2
1511,2024-01-01,56
1511,2024-02-01,56
1511,2024-03-01,54
1511,2024-04-01,51
1511,2024-05-01,51
1511,2024-06-01,51
1511,2024-07-01,50
1511,2024-08-01,49
1511,2024-09-01,48
1511,2024-10-01,46
1511,2024-11-01,46
1511,2024-12-01,44
1511,2025-01-01,44
1511,2025-02-01,41
1511,2025-03-01,39
1511,2025-04-01,39
1511,2025-05-01,38
1511,2025-06-01,37
1511,2025-07-01,34
1511,2025-08-01,32
1511,2025-09-01,32
1511,2025-10-01,31
1511,2025-11-01,31
1511,2025-12-01,29
1512,2024-01-01,38
1512,2024-02-01,35
1512,2024-03-01,33
1512,2024-04-01,31
1512,2024-05-01,31
1512,2024-06-01,28
1512,2024-07-01,26
1512,2024-08-01,24
1512,2024-09-01,21
1512,2024-10-01,21
1512,2024-11-01,21
1512,2024-12-01,18
1512,2025-01-01,15
1512,2025-02-01,12
1512,2025-03-01,9
1512,2025-04-01,6
1512,2025-05-01,4
1512,2025-06-01,3
1512,2025-07-01,1
1512,2025-08-01,1
1512,2025-09-01,1
1512,2025-10-01,1
1512,2025-11-01,1
1512,2025-12-01,1
1513,2024-01-01,20
1513,2024-02-01,17
1513,2024-03-01,15
1513,2024-04-01,15
1513,2024-05-01,12
1513,2024-06-01,11
1513,2024-07-01,9
1513,2024-08-01,8
1513,2024-09-01,7
1513,2024-10-01,4
1513,2024-11-01,3
1513,2024-12-01,1
1513,2025-01-01,1
1513,2025-02-01,1
1513,2025-03-01,1
1513,2025-04-01,1
1513,2025-05-01,1
1513,2025-06-01,1
1513,2025-07-01,1
1513,2025-08-01,1
1513,2025-09-01,1
1513,2025-10-01,1
1513,2025-11-01,1
1513,2025-12-01,1
1514,2024-01-01,38
1514,2024-02-01,37
1514,2024-03-01,35
1514,2024-04-01,34
1514,2024-05-01,34
1514,2024-06-01,34
1514,2024-07-01,31
1514,2024-08-01,28
1514,2024-09-01,27
1514,2024-10-01,26
1514,2024-11-01,24
1514,2024-12-01,23
1514,2025-01-01,23
1514,2025-02-01,23
1514,2025-03-01,23
1514,2025-04-01,20
1514,2025-05-01,19
1514,2025-06-01,18
1514,2025-07-01,15
1514,2025-08-01,12
1514,2025-09-01,9
1514,2025-10-01,9
1514,2025-11-01,8
1514,2025-12-01,6
1515,2024-01-01,42
1515,2024-02-01,39
1515,2024-03-01,39
1515,2024-04-01,36
1515,2024-05-01,35
1515,2024-06-01,35
1515,2024-07-01,33
1515,2024-08-01,32
1515,2024-09-01,30
1515,2024-10-01,29
1515,2024-11-01,28
1515,2024-12-01,28
1515,2025-01-01,28
1515,2025-02-01,25
1515,2025-03-01,24
1515,2025-04-01,23
1515,2025-05-01,23
1515,2025-06-01,21
1515,2025-07-01,18
1515,2025-08-01,17
1515,2025-09-01,17
1515,2025-10-01,16
1515,2025-11-01,16
1515,2025-12-01,13
1516,2024-01-01,73
1516,2024-02-01,72
1516,2024-03-01,69
1516,2024-04-01,67
1516,2024-05-01,66
1516,2024-06-01,63
1516,2024-07-01,62
1516,2024-08-01,61
1516,2024-09-01,58
1516,2024-10-01,55
1516,2024-11-01,55
1516,2024-12-01,55
1516,2025-01-01,54
1516,2025-02-01,51
1516,2025-03-01,49
1516,2025-04-01,47
1516,2025-05-01,46
1516,2025-06-01,46
1516,2025-07-01,43
1516,2025-08-01,40
1516,2025-09-01,40
1516,2025-10-01,37
1516,2025-11-01,36
1516,2025-12-01,33
1517,2024-01-01,71
1517,2024-02-01,71
1517,2024-03-01,69
1517,2024-04-01,68
1517,2024-05-01,68
1517,2024-06-01,68
1517,2024-07-01,68
1517,2024-08-01,65
1517,2024-09-01,64
1517,2024-10-01,63
1517,2024-11-01,60
1517,2024-12-01,57
1517,2025-01-01,57
1517,2025-02-01,55
1517,2025-03-01,53
1517,2025-04-01,52
1517,2025-05-01,50
1517,2025-06-01,50
1517,2025-07-01,47
1517,2025-08-01,46
1517,2025-09-01,45
1517,2025-10-01,42
1517,2025-11-01,40
1517,2025-12-01,39
1518,2024-01-01,72
1518,2024-02-01,70
1518,2024-03-01,68
1518,2024-04-01,68
1518,2024-05-01,66
1518,2024-06-01,64
1518,2024-07-01,61
1518,2024-08-01,60
1518,2024-09-01,57
1518,2024-10-01,57
1518,2024-11-01,54
1518,2024-12-01,54
1518,2025-01-01,52
1518,2025-02-01,51
1518,2025-03-01,50
1518,2025-04-01,47
1518,2025-05-01,46
1518,2025-06-01,46
1518,2025-07-01,46
1518,2025-08-01,44
1518,2025-09-01,41
1518,2025-10-01,39
1518,2025-11-01,38
1518,2025-12-01,36
1519,2024-01-01,61
1519,2024-02-01,58
1519,2024-03-01,55
1519,2024-04-01,53
1519,2024-05-01,52
1519,2024-06-01,52
1519,2024-07-01,51
1519,2024-08-01,49
1519,2024-09-01,48
1519,2024-10-01,48
1519,2024-11-01,46
1519,2024-12-01,46
1519,2025-01-01,44
1519,2025-02-01,41
1519,2025-03-01,40
1519,2025-04-01,40
1519,2025-05-01,40
1519,2025-06-01,39
1519,2025-07-01,39
1519,2025-08-01,39
1519,2025-09-01,39
1519,2025-10-01,36
1519,2025-11-01,36
1519,2025-12-01,33
1520,2024-01-01,26
1520,2024-02-01,26
1520,2024-03-01,26
1520,2024-04-01,26
1520,2024-05-01,23
1520,2024-06-01,21
1520,2024-07-01,19
1520,2024-08-01,18
1520,2024-09-01,17
1520,2024-10-01,16
1520,2024-11-01,16
1520,2024-12-01,14
1520,2025-01-01,12
1520,2025-02-01,11
1520,2025-03-01,9
1520,2025-04-01,8
1520,2025-05-01,8
1520,2025-06-01,6
1520,2025-07-01,6
1520,2025-08-01,6
1520,2025-09-01,4
1520,2025-10-01,1
1520,2025-11-01,1
1520,2025-12-01,1
1521,2024-01-01,35
1521,2024-02-01,35
1521,2024-03-01,34
1521,2024-04-01,32
1521,2024-05-01,32
1521,2024-06-01,31
1521,2024-07-01,30
1521,2024-08-01,28
1521,2024-09-01,27
1521,2024-10-01,26
1521,2024-11-01,26
1521,2024-12-01,24
1521,2025-01-01,22
1521,2025-02-01,22
1521,2025-03-01,19
1521,2025-04-01,19
1521,2025-05-01,19
1521,2025-06-01,16
1521,2025-07-01,15
1521,2025-08-01,13
1521,2025-09-01,11
1521,2025-10-01,8
1521,2025-11-01,6
1521,2025-12-01,3
1522,2024-01-01,26
1522,2024-02-01,24
1522,2024-03-01,22
1522,2024-04-01,19
1522,2024-05-01,17
1522,2024-06-01,14
1522,2024-07-01,12
1522,2024-08-01,12
1522,2024-09-01,11
1522,2024-10-01,9
1522,2024-11-01,7
1522,2024-12-01,5
1522,2025-01-01,2
1522,2025-02-01,1
1522,2025-03-01,1
1522,2025-04-01,1
1522,2025-05-01,1
1522,2025-06-01,1
1522,2025-07-01,1
1522,2025-08-01,1
1522,2025-09-01,1
1522,2025-10-01,1
1522,2025-11-01,1
1522,2025-12-01,1
1523,2024-01-01,23
1523,2024-02-01,21
1523,2024-03-01,18
1523,2024-04-01,16
1523,2024-05-01,15
1523,2024-06-01,15
1523,2024-07-01,15
1523,2024-08-01,13
1523,2024-09-01,11
1523,2024-10-01,9
1523,2024-11-01,6
1523,2024-12-01,4
1523,2025-01-01,2
1523,2025-02-01,1
1523,2025-03-01,1
1523,2025-04-01,1
1523,2025-05-01,1
1523,2025-06-01,1
1523,2025-07-01,1
1523,2025-08-01,1
1523,2025-09-01,1
1523,2025-10-01,1
1523,2025-11-01,1
1523,2025-12-01,1
1524,2024-01-01,42
1524,2024-02-01,39
1524,2024-03-01,39
1524,2024-04-01,38
1524,2024-05-01,36
1524,2024-06-01,36
1524,2024-07-01,33
1524,2024-08-01,33
1524,2024-09-01,31
1524,2024-10-01,28
1524,2024-11-01,25
1524,2024-12-01,25
1524,2025-01-01,23
1524,2025-02-01,20
1524,2025-03-01,18
1524,2025-04-01,17
1524,2025-05-01,17
1524,2025-06-01,15
1524,2025-07-01,14
1524,2025-08-01,13
1524,2025-09-01,11
1524,2025-10-01,9
1524,2025-11-01,9
1524,2025-12-01,9
1525,2024-01-01,55
1525,2024-02-01,53
1525,2024-03-01,50
1525,2024-04-01,49
1525,2024-05-01,48
1525,2024-06-01,46
1525,2024-07-01,43
1525,2024-08-01,40
1525,2024-09-01,40
1525,2024-10-01,39
1525,2024-11-01,38
1525,2024-12-01,38
1525,2025-01-01,37
1525,2025-02-01,37
1525,2025-03-01,36
1525,2025-04-01,35
1525,2025-05-01,34
1525,2025-06-01,34
1525,2025-07-01,33
1525,2025-08-01,32
1525,2025-09-01,29
1525,2025-10-01,28
1525,2025-11-01,26
1525,2025-12-01,25
1526,2024-01-01,34
1526,2024-02-01,31
1526,2024-03-01,31
1526,2024-04-01,31
1526,2024-05-01,29
1526,2024-06-01,26
1526,2024-07-01,26
1526,2024-08-01,26
1526,2024-09-01,26
1526,2024-10-01,23
1526,2024-11-01,20
1526,2024-12-01,18
1526,2025-01-01,15
1526,2025-02-01,12
1526,2025-03-01,9
1526,2025-04-01,7
1526,2025-05-01,6
1526,2025-06-01,5
1526,2025-07-01,5
1526,2025-08-01,4
1526,2025-09-01,3
1526,2025-10-01,1
1526,2025-11-01,1
1526,2025-12-01,1
1527,2024-01-01,48
1527,2024-02-01,48
1527,2024-03-01,46
1527,2024-04-01,45
1527,2024-05-01,42
1527,2024-06-01,41
1527,2024-07-01,38
1527,2024-08-01,38
1527,2024-09-01,35
1527,2024-10-01,33
1527,2024-11-01,33
1527,2024-12-01,33
1527,2025-01-01,32
1527,2025-02-01,32
1527,2025-03-01,32
1527,2025-04-01,29
1527,2025-05-01,28
1527,2025-06-01,26
1527,2025-07-01,25
1527,2025-08-01,23
1527,2025-09-01,20
1527,2025-10-01,20
1527,2025-11-01,20
1527,2025-12-01,19
1528,2024-01-01,72
1528,2024-02-01,72
1528,2024-03-01,72
1528,2024-04-01,69
1528,2024-05-01,67
1528,2024-06-01,66
1528,2024-07-01,66
1528,2024-08-01,64
1528,2024-09-01,63
1528,2024-10-01,62
1528,2024-11-01,60
1528,2024-12-01,58
1528,2025-01-01,56
1528,2025-02-01,56
1528,2025-03-01,53
1528,2025-04-01,52
1528,2025-05-01,51
1528,2025-06-01,49
1528,2025-07-01,49
1528,2025-08-01,47
1528,2025-09-01,47
1528,2025-10-01,44
1528,2025-11-01,43
1528,2025-12-01,42
1529,2024-01-01,25
1529,2024-02-01,22
1529,2024-03-01,21
1529,2024-04-01,20
1529,2024-05-01,18
1529,2024-06-01,18
1529,2024-07-01,17
1529,2024-08-01,14
1529,2024-09-01,11
1529,2024-10-01,10
1529,2024-11-01,7
1529,2024-12-01,7
1529,2025-01-01,4
1529,2025-02-01,1
1529,2025-03-01,1
1529,2025-04-01,1
1529,2025-05-01,1
1529,2025-06-01,1
1529,2025-07-01,1
1529,2025-08-01,1
1529,2025-09-01,1
1529,2025-10-01,1
1529,2025-11-01,1
1529,2025-12-01,1
1530,2024-01-01,59
1530,2024-02-01,57
1530,2024-03-01,55
1530,2024-04-01,53
1530,2024-05-01,52
1530,2024-06-01,50
1530,2024-07-01,47
1530,2024-08-01,46
1530,2024-09-01,43
1530,2024-10-01,40
1530,2024-11-01,39
1530,2024-12-01,39
1530,2025-01-01,36
1530,2025-02-01,35
1530,2025-03-01,32
1530,2025-04-01,30
1530,2025-05-01,27
1530,2025-06-01,24
1530,2025-07-01,21
1530,2025-08-01,19
1530,2025-09-01,16
1530,2025-10-01,15
1530,2025-11-01,12
1530,2025-12-01,11
1531,2024-01-01,72
1531,2024-02-01,69
1531,2024-03-01,69
1531,2024-04-01,69
1531,2024-05-01,67
1531,2024-06-01,66
1531,2024-07-01,64
1531,2024-08-01,63
1531,2024-09-01,61
1531,2024-10-01,59
1531,2024-11-01,56
1531,2024-12-01,53
1531,2025-01-01,50
1531,2025-02-01,47
1531,2025-03-01,44
1531,2025-04-01,42
1531,2025-05-01,41
1531,2025-06-01,41
1531,2025-07-01,41
1531,2025-08-01,40
1531,2025-09-01,40
1531,2025-10-01,38
1531,2025-11-01,37
1531,2025-12-01,36
1532,2024-01-01,44
1532,2024-02-01,42
1532,2024-03-01,39
1532,2024-04-01,38
1532,2024-05-01,35
1532,2024-06-01,35
1532,2024-07-01,34
1532,2024-08-01,31
1532,2024-09-01,29
1532,2024-10-01,27
1532,2024-11-01,25
1532,2024-12-01,24
1532,2025-01-01,23
1532,2025-02-01,22
1532,2025-03-01,21
1532,2025-04-01,20
1532,2025-05-01,17
1532,2025-06-01,14
1532,2025-07-01,12
1532,2025-08-01,9
1532,2025-09-01,6
1532,2025-10-01,4
1532,2025-11-01,2
1532,2025-12-01,2
1533,2024-01-01,19
1533,2024-02-01,18
1533,2024-03-01,16
1533,2024-04-01,16
1533,2024-05-01,13
1533,2024-06-01,13
1533,2024-07-01,13
1533,2024-08-01,10
1533,2024-09-01,10
1533,2024-10-01,7
1533,2024-11-01,7
1533,2024-12-01,6
1533,2025-01-01,4
1533,2025-02-01,3
1533,2025-03-01,2
1533,2025-04-01,2
1533,2025-05-01,1
1533,2025-06-01,1
1533,2025-07-01,1
1533,2025-08-01,1
1533,2025-09-01,1
1533,2025-10-01,1
1533,2025-11-01,1
1533,2025-12-01,1
1534,2024-01-01,51
1534,2024-02-01,50
1534,2024-03-01,47
1534,2024-04-01,45
1534,2024-05-01,43
1534,2024-06-01,40
1534,2024-07-01,38
1534,2024-08-01,35
1534,2024-09-01,33
1534,2024-10-01,33
1534,2024-11-01,33
1534,2024-12-01,32
1534,2025-01-01,32
1534,2025-02-01,29
1534,2025-03-01,27
1534,2025-04-01,26
1534,2025-05-01,23
1534,2025-06-01,20
1534,2025-07-01,19
1534,2025-08-01,18
1534,2025-09-01,15
1534,2025-10-01,13
1534,2025-11-01,10
1534,2025-12-01,8
1535,2024-01-01,34
1535,2024-02-01,34
1535,2024-03-01,31
1535,2024-04-01,29
1535,2024-05-01,26
1535,2024-06-01,24
1535,2024-07-01,24
1535,2024-08-01,23
1535,2024-09-01,23
1535,2024-10-01,21
1535,2024-11-01,20
1535,2024-12-01,19
1535,2025-01-01,16
1535,2025-02-01,16
1535,2025-03-01,14
1535,2025-04-01,12
1535,2025-05-01,11
1535,2025-06-01,8
1535,2025-07-01,6
1535,2025-08-01,3
1535,2025-09-01,2
1535,2025-10-01,1
1535,2025-11-01,1
1535,2025-12-01,1
1536,2024-01-01,42
1536,2024-02-01,39
1536,2024-03-01,38
1536,2024-04-01,38
1536,2024-05-01,38
1536,2024-06-01,38
1536,2024-07-01,38
1536,2024-08-01,38
1536,2024-09-01,37
1536,2024-10-01,35
1536,2024-11-01,35
1536,2024-12-01,33
1536,2025-01-01,31
1536,2025-02-01,28
1536,2025-03-01,27
1536,2025-04-01,27
1536,2025-05-01,25
1536,2025-06-01,22
1536,2025-07-01,20
1536,2025-08-01,20
1536,2025-09-01,19
1536,2025-10-01,18
1536,2025-11-01,18
1536,2025-12-01,16
1537,2024-01-01,70
1537,2024-02-01,69
1537,2024-03-01,67
1537,2024-04-01,65
1537,2024-05-01,63
1537,2024-06-01,60
1537,2024-07-01,58
1537,2024-08-01,55
1537,2024-09-01,55
1537,2024-10-01,52
1537,2024-11-01,50
1537,2024-12-01,47
1537,2025-01-01,44
1537,2025-02-01,41
1537,2025-03-01,40
1537,2025-04-01,38
1537,2025-05-01,35
1537,2025-06-01,33
1537,2025-07-01,33
1537,2025-08-01,30
1537,2025-09-01,27
1537,2025-10-01,27
1537,2025-11-01,25
1537,2025-12-01,25
1538,2024-01-01,44
1538,2024-02-01,44
1538,2024-03-01,42
1538,2024-04-01,39
1538,2024-05-01,39
1538,2024-06-01,39
1538,2024-07-01,38
1538,2024-08-01,36
1538,2024-09-01,36
1538,2024-10-01,35
1538,2024-11-01,35
1538,2024-12-01,33
1538,2025-01-01,32
1538,2025-02-01,31
1538,2025-03-01,29
1538,2025-04-01,28
1538,2025-05-01,27
1538,2025-06-01,27
1538,2025-07-01,26
1538,2025-08-01,23
1538,2025-09-01,21
1538,2025-10-01,21
1538,2025-11-01,20
1538,2025-12-01,17
1539,2024-01-01,26
1539,2024-02-01,25
1539,2024-03-01,23
1539,2024-04-01,21
1539,2024-05-01,20
1539,2024-06-01,19
1539,2024-07-01,19
1539,2024-08-01,17
1539,2024-09-01,16
1539,2024-10-01,14
1539,2024-11-01,13
1539,2024-12-01,11
1539,2025-01-01,11
1539,2025-02-01,9
1539,2025-03-01,8
1539,2025-04-01,5
1539,2025-05-01,5
1539,2025-06-01,5
1539,2025-07-01,2
1539,2025-08-01,1
1539,2025-09-01,1
1539,2025-10-01,1
1539,2025-11-01,1
1539,2025-12-01,1
1540,2024-01-01,21
1540,2024-02-01,18
1540,2024-03-01,16
1540,2024-04-01,15
1540,2024-05-01,15
1540,2024-06-01,13
1540,2024-07-01,12
1540,2024-08-01,10
1540,2024-09-01,10
1540,2024-10-01,10
1540,2024-11-01,8
1540,2024-12-01,8
1540,2025-01-01,7
1540,2025-02-01,5
1540,2025-03-01,3
1540,2025-04-01,3
1540,2025-05-01,2
1540,2025-06-01,1
1540,2025-07-01,1
1540,2025-08-01,1
1540,2025-09-01,1
1540,2025-10-01,1
1540,2025-11-01,1
1540,2025-12-01,1
1541,2024-01-01,74
1541,2024-02-01,71
1541,2024-03-01,71
1541,2024-04-01,69
1541,2024-05-01,69
1541,2024-06-01,69
1541,2024-07-01,69
1541,2024-08-01,67
1541,2024-09-01,64
1541,2024-10-01,63
1541,2024-11-01,60
1541,2024-12-01,59
1541,2025-01-01,58
1541,2025-02-01,58
1541,2025-03-01,58
1541,2025-04-01,57
1541,2025-05-01,55
1541,2025-06-01,53
1541,2025-07-01,51
1541,2025-08-01,49
1541,2025-09-01,49
1541,2025-10-01,46
1541,2025-11-01,43
1541,2025-12-01,42
1542,2024-01-01,22
1542,2024-02-01,22
1542,2024-03-01,22
1542,2024-04-01,21
1542,2024-05-01,21
1542,2024-06-01,20
1542,2024-07-01,19
1542,2024-08-01,18
1542,2024-09-01,17
1542,2024-10-01,17
1542,2024-11-01,17
1542,2024-12-01,14
1542,2025-01-01,14
1542,2025-02-01,12
1542,2025-03-01,10
1542,2025-04-01,9
1542,2025-05-01,8
1542,2025-06-01,7
1542,2025-07-01,4
1542,2025-08-01,3
1542,2025-09-01,1
1542,2025-10-01,1
1542,2025-11-01,1
1542,2025-12-01,1
1543,2024-01-01,31
1543,2024-02-01,31
1543,2024-03-01,31
1543,2024-04-01,31
1543,2024-05-01,31
1543,2024-06-01,28
1543,2024-07-01,25
1543,2024-08-01,24
1543,2024-09-01,23
1543,2024-10-01,20
1543,2024-11-01,19
1543,2024-12-01,18
1543,2025-01-01,15
1543,2025-02-01,12
1543,2025-03-01,11
1543,2025-04-01,8
1543,2025-05-01,6
1543,2025-06-01,6
1543,2025-07-01,6
1543,2025-08-01,4
1543,2025-09-01,2
1543,2025-10-01,1
1543,2025-11-01,1
1543,2025-12-01,1
1544,2024-01-01,61
1544,2024-02-01,60
1544,2024-03-01,59
1544,2024-04-01,59
1544,2024-05-01,57
1544,2024-06-01,55
1544,2024-07-01,54
1544,2024-08-01,52
1544,2024-09-01,51
1544,2024-10-01,48
1544,2024-11-01,45
1544,2024-12-01,42
1544,2025-01-01,40
1544,2025-02-01,38
1544,2025-03-01,38
1544,2025-04-01,36
1544,2025-05-01,35
1544,2025-06-01,35
1544,2025-07-01,33
1544,2025-08-01,33
1544,2025-09-01,31
1544,2025-10-01,30
1544,2025-11-01,27
1544,2025-12-01,24
1545,2024-01-01,37
1545,2024-02-01,34
1545,2024-03-01,32
1545,2024-04-01,30
1545,2024-05-01,30
1545,2024-06-01,30
1545,2024-07-01,29
1545,2024-08-01,26
1545,2024-09-01,26
1545,2024-10-01,23
1545,2024-11-01,20
1545,2024-12-01,18
1545,2025-01-01,18
1545,2025-02-01,17
1545,2025-03-01,17
1545,2025-04-01,14
1545,2025-05-01,12
1545,2025-06-01,12
1545,2025-07-01,12
1545,2025-08-01,12
1545,2025-09-01,11
1545,2025-10-01,10
1545,2025-11-01,9
1545,2025-12-01,8
1546,2024-01-01,56
1546,2024-02-01,55
1546,2024-03-01,52
1546,2024-04-01,51
1546,2024-05-01,50
1546,2024-06-01,47
1546,2024-07-01,47
1546,2024-08-01,44
1546,2024-09-01,41
1546,2024-10-01,39
1546,2024-11-01,39
1546,2024-12-01,36
1546,2025-01-01,35
1546,2025-02-01,32
1546,2025-03-01,30
1546,2025-04-01,27
1546,2025-05-01,26
1546,2025-06-01,26
1546,2025-07-01,24
1546,2025-08-01,24
1546,2025-09-01,22
1546,2025-10-01,21
1546,2025-11-01,19
1546,2025-12-01,19
1547,2024-01-01,37
1547,2024-02-01,37
1547,2024-03-01,34
1547,2024-04-01,34
1547,2024-05-01,31
1547,2024-06-01,30
1547,2024-07-01,27
1547,2024-08-01,27
1547,2024-09-01,26
1547,2024-10-01,24
1547,2024-11-01,24
1547,2024-12-01,21
1547,2025-01-01,19
1547,2025-02-01,16
1547,2025-03-01,14
1547,2025-04-01,13
1547,2025-05-01,13
1547,2025-06-01,12
1547,2025-07-01,12
1547,2025-08-01,10
1547,2025-09-01,9
1547,2025-10-01,9
1547,2025-11-01,7
1547,2025-12-01,6
1548,2024-01-01,64
1548,2024-02-01,63
1548,2024-03-01,60
1548,2024-04-01,58
1548,2024-05-01,55
1548,2024-06-01,53
1548,2024-07-01,51
1548,2024-08-01,49
1548,2024-09-01,49
1548,2024-10-01,47
1548,2024-11-01,46
1548,2024-12-01,43
1548,2025-01-01,42
1548,2025-02-01,41
1548,2025-03-01,38
1548,2025-04-01,37
1548,2025-05-01,37
1548,2025-06-01,36
1548,2025-07-01,35
1548,2025-08-01,32
1548,2025-09-01,31
1548,2025-10-01,28
1548,2025-11-01,26
1548,2025-12-01,24
1549,2024-01-01,21
1549,2024-02-01,18
1549,2024-03-01,15
1549,2024-04-01,15
1549,2024-05-01,15
1549,2024-06-01,14
1549,2024-07-01,11
1549,2024-08-01,11
1549,2024-09-01,9
1549,2024-10-01,7
1549,2024-11-01,4
1549,2024-12-01,2
1549,2025-01-01,1
1549,2025-02-01,1
1549,2025-03-01,1
1549,2025-04-01,1
1549,2025-05-01,1
1549,2025-06-01,1
1549,2025-07-01,1
1549,2025-08-01,1
1549,2025-09-01,1
1549,2025-10-01,1
1549,2025-11-01,1
1549,2025-12-01,1
1550,2024-01-01,25
1550,2024-02-01,24
1550,2024-03-01,22
1550,2024-04-01,19
1550,2024-05-01,18
1550,2024-06-01,16
1550,2024-07-01,13
1550,2024-08-01,13
1550,2024-09-01,12
1550,2024-10-01,12
1550,2024-11-01,12
1550,2024-12-01,10
1550,2025-01-01,8
1550,2025-02-01,5
1550,2025-03-01,5
1550,2025-04-01,3
1550,2025-05-01,1
1550,2025-06-01,1
1550,2025-07-01,1
1550,2025-08-01,1
1550,2025-09-01,1
1550,2025-10-01,1
1550,2025-11-01,1
1550,2025-12-01,1
1551,2024-01-01,30
1551,2024-02-01,29
1551,2024-03-01,28
1551,2024-04-01,28
1551,2024-05-01,26
1551,2024-06-01,23
1551,2024-07-01,20
1551,2024-08-01,20
1551,2024-09-01,18
1551,2024-10-01,18
1551,2024-11-01,18
1551,2024-12-01,16
1551,2025-01-01,16
1551,2025-02-01,13
1551,2025-03-01,12
1551,2025-04-01,9
1551,2025-05-01,8
1551,2025-06-01,6
1551,2025-07-01,6
1551,2025-08-01,5
1551,2025-09-01,3
1551,2025-10-01,1
1551,2025-11-01,1
1551,2025-12-01,1
1552,2024-01-01,70
1552,2024-02-01,69
1552,2024-03-01,66
1552,2024-04-01,65
1552,2024-05-01,64
1552,2024-06-01,64
1552,2024-07-01,63
1552,2024-08-01,61
1552,2024-09-01,61
1552,2024-10-01,60
1552,2024-11-01,60
1552,2024-12-01,58
1552,2025-01-01,57
1552,2025-02-01,57
1552,2025-03-01,56
1552,2025-04-01,56
1552,2025-05-01,56
1552,2025-06-01,54
1552,2025-07-01,52
1552,2025-08-01,51
1552,2025-09-01,48
1552,2025-10-01,47
1552,2025-11-01,47
1552,2025-12-01,45
1553,2024-01-01,22
1553,2024-02-01,19
1553,2024-03-01,17
1553,2024-04-01,14
1553,2024-05-01,12
1553,2024-06-01,12
1553,2024-07-01,11
1553,2024-08-01,10
1553,2024-09-01,7
1553,2024-10-01,6
1553,2024-11-01,6
1553,2024-12-01,5
1553,2025-01-01,2
1553,2025-02-01,2
1553,2025-03-01,2
1553,2025-04-01,1
1553,2025-05-01,1
1553,2025-06-01,1
1553,2025-07-01,1
1553,2025-08-01,1
1553,2025-09-01,1
1553,2025-10-01,1
1553,2025-11-01,1
1553,2025-12-01,1
1554,2024-01-01,75
1554,2024-02-01,74
1554,2024-03-01,73
1554,2024-04-01,73
1554,2024-05-01,72
1554,2024-06-01,70
1554,2024-07-01,68
1554,2024-08-01,68
1554,2024-09-01,66
1554,2024-10-01,64
1554,2024-11-01,62
1554,2024-12-01,61
1554,2025-01-01,61
1554,2025-02-01,58
1554,2025-03-01,58
1554,2025-04-01,58
1554,2025-05-01,58
1554,2025-06-01,55
1554,2025-07-01,52
1554,2025-08-01,50
1554,2025-09-01,49
1554,2025-10-01,47
1554,2025-11-01,45
1554,2025-12-01,42
1555,2024-01-01,60
1555,2024-02-01,57
1555,2024-03-01,57
1555,2024-04-01,57
1555,2024-05-01,54
1555,2024-06-01,53
1555,2024-07-01,51
1555,2024-08-01,51
1555,2024-09-01,48
1555,2024-10-01,47
1555,2024-11-01,45
1555,2024-12-01,42
1555,2025-01-01,39
1555,2025-02-01,36
1555,2025-03-01,34
1555,2025-04-01,34
1555,2025-05-01,32
1555,2025-06-01,30
1555,2025-07-01,30
1555,2025-08-01,27
1555,2025-09-01,26
1555,2025-10-01,25
1555,2025-11-01,25
1555,2025-12-01,25
1556,2024-01-01,22
1556,2024-02-01,21
1556,2024-03-01,18
1556,2024-04-01,18
1556,2024-05-01,18
1556,2024-06-01,15
1556,2024-07-01,15
1556,2024-08-01,13
1556,2024-09-01,13
1556,2024-10-01,11
1556,2024-11-01,10
1556,2024-12-01,9
1556,2025-01-01,9
1556,2025-02-01,6
1556,2025-03-01,6
1556,2025-04-01,3
1556,2025-05-01,2
1556,2025-06-01,1
1556,2025-07-01,1
1556,2025-08-01,1
1556,2025-09-01,1
1556,2025-10-01,1
1556,2025-11-01,1
1556,2025-12-01,1
1557,2024-01-01,33
1557,2024-02-01,30
1557,2024-03-01,29
1557,2024-04-01,27
1557,2024-05-01,27
1557,2024-06-01,25
1557,2024-07-01,25
1557,2024-08-01,25
1557,2024-09-01,22
1557,2024-10-01,22
1557,2024-11-01,22
1557,2024-12-01,22
1557,2025-01-01,21
1557,2025-02-01,18
1557,2025-03-01,15
1557,2025-04-01,15
1557,2025-05-01,14
1557,2025-06-01,14
1557,2025-07-01,11
1557,2025-08-01,8
1557,2025-09-01,5
1557,2025-10-01,2
1557,2025-11-01,1
1557,2025-12-01,1
1558,2024-01-01,49
1558,2024-02-01,49
1558,2024-03-01,46
1558,2024-04-01,43
1558,2024-05-01,40
1558,2024-06-01,39
1558,2024-07-01,38
1558,2024-08-01,35
1558,2024-09-01,32
1558,2024-10-01,32
1558,2024-11-01,30
1558,2024-12-01,29
1558,2025-01-01,27
1558,2025-02-01,24
1558,2025-03-01,22
1558,2025-04-01,20
1558,2025-05-01,19
1558,2025-06-01,18
1558,2025-07-01,18
1558,2025-08-01,15
1558,2025-09-01,15
1558,2025-10-01,14
1558,2025-11-01,14
1558,2025-12-01,12
1559,2024-01-01,37
1559,2024-02-01,35
1559,2024-03-01,32
1559,2024-04-01,31
1559,2024-05-01,28
1559,2024-06-01,27
1559,2024-07-01,26
1559,2024-08-01,24
1559,2024-09-01,23
1559,2024-10-01,22
1559,2024-11-01,22
1559,2024-12-01,20
1559,2025-01-01,17
1559,2025-02-01,16
1559,2025-03-01,13
1559,2025-04-01,13
1559,2025-05-01,12
1559,2025-06-01,9
1559,2025-07-01,7
1559,2025-08-01,7
1559,2025-09-01,7
1559,2025-10-01,4
1559,2025-11-01,3
1559,2025-12-01,2
1560,2024-01-01,68
1560,2024-02-01,67
1560,2024-03-01,67
1560,2024-04-01,65
1560,2024-05-01,63
1560,2024-06-01,63
1560,2024-07-01,62
1560,2024-08-01,59
1560,2024-09-01,57
1560,2024-10-01,57
1560,2024-11-01,55
1560,2024-12-01,55
1560,2025-01-01,53
1560,2025-02-01,52
1560,2025-03-01,52
1560,2025-04-01,49
1560,2025-05-01,46
1560,2025-06-01,44
1560,2025-07-01,41
1560,2025-08-01,39
1560,2025-09-01,39
1560,2025-10-01,39
1560,2025-11-01,36
1560,2025-12-01,33
1561,2024-01-01,45
1561,2024-02-01,42
1561,2024-03-01,39
1561,2024-04-01,36
1561,2024-05-01,34
1561,2024-06-01,33
1561,2024-07-01,33
1561,2024-08-01,30
1561,2024-09-01,27
1561,2024-10-01,24
1561,2024-11-01,22
1561,2024-12-01,22
1561,2025-01-01,19
1561,2025-02-01,16
1561,2025-03-01,14
1561,2025-04-01,12
1561,2025-05-01,11
1561,2025-06-01,10
1561,2025-07-01,10
1561,2025-08-01,9
1561,2025-09-01,9
1561,2025-10-01,8
1561,2025-11-01,5
1561,2025-12-01,4
1562,2024-01-01,51
1562,2024-02-01,50
1562,2024-03-01,49
1562,2024-04-01,48
1562,2024-05-01,45
1562,2024-06-01,42
1562,2024-07-01,41
1562,2024-08-01,41
1562,2024-09-01,38
1562,2024-10-01,36
1562,2024-11-01,36
1562,2024-12-01,36
1562,2025-01-01,36
1562,2025-02-01,33
1562,2025-03-01,32
1562,2025-04-01,31
1562,2025-05-01,29
1562,2025-06-01,28
1562,2025-07-01,26
1562,2025-08-01,24
1562,2025-09-01,23
1562,2025-10-01,21
1562,2025-11-01,21
1562,2025-12-01,21
1563,2024-01-01,69
1563,2024-02-01,67
1563,2024-03-01,65
1563,2024-04-01,65
1563,2024-05-01,62
1563,2024-06-01,61
1563,2024-07-01,61
1563,2024-08-01,58
1563,2024-09-01,57
1563,2024-10-01,54
1563,2024-11-01,53
1563,2024-12-01,51
1563,2025-01-01,49
1563,2025-02-01,46
1563,2025-03-01,43
1563,2025-04-01,42
1563,2025-05-01,39
1563,2025-06-01,36
1563,2025-07-01,35
1563,2025-08-01,34
1563,2025-09-01,32
1563,2025-10-01,32
1563,2025-11-01,29
1563,2025-12-01,28
1564,2024-01-01,78
1564,2024-02-01,75
1564,2024-03-01,73
1564,2024-04-01,73
1564,2024-05-01,70
1564,2024-06-01,68
1564,2024-07-01,65
1564,2024-08-01,65
1564,2024-09-01,64
1564,2024-10-01,62
1564,2024-11-01,62
1564,2024-12-01,59
1564,2025-01-01,59
1564,2025-02-01,59
1564,2025-03-01,58
1564,2025-04-01,56
1564,2025-05-01,56
1564,2025-06-01,55
1564,2025-07-01,54
1564,2025-08-01,53
1564,2025-09-01,50
1564,2025-10-01,49
1564,2025-11-01,48
1564,2025-12-01,47
1565,2024-01-01,39
1565,2024-02-01,37
1565,2024-03-01,36
1565,2024-04-01,36
1565,2024-05-01,33
1565,2024-06-01,33
1565,2024-07-01,33
1565,2024-08-01,32
1565,2024-09-01,32
1565,2024-10-01,30
1565,2024-11-01,28
1565,2024-12-01,25
1565,2025-01-01,23
1565,2025-02-01,21
1565,2025-03-01,20
1565,2025-04-01,18
1565,2025-05-01,18
1565,2025-06-01,18
1565,2025-07-01,16
1565,2025-08-01,13
1565,2025-09-01,10
1565,2025-10-01,7
1565,2025-11-01,5
1565,2025-12-01,2
1566,2024-01-01,61
1566,2024-02-01,58
1566,2024-03-01,55
1566,2024-04-01,55
1566,2024-05-01,53
1566,2024-06-01,53
1566,2024-07-01,53
1566,2024-08-01,52
1566,2024-09-01,49
1566,2024-10-01,47
1566,2024-11-01,45
1566,2024-12-01,44
1566,2025-01-01,43
1566,2025-02-01,43
1566,2025-03-01,42
1566,2025-04-01,40
1566,2025-05-01,38
1566,2025-06-01,36
1566,2025-07-01,36
1566,2025-08-01,33
1566,2025-09-01,30
1566,2025-10-01,30
1566,2025-11-01,28
1566,2025-12-01,26
1567,2024-01-01,76
1567,2024-02-01,75
1567,2024-03-01,75
1567,2024-04-01,72
1567,2024-05-01,72
1567,2024-06-01,70
1567,2024-07-01,68
1567,2024-08-01,66
1567,2024-09-01,63
1567,2024-10-01,60
1567,2024-11-01,59
1567,2024-12-01,59
1567,2025-01-01,58
1567,2025-02-01,58
1567,2025-03-01,58
1567,2025-04-01,55
1567,2025-05-01,53
1567,2025-06-01,53
1567,2025-07-01,50
1567,2025-08-01,49
1567,2025-09-01,47
1567,2025-10-01,46
1567,2025-11-01,45
1567,2025-12-01,42
1568,2024-01-01,42
1568,2024-02-01,41
1568,2024-03-01,41
1568,2024-04-01,39
1568,2024-05-01,36
1568,2024-06-01,33
1568,2024-07-01,30
1568,2024-08-01,30
1568,2024-09-01,30
1568,2024-10-01,28
1568,2024-11-01,28
1568,2024-12-01,25
1568,2025-01-01,24
1568,2025-02-01,23
1568,2025-03-01,22
1568,2025-04-01,19
1568,2025-05-01,19
1568,2025-06-01,18
1568,2025-07-01,18
1568,2025-08-01,18
1568,2025-09-01,15
1568,2025-10-01,15
1568,2025-11-01,15
1568,2025-12-01,12
1569,2024-01-01,60
1569,2024-02-01,60
1569,2024-03-01,58
1569,2024-04-01,55
1569,2024-05-01,55
1569,2024-06-01,52
1569,2024-07-01,51
1569,2024-08-01,48
1569,2024-09-01,47
1569,2024-10-01,44
1569,2024-11-01,41
1569,2024-12-01,39
1569,2025-01-01,36
1569,2025-02-01,36
1569,2025-03-01,34
1569,2025-04-01,34
1569,2025-05-01,31
1569,2025-06-01,28
1569,2025-07-01,26
1569,2025-08-01,25
1569,2025-09-01,23
1569,2025-10-01,22
1569,2025-11-01,21
1569,2025-12-01,18
1570,2024-01-01,34
1570,2024-02-01,32
1570,2024-03-01,29
1570,2024-04-01,26
1570,2024-05-01,24
1570,2024-06-01,22
1570,2024-07-01,22
1570,2024-08-01,19
1570,2024-09-01,19
1570,2024-10-01,16
1570,2024-11-01,13
1570,2024-12-01,13
1570,2025-01-01,12
1570,2025-02-01,11
1570,2025-03-01,10
1570,2025-04-01,7
1570,2025-05-01,7
1570,2025-06-01,6
1570,2025-07-01,4
1570,2025-08-01,3
1570,2025-09-01,3
1570,2025-10-01,1
1570,2025-11-01,1
1570,2025-12-01,1
1571,2024-01-01,68
1571,2024-02-01,66
1571,2024-03-01,65
1571,2024-04-01,64
1571,2024-05-01,64
1571,2024-06-01,63
1571,2024-07-01,61
1571,2024-08-01,61
1571,2024-09-01,60
1571,2024-10-01,59
1571,2024-11-01,56
1571,2024-12-01,55
1571,2025-01-01,54
1571,2025-02-01,51
1571,2025-03-01,51
1571,2025-04-01,51
1571,2025-05-01,49
1571,2025-06-01,46
1571,2025-07-01,46
1571,2025-08-01,45
1571,2025-09-01,44
1571,2025-10-01,43
1571,2025-11-01,41
1571,2025-12-01,41
1572,2024-01-01,79
1572,2024-02-01,76
1572,2024-03-01,73
1572,2024-04-01,73
1572,2024-05-01,72
1572,2024-06-01,71
1572,2024-07-01,68
1572,2024-08-01,67
1572,2024-09-01,65
1572,2024-10-01,63
1572,2024-11-01,60
1572,2024-12-01,59
1572,2025-01-01,56
1572,2025-02-01,54
1572,2025-03-01,52
1572,2025-04-01,50
1572,2025-05-01,50
1572,2025-06-01,48
1572,2025-07-01,47
1572,2025-08-01,47
1572,2025-09-01,45
1572,2025-10-01,44
1572,2025-11-01,42
1572,2025-12-01,41
1573,2024-01-01,56
1573,2024-02-01,56
1573,2024-03-01,54
1573,2024-04-01,53
1573,2024-05-01,50
1573,2024-06-01,50
1573,2024-07-01,49
1573,2024-08-01,48
1573,2024-09-01,45
1573,2024-10-01,43
1573,2024-11-01,42
1573,2024-12-01,39
1573,2025-01-01,36
1573,2025-02-01,34
1573,2025-03-01,31
1573,2025-04-01,28
1573,2025-05-01,25
1573,2025-06-01,22
1573,2025-07-01,19
1573,2025-08-01,16
1573,2025-09-01,15
1573,2025-10-01,15
1573,2025-11-01,13
1573,2025-12-01,13
1574,2024-01-01,70
1574,2024-02-01,68
1574,2024-03-01,65
1574,2024-04-01,65
1574,2024-05-01,65
1574,2024-06-01,63
1574,2024-07-01,61
1574,2024-08-01,60
1574,2024-09-01,57
1574,2024-10-01,54
1574,2024-11-01,53
1574,2024-12-01,51
1574,2025-01-01,48
1574,2025-02-01,46
1574,2025-03-01,43
1574,2025-04-01,43
1574,2025-05-01,43
1574,2025-06-01,40
1574,2025-07-01,37
1574,2025-08-01,34
1574,2025-09-01,33
1574,2025-10-01,30
1574,2025-11-01,29
1574,2025-12-01,28
1575,2024-01-01,69
1575,2024-02-01,69
1575,2024-03-01,69
1575,2024-04-01,68
1575,2024-05-01,66
1575,2024-06-01,65
1575,2024-07-01,65
1575,2024-08-01,64
1575,2024-09-01,63
1575,2024-10-01,62
1575,2024-11-01,59
1575,2024-12-01,58
1575,2025-01-01,58
1575,2025-02-01,57
1575,2025-03-01,54
1575,2025-04-01,54
1575,2025-05-01,53
1575,2025-06-01,53
1575,2025-07-01,50
1575,2025-08-01,48
1575,2025-09-01,45
1575,2025-10-01,42
1575,2025-11-01,42
1575,2025-12-01,42
1576,2024-01-01,72
1576,2024-02-01,70
1576,2024-03-01,67
1576,2024-04-01,64
1576,2024-05-01,62
1576,2024-06-01,60
1576,2024-07-01,58
1576,2024-08-01,57
1576,2024-09-01,56
1576,2024-10-01,54
1576,2024-11-01,51
1576,2024-12-01,51
1576,2025-01-01,48
1576,2025-02-01,48
1576,2025-03-01,46
1576,2025-04-01,45
1576,2025-05-01,44
1576,2025-06-01,44
1576,2025-07-01,42
1576,2025-08-01,41
1576,2025-09-01,39
1576,2025-10-01,37
1576,2025-11-01,37
1576,2025-12-01,35
1577,2024-01-01,66
1577,2024-02-01,65
1577,2024-03-01,62
1577,2024-04-01,60
1577,2024-05-01,60
1577,2024-06-01,59
1577,2024-07-01,57
1577,2024-08-01,54
1577,2024-09-01,53
1577,2024-10-01,53
1577,2024-11-01,51
1577,2024-12-01,51
1577,2025-01-01,48
1577,2025-02-01,45
1577,2025-03-01,45
1577,2025-04-01,43
1577,2025-05-01,43
1577,2025-06-01,42
1577,2025-07-01,42
1577,2025-08-01,39
1577,2025-09-01,37
1577,2025-10-01,35
1577,2025-11-01,32
1577,2025-12-01,29
1578,2024-01-01,74
1578,2024-02-01,71
1578,2024-03-01,68
1578,2024-04-01,66
1578,2024-05-01,63
1578,2024-06-01,63
1578,2024-07-01,63
1578,2024-08-01,61
1578,2024-09-01,60
1578,2024-10-01,59
1578,2024-11-01,57
1578,2024-12-01,57
1578,2025-01-01,55
1578,2025-02-01,52
1578,2025-03-01,50
1578,2025-04-01,49
1578,2025-05-01,49
1578,2025-06-01,48
1578,2025-07-01,47
1578,2025-08-01,47
1578,2025-09-01,44
1578,2025-10-01,44
1578,2025-11-01,44
1578,2025-12-01,42
1579,2024-01-01,42
1579,2024-02-01,41
1579,2024-03-01,41
1579,2024-04-01,38
1579,2024-05-01,36
1579,2024-06-01,34
1579,2024-07-01,31
1579,2024-08-01,29
1579,2024-09-01,27
1579,2024-10-01,24
1579,2024-11-01,23
1579,2024-12-01,23
1579,2025-01-01,23
1579,2025-02-01,23
1579,2025-03-01,23
1579,2025-04-01,23
1579,2025-05-01,23
1579,2025-06-01,21
1579,2025-07-01,21
1579,2025-08-01,19
1579,2025-09-01,16
1579,2025-10-01,15
1579,2025-11-01,13
1579,2025-12-01,12
1580,2024-01-01,63
1580,2024-02-01,62
1580,2024-03-01,61
1580,2024-04-01,58
1580,2024-05-01,55
1580,2024-06-01,52
1580,2024-07-01,50
1580,2024-08-01,48
1580,2024-09-01,47
1580,2024-10-01,44
1580,2024-11-01,43
1580,2024-12-01,43
1580,2025-01-01,40
1580,2025-02-01,38
1580,2025-03-01,35
1580,2025-04-01,34
1580,2025-05-01,32
1580,2025-06-01,32
1580,2025-07-01,32
1580,2025-08-01,31
1580,2025-09-01,28
1580,2025-10-01,28
1580,2025-11-01,27
1580,2025-12-01,25
1581,2024-01-01,77
1581,2024-02-01,74
1581,2024-03-01,71
1581,2024-04-01,68
1581,2024-05-01,65
1581,2024-06-01,64
1581,2024-07-01,63
1581,2024-08-01,61
1581,2024-09-01,59
1581,2024-10-01,56
1581,2024-11-01,56
1581,2024-12-01,56
1581,2025-01-01,54
1581,2025-02-01,52
1581,2025-03-01,51
1581,2025-04-01,49
1581,2025-05-01,47
1581,2025-06-01,44
1581,2025-07-01,44
1581,2025-08-01,44
1581,2025-09-01,43
1581,2025-10-01,43
1581,2025-11-01,40
1581,2025-12-01,37
1582,2024-01-01,47
1582,2024-02-01,45
1582,2024-03-01,42
1582,2024-04-01,41
1582,2024-05-01,38
1582,2024-06-01,38
1582,2024-07-01,38
1582,2024-08-01,35
1582,2024-09-01,33
1582,2024-10-01,33
1582,2024-11-01,32
1582,2024-12-01,30
1582,2025-01-01,30
1582,2025-02-01,27
1582,2025-03-01,25
1582,2025-04-01,23
1582,2025-05-01,23
1582,2025-06-01,22
1582,2025-07-01,22
1582,2025-08-01,22
1582,2025-09-01,22
1582,2025-10-01,22
1582,2025-11-01,22
1582,2025-12-01,19
1583,2024-01-01,23
1583,2024-02-01,21
1583,2024-03-01,18
1583,2024-04-01,17
1583,2024-05-01,17
1583,2024-06-01,16
1583,2024-07-01,14
1583,2024-08-01,13
1583,2024-09-01,13
1583,2024-10-01,11
1583,2024-11-01,11
1583,2024-12-01,11
1583,2025-01-01,8
1583,2025-02-01,6
1583,2025-03-01,4
1583,2025-04-01,4
1583,2025-05-01,3
1583,2025-06-01,1
1583,2025-07-01,1
1583,2025-08-01,1
1583,2025-09-01,1
1583,2025-10-01,1
1583,2025-11-01,1
1583,2025-12-01,1
1584,2024-01-01,48
1584,2024-02-01,46
1584,2024-03-01,43
1584,2024-04-01,42
1584,2024-05-01,39
1584,2024-06-01,38
1584,2024-07-01,36
1584,2024-08-01,34
1584,2024-09-01,31
1584,2024-10-01,28
1584,2024-11-01,25
1584,2024-12-01,22
1584,2025-01-01,20
1584,2025-02-01,18
1584,2025-03-01,18
1584,2025-04-01,15
1584,2025-05-01,12
1584,2025-06-01,11
1584,2025-07-01,10
1584,2025-08-01,8
1584,2025-09-01,8
1584,2025-10-01,5
1584,2025-11-01,5
1584,2025-12-01,5
1585,2024-01-01,78
1585,2024-02-01,75
1585,2024-03-01,73
1585,2024-04-01,73
1585,2024-05-01,71
1585,2024-06-01,69
1585,2024-07-01,68
1585,2024-08-01,66
1585,2024-09-01,66
1585,2024-10-01,65
1585,2024-11-01,62
1585,2024-12-01,59
1585,2025-01-01,56
1585,2025-02-01,53
1585,2025-03-01,50
1585,2025-04-01,50
1585,2025-05-01,48
1585,2025-06-01,47
1585,2025-07-01,45
1585,2025-08-01,43
1585,2025-09-01,43
1585,2025-10-01,43
1585,2025-11-01,43
1585,2025-12-01,42
1586,2024-01-01,22
1586,2024-02-01,21
1586,2024-03-01,21
1586,2024-04-01,21
1586,2024-05-01,21
1586,2024-06-01,19
1586,2024-07-01,19
1586,2024-08-01,17
1586,2024-09-01,16
1586,2024-10-01,16
1586,2024-11-01,13
1586,2024-12-01,10
1586,2025-01-01,8
1586,2025-02-01,8
1586,2025-03-01,8
1586,2025-04-01,5
1586,2025-05-01,4
1586,2025-06-01,3
1586,2025-07-01,1
1586,2025-08-01,1
1586,2025-09-01,1
1586,2025-10-01,1
1586,2025-11-01,1
1586,2025-12-01,1
1587,2024-01-01,41
1587,2024-02-01,40
1587,2024-03-01,40
1587,2024-04-01,37
1587,2024-05-01,34
1587,2024-06-01,34
1587,2024-07-01,32
1587,2024-08-01,31
1587,2024-09-01,30
1587,2024-10-01,29
1587,2024-11-01,29
1587,2024-12-01,28
1587,2025-01-01,26
1587,2025-02-01,24
1587,2025-03-01,24
1587,2025-04-01,22
1587,2025-05-01,19
1587,2025-06-01,16
1587,2025-07-01,15
1587,2025-08-01,14
1587,2025-09-01,11
1587,2025-10-01,9
1587,2025-11-01,9
1587,2025-12-01,8
1588,2024-01-01,54
1588,2024-02-01,51
1588,2024-03-01,51
1588,2024-04-01,50
1588,2024-05-01,48
1588,2024-06-01,46
1588,2024-07-01,43
1588,2024-08-01,43
1588,2024-09-01,40
1588,2024-10-01,40
1588,2024-11-01,38
1588,2024-12-01,38
1588,2025-01-01,36
1588,2025-02-01,36
1588,2025-03-01,33
1588,2025-04-01,31
1588,2025-05-01,30
1588,2025-06-01,29
1588,2025-07-01,27
1588,2025-08-01,26
1588,2025-09-01,24
1588,2025-10-01,21
1588,2025-11-01,18
1588,2025-12-01,18
1589,2024-01-01,48
1589,2024-02-01,47
1589,2024-03-01,45
1589,2024-04-01,42
1589,2024-05-01,41
1589,2024-06-01,41
1589,2024-07-01,40
1589,2024-08-01,40
1589,2024-09-01,39
1589,2024-10-01,38
1589,2024-11-01,35
1589,2024-12-01,35
1589,2025-01-01,34
1589,2025-02-01,34
1589,2025-03-01,34
1589,2025-04-01,31
1589,2025-05-01,28
1589,2025-06-01,28
1589,2025-07-01,25
1589,2025-08-01,24
1589,2025-09-01,23
1589,2025-10-01,20
1589,2025-11-01,20
1589,2025-12-01,19
1590,2024-01-01,54
1590,2024-02-01,52
1590,2024-03-01,52
1590,2024-04-01,50
1590,2024-05-01,47
1590,2024-06-01,44
1590,2024-07-01,44
1590,2024-08-01,41
1590,2024-09-01,40
1590,2024-10-01,37
1590,2024-11-01,34
1590,2024-12-01,32
1590,2025-01-01,29
1590,2025-02-01,29
1590,2025-03-01,26
1590,2025-04-01,23
1590,2025-05-01,23
1590,2025-06-01,23
1590,2025-07-01,21
1590,2025-08-01,20
1590,2025-09-01,17
1590,2025-10-01,16
1590,2025-11-01,14
1590,2025-12-01,14
1591,2024-01-01,52
1591,2024-02-01,50
1591,2024-03-01,47
1591,2024-04-01,45
1591,2024-05-01,45
1591,2024-06-01,42
1591,2024-07-01,42
1591,2024-08-01,42
1591,2024-09-01,40
1591,2024-10-01,38
1591,2024-11-01,37
1591,2024-12-01,37
1591,2025-01-01,34
1591,2025-02-01,34
1591,2025-03-01,31
1591,2025-04-01,30
1591,2025-05-01,30
1591,2025-06-01,27
1591,2025-07-01,24
1591,2025-08-01,23
1591,2025-09-01,21
1591,2025-10-01,20
1591,2025-11-01,17
1591,2025-12-01,16
1592,2024-01-01,70
1592,2024-02-01,69
1592,2024-03-01,68
1592,2024-04-01,68
1592,2024-05-01,67
1592,2024-06-01,65
1592,2024-07-01,62
1592,2024-08-01,61
1592,2024-09-01,61
1592,2024-10-01,61
1592,2024-11-01,60
1592,2024-12-01,60
1592,2025-01-01,57
1592,2025-02-01,54
1592,2025-03-01,54
1592,2025-04-01,53
1592,2025-05-01,52
1592,2025-06-01,52
1592,2025-07-01,49
1592,2025-08-01,46
1592,2025-09-01,45
1592,2025-10-01,42
1592,2025-11-01,40
1592,2025-12-01,37
1593,2024-01-01,74
1593,2024-02-01,71
1593,2024-03-01,71
1593,2024-04-01,69
1593,2024-05-01,69
1593,2024-06-01,66
1593,2024-07-01,63
1593,2024-08-01,63
1593,2024-09-01,61
1593,2024-10-01,60
1593,2024-11-01,60
1593,2024-12-01,57
1593,2025-01-01,54
1593,2025-02-01,53
1593,2025-03-01,50
1593,2025-04-01,47
1593,2025-05-01,46
1593,2025-06-01,43
1593,2025-07-01,40
1593,2025-08-01,38
1593,2025-09-01,38
1593,2025-10-01,36
1593,2025-11-01,34
1593,2025-12-01,31
1594,2024-01-01,68
1594,2024-02-01,65
1594,2024-03-01,63
1594,2024-04-01,61
1594,2024-05-01,59
1594,2024-06-01,59
1594,2024-07-01,56
1594,2024-08-01,56
1594,2024-09-01,54
1594,2024-10-01,54
1594,2024-11-01,54
1594,2024-12-01,51
1594,2025-01-01,48
1594,2025-02-01,48
1594,2025-03-01,47
1594,2025-04-01,44
1594,2025-05-01,43
1594,2025-06-01,40
1594,2025-07-01,38
1594,2025-08-01,37
1594,2025-09-01,35
1594,2025-10-01,33
1594,2025-11-01,33
1594,2025-12-01,31
1595,2024-01-01,64
1595,2024-02-01,62
1595,2024-03-01,62
1595,2024-04-01,62
1595,2024-05-01,60
1595,2024-06-01,59
1595,2024-07-01,56
1595,2024-08-01,55
1595,2024-09-01,53
1595,2024-10-01,53
1595,2024-11-01,51
1595,2024-12-01,49
1595,2025-01-01,49
1595,2025-02-01,48
1595,2025-03-01,45
1595,2025-04-01,43
1595,2025-05-01,43
1595,2025-06-01,40
1595,2025-07-01,37
1595,2025-08-01,34
1595,2025-09-01,34
1595,2025-10-01,32
1595,2025-11-01,32
1595,2025-12-01,30
1596,2024-01-01,74
1596,2024-02-01,72
1596,2024-03-01,71
1596,2024-04-01,71
1596,2024-05-01,68
1596,2024-06-01,66
1596,2024-07-01,63
1596,2024-08-01,60
1596,2024-09-01,57
1596,2024-10-01,57
1596,2024-11-01,54
1596,2024-12-01,52
1596,2025-01-01,52
1596,2025-02-01,51
1596,2025-03-01,49
1596,2025-04-01,49
1596,2025-05-01,47
1596,2025-06-01,45
1596,2025-07-01,44
1596,2025-08-01,44
1596,2025-09-01,41
1596,2025-10-01,39
1596,2025-11-01,37
1596,2025-12-01,35
1597,2024-01-01,52
1597,2024-02-01,52
1597,2024-03-01,50
1597,2024-04-01,48
1597,2024-05-01,46
1597,2024-06-01,43
1597,2024-07-01,40
1597,2024-08-01,40
1597,2024-09-01,38
1597,2024-10-01,36
1597,2024-11-01,35
1597,2024-12-01,32
1597,2025-01-01,31
1597,2025-02-01,29
1597,2025-03-01,27
1597,2025-04-01,26
1597,2025-05-01,26
1597,2025-06-01,26
1597,2025-07-01,25
1597,2025-08-01,23
1597,2025-09-01,22
1597,2025-10-01,19
1597,2025-11-01,19
1597,2025-12-01,18
1598,2024-01-01,73
1598,2024-02-01,71
1598,2024-03-01,69
1598,2024-04-01,67
1598,2024-05-01,67
1598,2024-06-01,64
1598,2024-07-01,63
1598,2024-08-01,61
1598,2024-09-01,61
1598,2024-10-01,59
1598,2024-11-01,56
1598,2024-12-01,55
1598,2025-01-01,53
1598,2025-02-01,50
1598,2025-03-01,50
1598,2025-04-01,47
1598,2025-05-01,47
1598,2025-06-01,45
1598,2025-07-01,43
1598,2025-08-01,40
1598,2025-09-01,40
1598,2025-10-01,37
1598,2025-11-01,34
1598,2025-12-01,32
1599,2024-01-01,24
1599,2024-02-01,21
1599,2024-03-01,18
1599,2024-04-01,17
1599,2024-05-01,16
1599,2024-06-01,13
1599,2024-07-01,12
1599,2024-08-01,9
1599,2024-09-01,7
1599,2024-10-01,7
1599,2024-11-01,5
1599,2024-12-01,2
1599,2025-01-01,1
1599,2025-02-01,1
1599,2025-03-01,1
1599,2025-04-01,1
1599,2025-05-01,1
1599,2025-06-01,1
1599,2025-07-01,1
1599,2025-08-01,1
1599,2025-09-01,1
1599,2025-10-01,1
1599,2025-11-01,1
1599,2025-12-01,1
1600,2024-01-01,40
1600,2024-02-01,40
1600,2024-03-01,39
1600,2024-04-01,38
1600,2024-05-01,37
1600,2024-06-01,37
1600,2024-07-01,37
1600,2024-08-01,35
1600,2024-09-01,34
1600,2024-10-01,31
1600,2024-11-01,31
1600,2024-12-01,28
1600,2025-01-01,27
1600,2025-02-01,26
1600,2025-03-01,26
1600,2025-04-01,26
1600,2025-05-01,24
1600,2025-06-01,21
1600,2025-07-01,19
1600,2025-08-01,17
1600,2025-09-01,14
1600,2025-10-01,13
1600,2025-11-01,10
1600,2025-12-01,9
1601,2024-01-01,77
1601,2024-02-01,76
1601,2024-03-01,75
1601,2024-04-01,72
1601,2024-05-01,71
1601,2024-06-01,68
1601,2024-07-01,68
1601,2024-08-01,68
1601,2024-09-01,66
1601,2024-10-01,64
1601,2024-11-01,61
1601,2024-12-01,60
1601,2025-01-01,59
1601,2025-02-01,59
1601,2025-03-01,56
1601,2025-04-01,55
1601,2025-05-01,54
1601,2025-06-01,51
1601,2025-07-01,49
1601,2025-08-01,46
1601,2025-09-01,43
1601,2025-10-01,42
1601,2025-11-01,42
1601,2025-12-01,41
1602,2024-01-01,40
1602,2024-02-01,37
1602,2024-03-01,34
1602,2024-04-01,33
1602,2024-05-01,32
1602,2024-06-01,32
1602,2024-07-01,30
1602,2024-08-01,29
1602,2024-09-01,26
1602,2024-10-01,24
1602,2024-11-01,22
1602,2024-12-01,22
1602,2025-01-01,20
1602,2025-02-01,19
1602,2025-03-01,18
1602,2025-04-01,15
1602,2025-05-01,14
1602,2025-06-01,13
1602,2025-07-01,13
1602,2025-08-01,11
1602,2025-09-01,11
1602,2025-10-01,9
1602,2025-11-01,9
1602,2025-12-01,6
1603,2024-01-01,52
1603,2024-02-01,49
1603,2024-03-01,48
1603,2024-04-01,47
1603,2024-05-01,44
1603,2024-06-01,41
1603,2024-07-01,41
1603,2024-08-01,38
1603,2024-09-01,35
1603,2024-10-01,33
1603,2024-11-01,31
1603,2024-12-01,30
1603,2025-01-01,27
1603,2025-02-01,27
1603,2025-03-01,26
1603,2025-04-01,25
1603,2025-05-01,24
1603,2025-06-01,21
1603,2025-07-01,18
1603,2025-08-01,18
1603,2025-09-01,18
1603,2025-10-01,17
1603,2025-11-01,14
1603,2025-12-01,14
1604,2024-01-01,36
1604,2024-02-01,35
1604,2024-03-01,33
1604,2024-04-01,32
1604,2024-05-01,29
1604,2024-06-01,28
1604,2024-07-01,27
1604,2024-08-01,24
1604,2024-09-01,24
1604,2024-10-01,24
1604,2024-11-01,24
1604,2024-12-01,24
1604,2025-01-01,23
1604,2025-02-01,23
1604,2025-03-01,21
1604,2025-04-01,19
1604,2025-05-01,19
1604,2025-06-01,17
1604,2025-07-01,15
1604,2025-08-01,12
1604,2025-09-01,9
1604,2025-10-01,9
1604,2025-11-01,8
1604,2025-12-01,7
1605,2024-01-01,48
1605,2024-02-01,47
1605,2024-03-01,47
1605,2024-04-01,46
1605,2024-05-01,45
1605,2024-06-01,43
1605,2024-07-01,42
1605,2024-08-01,39
1605,2024-09-01,39
1605,2024-10-01,38
1605,2024-11-01,36
1605,2024-12-01,33
1605,2025-01-01,30
1605,2025-02-01,28
1605,2025-03-01,25
1605,2025-04-01,23
1605,2025-05-01,20
1605,2025-06-01,17
1605,2025-07-01,14
1605,2025-08-01,11
1605,2025-09-01,9
1605,2025-10-01,8
1605,2025-11-01,5
1605,2025-12-01,3
1606,2024-01-01,60
1606,2024-02-01,59
1606,2024-03-01,59
1606,2024-04-01,57
1606,2024-05-01,55
1606,2024-06-01,53
1606,2024-07-01,52
1606,2024-08-01,49
1606,2024-09-01,48
1606,2024-10-01,46
1606,2024-11-01,46
1606,2024-12-01,44
1606,2025-01-01,41
1606,2025-02-01,41
1606,2025-03-01,41
1606,2025-04-01,40
1606,2025-05-01,39
1606,2025-06-01,36
1606,2025-07-01,35
1606,2025-08-01,32
1606,2025-09-01,32
1606,2025-10-01,32
1606,2025-11-01,32
1606,2025-12-01,29
1607,2024-01-01,28
1607,2024-02-01,27
1607,2024-03-01,25
1607,2024-04-01,25
1607,2024-05-01,25
1607,2024-06-01,23
1607,2024-07-01,23
1607,2024-08-01,23
1607,2024-09-01,21
1607,2024-10-01,21
1607,2024-11-01,20
1607,2024-12-01,18
1607,2025-01-01,18
1607,2025-02-01,17
1607,2025-03-01,14
1607,2025-04-01,14
1607,2025-05-01,12
1607,2025-06-01,11
1607,2025-07-01,8
1607,2025-08-01,5
1607,2025-09-01,5
1607,2025-10-01,2
1607,2025-11-01,1
1607,2025-12-01,1
1608,2024-01-01,69
1608,2024-02-01,69
1608,2024-03-01,66
1608,2024-04-01,65
1608,2024-05-01,65
1608,2024-06-01,63
1608,2024-07-01,61
1608,2024-08-01,58
1608,2024-09-01,57
1608,2024-10-01,54
1608,2024-11-01,51
1608,2024-12-01,50
1608,2025-01-01,50
1608,2025-02-01,48
1608,2025-03-01,47
1608,2025-04-01,44
1608,2025-05-01,44
1608,2025-06-01,41
1608,2025-07-01,41
1608,2025-08-01,39
1608,2025-09-01,37
1608,2025-10-01,37
1608,2025-11-01,35
1608,2025-12-01,32
1609,2024-01-01,41
1609,2024-02-01,41
1609,2024-03-01,38
1609,2024-04-01,36
1609,2024-05-01,35
1609,2024-06-01,32
1609,2024-07-01,32
1609,2024-08-01,30
1609,2024-09-01,30
1609,2024-10-01,27
1609,2024-11-01,27
1609,2024-12-01,27
1609,2025-01-01,24
1609,2025-02-01,22
1609,2025-03-01,20
1609,2025-04-01,17
1609,2025-05-01,15
1609,2025-06-01,14
1609,2025-07-01,14
1609,2025-08-01,11
1609,2025-09-01,10
1609,2025-10-01,10
1609,2025-11-01,7
1609,2025-12-01,5
1610,2024-01-01,68
1610,2024-02-01,68
1610,2024-03-01,68
1610,2024-04-01,68
1610,2024-05-01,67
1610,2024-06-01,65
1610,2024-07-01,62
1610,2024-08-01,59
1610,2024-09-01,57
1610,2024-10-01,54
1610,2024-11-01,54
1610,2024-12-01,51
1610,2025-01-01,49
1610,2025-02-01,48
1610,2025-03-01,47
1610,2025-04-01,45
1610,2025-05-01,42
1610,2025-06-01,39
1610,2025-07-01,38
1610,2025-08-01,35
1610,2025-09-01,34
1610,2025-10-01,32
1610,2025-11-01,30
1610,2025-12-01,27
1611,2024-01-01,20
1611,2024-02-01,19
1611,2024-03-01,17
1611,2024-04-01,16
1611,2024-05-01,14
1611,2024-06-01,13
1611,2024-07-01,12
1611,2024-08-01,11
1611,2024-09-01,8
1611,2024-10-01,8
1611,2024-11-01,6
1611,2024-12-01,5
1611,2025-01-01,5
1611,2025-02-01,4
1611,2025-03-01,3
1611,2025-04-01,1
1611,2025-05-01,1
1611,2025-06-01,1
1611,2025-07-01,1
1611,2025-08-01,1
1611,2025-09-01,1
1611,2025-10-01,1
1611,2025-11-01,1
1611,2025-12-01,1
1612,2024-01-01,74
1612,2024-02-01,72
1612,2024-03-01,72
1612,2024-04-01,70
1612,2024-05-01,68
1612,2024-06-01,67
1612,2024-07-01,66
1612,2024-08-01,64
1612,2024-09-01,64
1612,2024-10-01,62
1612,2024-11-01,59
1612,2024-12-01,56
1612,2025-01-01,53
1612,2025-02-01,52
1612,2025-03-01,52
1612,2025-04-01,50
1612,2025-05-01,50
1612,2025-06-01,50
1612,2025-07-01,50
1612,2025-08-01,47
1612,2025-09-01,45
1612,2025-10-01,44
1612,2025-11-01,44
1612,2025-12-01,44
1613,2024-01-01,20
1613,2024-02-01,18
1613,2024-03-01,17
1613,2024-04-01,16
1613,2024-05-01,13
1613,2024-06-01,11
1613,2024-07-01,11
1613,2024-08-01,9
1613,2024-09-01,8
1613,2024-10-01,5
1613,2024-11-01,5
1613,2024-12-01,5
1613,2025-01-01,4
1613,2025-02-01,4
1613,2025-03-01,2
1613,2025-04-01,1
1613,2025-05-01,1
1613,2025-06-01,1
1613,2025-07-01,1
1613,2025-08-01,1
1613,2025-09-01,1
1613,2025-10-01,1
1613,2025-11-01,1
1613,2025-12-01,1
1614,2024-01-01,26
1614,2024-02-01,26
1614,2024-03-01,23
1614,2024-04-01,23
1614,2024-05-01,21
1614,2024-06-01,20
1614,2024-07-01,18
1614,2024-08-01,16
1614,2024-09-01,15
1614,2024-10-01,13
1614,2024-11-01,11
1614,2024-12-01,8
1614,2025-01-01,8
1614,2025-02-01,6
1614,2025-03-01,5
1614,2025-04-01,2
1614,2025-05-01,2
1614,2025-06-01,1
1614,2025-07-01,1
1614,2025-08-01,1
1614,2025-09-01,1
1614,2025-10-01,1
1614,2025-11-01,1
1614,2025-12-01,1
1615,2024-01-01,25
1615,2024-02-01,22
1615,2024-03-01,21
1615,2024-04-01,21
1615,2024-05-01,21
1615,2024-06-01,20
1615,2024-07-01,17
1615,2024-08-01,16
1615,2024-09-01,14
1615,2024-10-01,12
1615,2024-11-01,12
1615,2024-12-01,10
1615,2025-01-01,7
1615,2025-02-01,6
1615,2025-03-01,3
1615,2025-04-01,3
1615,2025-05-01,1
1615,2025-06-01,1
1615,2025-07-01,1
1615,2025-08-01,1
1615,2025-09-01,1
1615,2025-10-01,1
1615,2025-11-01,1
1615,2025-12-01,1
1616,2024-01-01,67
1616,2024-02-01,66
1616,2024-03-01,65
1616,2024-04-01,62
1616,2024-05-01,60
1616,2024-06-01,58
1616,2024-07-01,57
1616,2024-08-01,57
1616,2024-09-01,54
1616,2024-10-01,53
1616,2024-11-01,50
1616,2024-12-01,49
1616,2025-01-01,46
1616,2025-02-01,46
1616,2025-03-01,46
1616,2025-04-01,46
1616,2025-05-01,46
1616,2025-06-01,44
1616,2025-07-01,42
1616,2025-08-01,39
1616,2025-09-01,38
1616,2025-10-01,36
1616,2025-11-01,35
1616,2025-12-01,32
1617,2024-01-01,33
1617,2024-02-01,33
1617,2024-03-01,31
1617,2024-04-01,28
1617,2024-05-01,26
1617,2024-06-01,24
1617,2024-07-01,22
1617,2024-08-01,19
1617,2024-09-01,19
1617,2024-10-01,19
1617,2024-11-01,17
1617,2024-12-01,16
1617,2025-01-01,16
1617,2025-02-01,16
1617,2025-03-01,13
1617,2025-04-01,13
1617,2025-05-01,13
1617,2025-06-01,11
1617,2025-07-01,9
1617,2025-08-01,6
1617,2025-09-01,3
1617,2025-10-01,2
1617,2025-11-01,2
1617,2025-12-01,1
1618,2024-01-01,34
1618,2024-02-01,31
1618,2024-03-01,29
1618,2024-04-01,26
1618,2024-05-01,24
1618,2024-06-01,22
1618,2024-07-01,21
1618,2024-08-01,19
1618,2024-09-01,19
1618,2024-10-01,19
1618,2024-11-01,19
1618,2024-12-01,16
1618,2025-01-01,14
1618,2025-02-01,11
1618,2025-03-01,10
1618,2025-04-01,8
1618,2025-05-01,8
1618,2025-06-01,7
1618,2025-07-01,6
1618,2025-08-01,4
1618,2025-09-01,4
1618,2025-10-01,1
1618,2025-11-01,1
1618,2025-12-01,1
1619,2024-01-01,67
1619,2024-02-01,66
1619,2024-03-01,66
1619,2024-04-01,63
1619,2024-05-01,60
1619,2024-06-01,59
1619,2024-07-01,58
1619,2024-08-01,57
1619,2024-09-01,55
1619,2024-10-01,55
1619,2024-11-01,54
1619,2024-12-01,53
1619,2025-01-01,52
1619,2025-02-01,49
1619,2025-03-01,48
1619,2025-04-01,48
1619,2025-05-01,45
1619,2025-06-01,45
1619,2025-07-01,42
1619,2025-08-01,39
1619,2025-09-01,37
1619,2025-10-01,34
1619,2025-11-01,31
1619,2025-12-01,31
1620,2024-01-01,51
1620,2024-02-01,49
1620,2024-03-01,46
1620,2024-04-01,44
1620,2024-05-01,43
1620,2024-06-01,41
1620,2024-07-01,38
1620,2024-08-01,38
1620,2024-09-01,36
1620,2024-10-01,33
1620,2024-11-01,32
1620,2024-12-01,29
1620,2025-01-01,27
1620,2025-02-01,24
1620,2025-03-01,21
1620,2025-04-01,19
1620,2025-05-01,17
1620,2025-06-01,16
1620,2025-07-01,13
1620,2025-08-01,13
1620,2025-09-01,11
1620,2025-10-01,8
1620,2025-11-01,8
1620,2025-12-01,8
1621,2024-01-01,24
1621,2024-02-01,21
1621,2024-03-01,21
1621,2024-04-01,18
1621,2024-05-01,16
1621,2024-06-01,16
1621,2024-07-01,14
1621,2024-08-01,12
1621,2024-09-01,9
1621,2024-10-01,7
1621,2024-11-01,4
1621,2024-12-01,4
1621,2025-01-01,2
1621,2025-02-01,1
1621,2025-03-01,1
1621,2025-04-01,1
1621,2025-05-01,1
1621,2025-06-01,1
1621,2025-07-01,1
1621,2025-08-01,1
1621,2025-09-01,1
1621,2025-10-01,1
1621,2025-11-01,1
1621,2025-12-01,1
1622,2024-01-01,38
1622,2024-02-01,37
1622,2024-03-01,34
1622,2024-04-01,32
1622,2024-05-01,31
1622,2024-06-01,30
1622,2024-07-01,30
1622,2024-08-01,29
1622,2024-09-01,26
1622,2024-10-01,23
1622,2024-11-01,21
1622,2024-12-01,19
1622,2025-01-01,16
1622,2025-02-01,15
1622,2025-03-01,14
1622,2025-04-01,14
1622,2025-05-01,12
1622,2025-06-01,11
1622,2025-07-01,10
1622,2025-08-01,8
1622,2025-09-01,5
1622,2025-10-01,4
1622,2025-11-01,4
1622,2025-12-01,3
1623,2024-01-01,41
1623,2024-02-01,38
1623,2024-03-01,38
1623,2024-04-01,38
1623,2024-05-01,36
1623,2024-06-01,35
1623,2024-07-01,32
1623,2024-08-01,31
1623,2024-09-01,28
1623,2024-10-01,28
1623,2024-11-01,26
1623,2024-12-01,26
1623,2025-01-01,25
1623,2025-02-01,23
1623,2025-03-01,21
1623,2025-04-01,20
1623,2025-05-01,17
1623,2025-06-01,15
1623,2025-07-01,12
1623,2025-08-01,9
1623,2025-09-01,6
1623,2025-10-01,4
1623,2025-11-01,4
1623,2025-12-01,2
1624,2024-01-01,46
1624,2024-02-01,46
1624,2024-03-01,46
1624,2024-04-01,44
1624,2024-05-01,41
1624,2024-06-01,38
1624,2024-07-01,38
1624,2024-08-01,37
1624,2024-09-01,36
1624,2024-10-01,34
1624,2024-11-01,32
1624,2024-12-01,30
1624,2025-01-01,29
1624,2025-02-01,26
1624,2025-03-01,24
1624,2025-04-01,22
1624,2025-05-01,19
1624,2025-06-01,19
1624,2025-07-01,17
1624,2025-08-01,16
1624,2025-09-01,15
1624,2025-10-01,13
1624,2025-11-01,12
1624,2025-12-01,9
1625,2024-01-01,74
1625,2024-02-01,72
1625,2024-03-01,72
1625,2024-04-01,72
1625,2024-05-01,70
1625,2024-06-01,69
1625,2024-07-01,67
1625,2024-08-01,64
1625,2024-09-01,62
1625,2024-10-01,60
1625,2024-11-01,58
1625,2024-12-01,56
1625,2025-01-01,54
1625,2025-02-01,52
1625,2025-03-01,51
1625,2025-04-01,49
1625,2025-05-01,49
1625,2025-06-01,47
1625,2025-07-01,46
1625,2025-08-01,43
1625,2025-09-01,43
1625,2025-10-01,41
1625,2025-11-01,39
1625,2025-12-01,39
1626,2024-01-01,21
1626,2024-02-01,19
1626,2024-03-01,16
1626,2024-04-01,15
1626,2024-05-01,13
1626,2024-06-01,10
1626,2024-07-01,10
1626,2024-08-01,9
1626,2024-09-01,7
1626,2024-10-01,5
1626,2024-11-01,5
1626,2024-12-01,5
1626,2025-01-01,4
1626,2025-02-01,3
1626,2025-03-01,2
1626,2025-04-01,1
1626,2025-05-01,1
1626,2025-06-01,1
1626,2025-07-01,1
1626,2025-08-01,1
1626,2025-09-01,1
1626,2025-10-01,1
1626,2025-11-01,1
1626,2025-12-01,1
1627,2024-01-01,63
1627,2024-02-01,60
1627,2024-03-01,59
1627,2024-04-01,58
1627,2024-05-01,57
1627,2024-06-01,55
1627,2024-07-01,52
1627,2024-08-01,52
1627,2024-09-01,50
1627,2024-10-01,47
1627,2024-11-01,44
1627,2024-12-01,42
1627,2025-01-01,41
1627,2025-02-01,38
1627,2025-03-01,38
1627,2025-04-01,36
1627,2025-05-01,33
1627,2025-06-01,33
1627,2025-07-01,33
1627,2025-08-01,33
1627,2025-09-01,33
1627,2025-10-01,31
1627,2025-11-01,31
1627,2025-12-01,29
1628,2024-01-01,56
1628,2024-02-01,54
1628,2024-03-01,53
1628,2024-04-01,50
1628,2024-05-01,47
1628,2024-06-01,45
1628,2024-07-01,45
1628,2024-08-01,43
1628,2024-09-01,43
1628,2024-10-01,41
1628,2024-11-01,38
1628,2024-12-01,36
1628,2025-01-01,33
1628,2025-02-01,30
1628,2025-03-01,27
1628,2025-04-01,25
1628,2025-05-01,24
1628,2025-06-01,22
1628,2025-07-01,20
1628,2025-08-01,19
1628,2025-09-01,18
1628,2025-10-01,15
1628,2025-11-01,15
1628,2025-12-01,15
1629,2024-01-01,41
1629,2024-02-01,41
1629,2024-03-01,39
1629,2024-04-01,38
1629,2024-05-01,37
1629,2024-06-01,34
1629,2024-07-01,32
1629,2024-08-01,29
1629,2024-09-01,29
1629,2024-10-01,29
1629,2024-11-01,29
1629,2024-12-01,27
1629,2025-01-01,24
1629,2025-02-01,21
1629,2025-03-01,21
1629,2025-04-01,18
1629,2025-05-01,17
1629,2025-06-01,16
1629,2025-07-01,15
1629,2025-08-01,14
1629,2025-09-01,11
1629,2025-10-01,10
1629,2025-11-01,9
1629,2025-12-01,8
1630,2024-01-01,32
1630,2024-02-01,30
1630,2024-03-01,28
1630,2024-04-01,27
1630,2024-05-01,26
1630,2024-06-01,23
1630,2024-07-01,22
1630,2024-08-01,22
1630,2024-09-01,20
1630,2024-10-01,19
1630,2024-11-01,17
1630,2024-12-01,16
1630,2025-01-01,16
1630,2025-02-01,15
1630,2025-03-01,13
1630,2025-04-01,11
1630,2025-05-01,9
1630,2025-06-01,6
1630,2025-07-01,4
1630,2025-08-01,3
1630,2025-09-01,3
1630,2025-10-01,3
1630,2025-11-01,2
1630,2025-12-01,1
1631,2024-01-01,31
1631,2024-02-01,28
1631,2024-03-01,27
1631,2024-04-01,24
1631,2024-05-01,24
1631,2024-06-01,23
1631,2024-07-01,22
1631,2024-08-01,22
1631,2024-09-01,19
1631,2024-10-01,19
1631,2024-11-01,16
1631,2024-12-01,15
1631,2025-01-01,12
1631,2025-02-01,9
1631,2025-03-01,7
1631,2025-04-01,5
1631,2025-05-01,3
1631,2025-06-01,3
1631,2025-07-01,3
1631,2025-08-01,1
1631,2025-09-01,1
1631,2025-10-01,1
1631,2025-11-01,1
1631,2025-12-01,1
1632,2024-01-01,23
1632,2024-02-01,21
1632,2024-03-01,18
1632,2024-04-01,17
1632,2024-05-01,17
1632,2024-06-01,17
1632,2024-07-01,15
1632,2024-08-01,14
1632,2024-09-01,14
1632,2024-10-01,14
1632,2024-11-01,11
1632,2024-12-01,11
1632,2025-01-01,8
1632,2025-02-01,8
1632,2025-03-01,7
1632,2025-04-01,5
1632,2025-05-01,4
1632,2025-06-01,2
1632,2025-07-01,2
1632,2025-08-01,1
1632,2025-09-01,1
1632,2025-10-01,1
1632,2025-11-01,1
1632,2025-12-01,1
1633,2024-01-01,72
1633,2024-02-01,70
1633,2024-03-01,70
1633,2024-04-01,69
1633,2024-05-01,69
1633,2024-06-01,66
1633,2024-07-01,64
1633,2024-08-01,62
1633,2024-09-01,61
1633,2024-10-01,59
1633,2024-11-01,58
1633,2024-12-01,56
1633,2025-01-01,54
1633,2025-02-01,54
1633,2025-03-01,54
1633,2025-04-01,51
1633,2025-05-01,50
1633,2025-06-01,47
1633,2025-07-01,47
1633,2025-08-01,46
1633,2025-09-01,46
1633,2025-10-01,45
1633,2025-11-01,43
1633,2025-12-01,40
1634,2024-01-01,66
1634,2024-02-01,63
1634,2024-03-01,63
1634,2024-04-01,60
1634,2024-05-01,59
1634,2024-06-01,56
1634,2024-07-01,53
1634,2024-08-01,53
1634,2024-09-01,51
1634,2024-10-01,51
1634,2024-11-01,48
1634,2024-12-01,45
1634,2025-01-01,43
1634,2025-02-01,41
1634,2025-03-01,41
1634,2025-04-01,39
1634,2025-05-01,39
1634,2025-06-01,38
1634,2025-07-01,35
1634,2025-08-01,33
1634,2025-09-01,32
1634,2025-10-01,31
1634,2025-11-01,31
1634,2025-12-01,31
1635,2024-01-01,54
1635,2024-02-01,53
1635,2024-03-01,52
1635,2024-04-01,49
1635,2024-05-01,48
1635,2024-06-01,46
1635,2024-07-01,43
1635,2024-08-01,43
1635,2024-09-01,40
1635,2024-10-01,39
1635,2024-11-01,37
1635,2024-12-01,37
1635,2025-01-01,37
1635,2025-02-01,36
1635,2025-03-01,34
1635,2025-04-01,33
1635,2025-05-01,32
1635,2025-06-01,30
1635,2025-07-01,29
1635,2025-08-01,27
1635,2025-09-01,25
1635,2025-10-01,24
1635,2025-11-01,23
1635,2025-12-01,20
1636,2024-01-01,68
1636,2024-02-01,66
1636,2024-03-01,63
1636,2024-04-01,61
1636,2024-05-01,58
1636,2024-06-01,56
1636,2024-07-01,56
1636,2024-08-01,53
1636,2024-09-01,52
1636,2024-10-01,51
1636,2024-11-01,51
1636,2024-12-01,48
1636,2025-01-01,47
1636,2025-02-01,46
1636,2025-03-01,45
1636,2025-04-01,45
1636,2025-05-01,43
1636,2025-06-01,42
1636,2025-07-01,41
1636,2025-08-01,39
1636,2025-09-01,38
1636,2025-10-01,35
1636,2025-11-01,34
1636,2025-12-01,32
1637,2024-01-01,37
1637,2024-02-01,36
1637,2024-03-01,35
1637,2024-04-01,33
1637,2024-05-01,31
1637,2024-06-01,28
1637,2024-07-01,25
1637,2024-08-01,24
1637,2024-09-01,23
1637,2024-10-01,20
1637,2024-11-01,20
1637,2024-12-01,20
1637,2025-01-01,20
1637,2025-02-01,20
1637,2025-03-01,17
1637,2025-04-01,15
1637,2025-05-01,15
1637,2025-06-01,12
1637,2025-07-01,12
1637,2025-08-01,11
1637,2025-09-01,11
1637,2025-10-01,8
1637,2025-11-01,7
1637,2025-12-01,6
1638,2024-01-01,44
1638,2024-02-01,43
1638,2024-03-01,41
1638,2024-04-01,38
1638,2024-05-01,35
1638,2024-06-01,32
1638,2024-07-01,29
1638,2024-08-01,26
1638,2024-09-01,25
1638,2024-10-01,22
1638,2024-11-01,20
1638,2024-12-01,18
1638,2025-01-01,18
1638,2025-02-01,18
1638,2025-03-01,18
1638,2025-04-01,18
1638,2025-05-01,17
1638,2025-06-01,15
1638,2025-07-01,14
1638,2025-08-01,12
1638,2025-09-01,11
1638,2025-10-01,9
1638,2025-11-01,9
1638,2025-12-01,7
1639,2024-01-01,70
1639,2024-02-01,69
1639,2024-03-01,66
1639,2024-04-01,64
1639,2024-05-01,63
1639,2024-06-01,60
1639,2024-07-01,59
1639,2024-08-01,56
1639,2024-09-01,56
1639,2024-10-01,54
1639,2024-11-01,53
1639,2024-12-01,51
1639,2025-01-01,51
1639,2025-02-01,51
1639,2025-03-01,49
1639,2025-04-01,48
1639,2025-05-01,47
1639,2025-06-01,46
1639,2025-07-01,44
1639,2025-08-01,43
1639,2025-09-01,42
1639,2025-10-01,39
1639,2025-11-01,38
1639,2025-12-01,38
1640,2024-01-01,63
1640,2024-02-01,61
1640,2024-03-01,60
1640,2024-04-01,58
1640,2024-05-01,56
1640,2024-06-01,55
1640,2024-07-01,52
1640,2024-08-01,49
1640,2024-09-01,46
1640,2024-10-01,43
1640,2024-11-01,43
1640,2024-12-01,42
1640,2025-01-01,40
1640,2025-02-01,38
1640,2025-03-01,37
1640,2025-04-01,35
1640,2025-05-01,35
1640,2025-06-01,32
1640,2025-07-01,31
1640,2025-08-01,29
1640,2025-09-01,29
1640,2025-10-01,27
1640,2025-11-01,27
1640,2025-12-01,25
1641,2024-01-01,70
1641,2024-02-01,67
1641,2024-03-01,64
1641,2024-04-01,62
1641,2024-05-01,59
1641,2024-06-01,58
1641,2024-07-01,58
1641,2024-08-01,58
1641,2024-09-01,56
1641,2024-10-01,55
1641,2024-11-01,54
1641,2024-12-01,54
1641,2025-01-01,54
1641,2025-02-01,51
1641,2025-03-01,49
1641,2025-04-01,49
1641,2025-05-01,49
1641,2025-06-01,48
1641,2025-07-01,47
1641,2025-08-01,46
1641,2025-09-01,46
1641,2025-10-01,44
1641,2025-11-01,41
1641,2025-12-01,39
1642,2024-01-01,21
1642,2024-02-01,19
1642,2024-03-01,19
1642,2024-04-01,17
1642,2024-05-01,17
1642,2024-06-01,16
1642,2024-07-01,14
1642,2024-08-01,13
1642,2024-09-01,12
1642,2024-10-01,9
1642,2024-11-01,6
1642,2024-12-01,4
1642,2025-01-01,4
1642,2025-02-01,1
1642,2025-03-01,1
1642,2025-04-01,1
1642,2025-05-01,1
1642,2025-06-01,1
1642,2025-07-01,1
1642,2025-08-01,1
1642,2025-09-01,1
1642,2025-10-01,1
1642,2025-11-01,1
1642,2025-12-01,1
1643,2024-01-01,47
1643,2024-02-01,47
1643,2024-03-01,45
1643,2024-04-01,42
1643,2024-05-01,39
1643,2024-06-01,38
1643,2024-07-01,37
1643,2024-08-01,35
1643,2024-09-01,34
1643,2024-10-01,34
1643,2024-11-01,32
1643,2024-12-01,29
1643,2025-01-01,26
1643,2025-02-01,23
1643,2025-03-01,22
1643,2025-04-01,20
1643,2025-05-01,19
1643,2025-06-01,19
1643,2025-07-01,17
1643,2025-08-01,16
1643,2025-09-01,13
1643,2025-10-01,10
1643,2025-11-01,10
1643,2025-12-01,10
1644,2024-01-01,69
1644,2024-02-01,68
1644,2024-03-01,65
1644,2024-04-01,62
1644,2024-05-01,59
1644,2024-06-01,58
1644,2024-07-01,55
1644,2024-08-01,55
1644,2024-09-01,55
1644,2024-10-01,55
1644,2024-11-01,55
1644,2024-12-01,52
1644,2025-01-01,49
1644,2025-02-01,46
1644,2025-03-01,46
1644,2025-04-01,45
1644,2025-05-01,43
1644,2025-06-01,41
1644,2025-07-01,39
1644,2025-08-01,38
1644,2025-09-01,35
1644,2025-10-01,33
1644,2025-11-01,31
1644,2025-12-01,28
1645,2024-01-01,71
1645,2024-02-01,69
1645,2024-03-01,66
1645,2024-04-01,66
1645,2024-05-01,65
1645,2024-06-01,63
1645,2024-07-01,60
1645,2024-08-01,60
1645,2024-09-01,57
1645,2024-10-01,55
1645,2024-11-01,53
1645,2024-12-01,51
1645,2025-01-01,49
1645,2025-02-01,47
1645,2025-03-01,47
1645,2025-04-01,44
1645,2025-05-01,41
1645,2025-06-01,39
1645,2025-07-01,36
1645,2025-08-01,36
1645,2025-09-01,34
1645,2025-10-01,33
1645,2025-11-01,33
1645,2025-12-01,31
1646,2024-01-01,31
1646,2024-02-01,29
1646,2024-03-01,26
1646,2024-04-01,23
1646,2024-05-01,21
1646,2024-06-01,21
1646,2024-07-01,19
1646,2024-08-01,17
1646,2024-09-01,15
1646,2024-10-01,13
1646,2024-11-01,11
1646,2024-12-01,8
1646,2025-01-01,6
1646,2025-02-01,6
1646,2025-03-01,5
1646,2025-04-01,3
1646,2025-05-01,3
1646,2025-06-01,2
1646,2025-07-01,2
1646,2025-08-01,1
1646,2025-09-01,1
1646,2025-10-01,1
1646,2025-11-01,1
1646,2025-12-01,1
1647,2024-01-01,76
1647,2024-02-01,76
1647,2024-03-01,73
1647,2024-04-01,72
1647,2024-05-01,70
1647,2024-06-01,68
1647,2024-07-01,67
1647,2024-08-01,64
1647,2024-09-01,63
1647,2024-10-01,60
1647,2024-11-01,58
1647,2024-12-01,58
1647,2025-01-01,55
1647,2025-02-01,55
1647,2025-03-01,53
1647,2025-04-01,53
1647,2025-05-01,53
1647,2025-06-01,52
1647,2025-07-01,52
1647,2025-08-01,50
1647,2025-09-01,47
1647,2025-10-01,47
1647,2025-11-01,44
1647,2025-12-01,43
1648,2024-01-01,40
1648,2024-02-01,37
1648,2024-03-01,35
1648,2024-04-01,34
1648,2024-05-01,31
1648,2024-06-01,29
1648,2024-07-01,28
1648,2024-08-01,27
1648,2024-09-01,27
1648,2024-10-01,25
1648,2024-11-01,22
1648,2024-12-01,22
1648,2025-01-01,19
1648,2025-02-01,19
1648,2025-03-01,18
1648,2025-04-01,18
1648,2025-05-01,18
1648,2025-06-01,18
1648,2025-07-01,16
1648,2025-08-01,16
1648,2025-09-01,15
1648,2025-10-01,12
1648,2025-11-01,10
1648,2025-12-01,9
1649,2024-01-01,51
1649,2024-02-01,48
1649,2024-03-01,45
1649,2024-04-01,43
1649,2024-05-01,41
1649,2024-06-01,38
1649,2024-07-01,35
1649,2024-08-01,34
1649,2024-09-01,31
1649,2024-10-01,31
1649,2024-11-01,29
1649,2024-12-01,28
1649,2025-01-01,26
1649,2025-02-01,23
1649,2025-03-01,23
1649,2025-04-01,20
1649,2025-05-01,18
1649,2025-06-01,17
1649,2025-07-01,15
1649,2025-08-01,14
1649,2025-09-01,14
1649,2025-10-01,11
1649,2025-11-01,8
1649,2025-12-01,8
1650,2024-01-01,50
1650,2024-02-01,47
1650,2024-03-01,46
1650,2024-04-01,43
1650,2024-05-01,41
1650,2024-06-01,40
1650,2024-07-01,38
1650,2024-08-01,35
1650,2024-09-01,32
1650,2024-10-01,31
1650,2024-11-01,29
1650,2024-12-01,28
1650,2025-01-01,27
1650,2025-02-01,25
1650,2025-03-01,24
1650,2025-04-01,24
1650,2025-05-01,23
1650,2025-06-01,20
1650,2025-07-01,18
1650,2025-08-01,15
1650,2025-09-01,15
1650,2025-10-01,15
1650,2025-11-01,14
1650,2025-12-01,11
1651,2024-01-01,48
1651,2024-02-01,45
1651,2024-03-01,45
1651,2024-04-01,45
1651,2024-05-01,45
1651,2024-06-01,43
1651,2024-07-01,41
1651,2024-08-01,40
1651,2024-09-01,38
1651,2024-10-01,36
1651,2024-11-01,33
1651,2024-12-01,32
1651,2025-01-01,31
1651,2025-02-01,28
1651,2025-03-01,28
1651,2025-04-01,25
1651,2025-05-01,25
1651,2025-06-01,24
1651,2025-07-01,23
1651,2025-08-01,21
1651,2025-09-01,19
1651,2025-10-01,16
1651,2025-11-01,14
1651,2025-12-01,13
1652,2024-01-01,29
1652,2024-02-01,27
1652,2024-03-01,27
1652,2024-04-01,26
1652,2024-05-01,24
1652,2024-06-01,24
1652,2024-07-01,23
1652,2024-08-01,23
1652,2024-09-01,21
1652,2024-10-01,21
1652,2024-11-01,21
1652,2024-12-01,20
1652,2025-01-01,18
1652,2025-02-01,15
1652,2025-03-01,12
1652,2025-04-01,12
1652,2025-05-01,11
1652,2025-06-01,9
1652,2025-07-01,8
1652,2025-08-01,6
1652,2025-09-01,5
1652,2025-10-01,2
1652,2025-11-01,1
1652,2025-12-01,1
1653,2024-01-01,68
1653,2024-02-01,68
1653,2024-03-01,65
1653,2024-04-01,65
1653,2024-05-01,64
1653,2024-06-01,62
1653,2024-07-01,59
1653,2024-08-01,56
1653,2024-09-01,53
1653,2024-10-01,50
1653,2024-11-01,47
1653,2024-12-01,46
1653,2025-01-01,43
1653,2025-02-01,40
1653,2025-03-01,40
1653,2025-04-01,38
1653,2025-05-01,35
1653,2025-06-01,35
1653,2025-07-01,34
1653,2025-08-01,34
1653,2025-09-01,31
1653,2025-10-01,31
1653,2025-11-01,31
1653,2025-12-01,30
1654,2024-01-01,71
1654,2024-02-01,70
1654,2024-03-01,70
1654,2024-04-01,67
1654,2024-05-01,65
1654,2024-06-01,65
1654,2024-07-01,65
1654,2024-08-01,65
1654,2024-09-01,63
1654,2024-10-01,61
1654,2024-11-01,60
1654,2024-12-01,58
1654,2025-01-01,56
1654,2025-02-01,56
1654,2025-03-01,55
1654,2025-04-01,52
1654,2025-05-01,51
1654,2025-06-01,49
1654,2025-07-01,47
1654,2025-08-01,47
1654,2025-09-01,44
1654,2025-10-01,41
1654,2025-11-01,38
1654,2025-12-01,36
1655,2024-01-01,75
1655,2024-02-01,72
1655,2024-03-01,69
1655,2024-04-01,66
1655,2024-05-01,66
1655,2024-06-01,65
1655,2024-07-01,64
1655,2024-08-01,62
1655,2024-09-01,62
1655,2024-10-01,61
1655,2024-11-01,61
1655,2024-12-01,61
1655,2025-01-01,59
1655,2025-02-01,59
1655,2025-03-01,58
1655,2025-04-01,56
1655,2025-05-01,55
1655,2025-06-01,55
1655,2025-07-01,55
1655,2025-08-01,52
1655,2025-09-01,50
1655,2025-10-01,48
1655,2025-11-01,45
1655,2025-12-01,44
1656,2024-01-01,69
1656,2024-02-01,67
1656,2024-03-01,67
1656,2024-04-01,64
1656,2024-05-01,64
1656,2024-06-01,63
1656,2024-07-01,62
1656,2024-08-01,59
1656,2024-09-01,58
1656,2024-10-01,55
1656,2024-11-01,53
1656,2024-12-01,50
1656,2025-01-01,47
1656,2025-02-01,44
1656,2025-03-01,43
1656,2025-04-01,41
1656,2025-05-01,41
1656,2025-06-01,39
1656,2025-07-01,38
1656,2025-08-01,36
1656,2025-09-01,34
1656,2025-10-01,31
1656,2025-11-01,28
1656,2025-12-01,27
1657,2024-01-01,22
1657,2024-02-01,22
1657,2024-03-01,20
1657,2024-04-01,20
1657,2024-05-01,20
1657,2024-06-01,18
1657,2024-07-01,15
1657,2024-08-01,15
1657,2024-09-01,13
1657,2024-10-01,13
1657,2024-11-01,13
1657,2024-12-01,11
1657,2025-01-01,8
1657,2025-02-01,7
1657,2025-03-01,5
1657,2025-04-01,4
1657,2025-05-01,2
1657,2025-06-01,1
1657,2025-07-01,1
1657,2025-08-01,1
1657,2025-09-01,1
1657,2025-10-01,1
1657,2025-11-01,1
1657,2025-12-01,1
1658,2024-01-01,42
1658,2024-02-01,40
1658,2024-03-01,39
1658,2024-04-01,36
1658,2024-05-01,36
1658,2024-06-01,35
1658,2024-07-01,32
1658,2024-08-01,32
1658,2024-09-01,30
1658,2024-10-01,28
1658,2024-11-01,27
1658,2024-12-01,27
1658,2025-01-01,24
1658,2025-02-01,22
1658,2025-03-01,20
1658,2025-04-01,20
1658,2025-05-01,17
1658,2025-06-01,15
1658,2025-07-01,13
1658,2025-08-01,12
1658,2025-09-01,9
1658,2025-10-01,7
1658,2025-11-01,7
1658,2025-12-01,5
1659,2024-01-01,78
1659,2024-02-01,76
1659,2024-03-01,76
1659,2024-04-01,74
1659,2024-05-01,74
1659,2024-06-01,71
1659,2024-07-01,70
1659,2024-08-01,67
1659,2024-09-01,65
1659,2024-10-01,63
1659,2024-11-01,62
1659,2024-12-01,62
1659,2025-01-01,59
1659,2025-02-01,59
1659,2025-03-01,57
1659,2025-04-01,57
1659,2025-05-01,54
1659,2025-06-01,54
1659,2025-07-01,52
1659,2025-08-01,49
1659,2025-09-01,49
1659,2025-10-01,49
1659,2025-11-01,46
1659,2025-12-01,44
1660,2024-01-01,37
1660,2024-02-01,37
1660,2024-03-01,34
1660,2024-04-01,32
1660,2024-05-01,29
1660,2024-06-01,29
1660,2024-07-01,26
1660,2024-08-01,26
1660,2024-09-01,26
1660,2024-10-01,26
1660,2024-11-01,24
1660,2024-12-01,22
1660,2025-01-01,21
1660,2025-02-01,19
1660,2025-03-01,18
1660,2025-04-01,15
1660,2025-05-01,15
1660,2025-06-01,13
1660,2025-07-01,13
1660,2025-08-01,12
1660,2025-09-01,10
1660,2025-10-01,8
1660,2025-11-01,6
1660,2025-12-01,4
1661,2024-01-01,34
1661,2024-02-01,33
1661,2024-03-01,31
1661,2024-04-01,30
1661,2024-05-01,29
1661,2024-06-01,29
1661,2024-07-01,27
1661,2024-08-01,26
1661,2024-09-01,24
1661,2024-10-01,24
1661,2024-11-01,24
1661,2024-12-01,22
1661,2025-01-01,21
1661,2025-02-01,18
1661,2025-03-01,15
1661,2025-04-01,15
1661,2025-05-01,14
1661,2025-06-01,11
1661,2025-07-01,10
1661,2025-08-01,8
1661,2025-09-01,8
1661,2025-10-01,6
1661,2025-11-01,4
1661,2025-12-01,2
1662,2024-01-01,46
1662,2024-02-01,44
1662,2024-03-01,44
1662,2024-04-01,43
1662,2024-05-01,40
1662,2024-06-01,38
1662,2024-07-01,38
1662,2024-08-01,36
1662,2024-09-01,33
1662,2024-10-01,30
1662,2024-11-01,28
1662,2024-12-01,26
1662,2025-01-01,25
1662,2025-02-01,22
1662,2025-03-01,19
1662,2025-04-01,17
1662,2025-05-01,17
1662,2025-06-01,15
1662,2025-07-01,13
1662,2025-08-01,10
1662,2025-09-01,9
1662,2025-10-01,7
1662,2025-11-01,7
1662,2025-12-01,7
1663,2024-01-01,58
1663,2024-02-01,58
1663,2024-03-01,56
1663,2024-04-01,56
1663,2024-05-01,56
1663,2024-06-01,54
1663,2024-07-01,51
1663,2024-08-01,50
1663,2024-09-01,49
1663,2024-10-01,46
1663,2024-11-01,44
1663,2024-12-01,41
1663,2025-01-01,40
1663,2025-02-01,39
1663,2025-03-01,38
1663,2025-04-01,37
1663,2025-05-01,35
1663,2025-06-01,34
1663,2025-07-01,33
1663,2025-08-01,31
1663,2025-09-01,28
1663,2025-10-01,26
1663,2025-11-01,25
1663,2025-12-01,25
1664,2024-01-01,56
1664,2024-02-01,53
1664,2024-03-01,52
1664,2024-04-01,52
1664,2024-05-01,50
1664,2024-06-01,48
1664,2024-07-01,46
1664,2024-08-01,46
1664,2024-09-01,44
1664,2024-10-01,42
1664,2024-11-01,42
1664,2024-12-01,40
1664,2025-01-01,40
1664,2025-02-01,37
1664,2025-03-01,37
1664,2025-04-01,34
1664,2025-05-01,34
1664,2025-06-01,33
1664,2025-07-01,31
1664,2025-08-01,28
1664,2025-09-01,26
1664,2025-10-01,24
1664,2025-11-01,24
1664,2025-12-01,23
1665,2024-01-01,58
1665,2024-02-01,58
1665,2024-03-01,55
1665,2024-04-01,54
1665,2024-05-01,52
1665,2024-06-01,52
1665,2024-07-01,49
1665,2024-08-01,48
1665,2024-09-01,48
1665,2024-10-01,48
1665,2024-11-01,46
1665,2024-12-01,43
1665,2025-01-01,42
1665,2025-02-01,42
1665,2025-03-01,41
1665,2025-04-01,38
1665,2025-05-01,36
1665,2025-06-01,34
1665,2025-07-01,32
1665,2025-08-01,31
1665,2025-09-01,30
1665,2025-10-01,30
1665,2025-11-01,27
1665,2025-12-01,24
1666,2024-01-01,50
1666,2024-02-01,48
1666,2024-03-01,45
1666,2024-04-01,45
1666,2024-05-01,44
1666,2024-06-01,42
1666,2024-07-01,39
1666,2024-08-01,37
1666,2024-09-01,37
1666,2024-10-01,34
1666,2024-11-01,31
1666,2024-12-01,29
1666,2025-01-01,28
1666,2025-02-01,26
1666,2025-03-01,26
1666,2025-04-01,24
1666,2025-05-01,22
1666,2025-06-01,19
1666,2025-07-01,18
1666,2025-08-01,17
1666,2025-09-01,16
1666,2025-10-01,15
1666,2025-11-01,13
1666,2025-12-01,10
1667,2024-01-01,74
1667,2024-02-01,72
1667,2024-03-01,71
1667,2024-04-01,70
1667,2024-05-01,67
1667,2024-06-01,64
1667,2024-07-01,63
1667,2024-08-01,61
1667,2024-09-01,60
1667,2024-10-01,57
1667,2024-11-01,54
1667,2024-12-01,52
1667,2025-01-01,51
1667,2025-02-01,50
1667,2025-03-01,50
1667,2025-04-01,49
1667,2025-05-01,47
1667,2025-06-01,44
1667,2025-07-01,44
1667,2025-08-01,42
1667,2025-09-01,40
1667,2025-10-01,40
1667,2025-11-01,39
1667,2025-12-01,39
1668,2024-01-01,25
1668,2024-02-01,22
1668,2024-03-01,22
1668,2024-04-01,20
1668,2024-05-01,19
1668,2024-06-01,17
1668,2024-07-01,16
1668,2024-08-01,15
1668,2024-09-01,15
1668,2024-10-01,12
1668,2024-11-01,11
1668,2024-12-01,9
1668,2025-01-01,8
1668,2025-02-01,5
1668,2025-03-01,3
1668,2025-04-01,2
1668,2025-05-01,1
1668,2025-06-01,1
1668,2025-07-01,1
1668,2025-08-01,1
1668,2025-09-01,1
1668,2025-10-01,1
1668,2025-11-01,1
1668,2025-12-01,1
1669,2024-01-01,75
1669,2024-02-01,73
1669,2024-03-01,72
1669,2024-04-01,70
1669,2024-05-01,68
1669,2024-06-01,67
1669,2024-07-01,64
1669,2024-08-01,62
1669,2024-09-01,62
1669,2024-10-01,62
1669,2024-11-01,60
1669,2024-12-01,58
1669,2025-01-01,56
1669,2025-02-01,53
1669,2025-03-01,52
1669,2025-04-01,52
1669,2025-05-01,52
1669,2025-06-01,49
1669,2025-07-01,47
1669,2025-08-01,45
1669,2025-09-01,44
1669,2025-10-01,43
1669,2025-11-01,43
1669,2025-12-01,42
1670,2024-01-01,29
1670,2024-02-01,27
1670,2024-03-01,27
1670,2024-04-01,25
1670,2024-05-01,22
1670,2024-06-01,21
1670,2024-07-01,18
1670,2024-08-01,16
1670,2024-09-01,13
1670,2024-10-01,11
1670,2024-11-01,11
1670,2024-12-01,10
1670,2025-01-01,9
1670,2025-02-01,7
1670,2025-03-01,5
1670,2025-04-01,4
1670,2025-05-01,1
1670,2025-06-01,1
1670,2025-07-01,1
1670,2025-08-01,1
1670,2025-09-01,1
1670,2025-10-01,1
1670,2025-11-01,1
1670,2025-12-01,1
1671,2024-01-01,71
1671,2024-02-01,68
1671,2024-03-01,65
1671,2024-04-01,63
1671,2024-05-01,61
1671,2024-06-01,59
1671,2024-07-01,57
1671,2024-08-01,54
1671,2024-09-01,51
1671,2024-10-01,51
1671,2024-11-01,49
1671,2024-12-01,48
1671,2025-01-01,48
1671,2025-02-01,48
1671,2025-03-01,45
1671,2025-04-01,43
1671,2025-05-01,43
1671,2025-06-01,41
1671,2025-07-01,38
1671,2025-08-01,38
1671,2025-09-01,38
1671,2025-10-01,37
1671,2025-11-01,34
1671,2025-12-01,33
1672,2024-01-01,54
1672,2024-02-01,51
1672,2024-03-01,48
1672,2024-04-01,48
1672,2024-05-01,47
1672,2024-06-01,46
1672,2024-07-01,45
1672,2024-08-01,45
1672,2024-09-01,43
1672,2024-10-01,40
1672,2024-11-01,39
1672,2024-12-01,36
1672,2025-01-01,36
1672,2025-02-01,33
1672,2025-03-01,33
1672,2025-04-01,31
1672,2025-05-01,30
1672,2025-06-01,30
1672,2025-07-01,27
1672,2025-08-01,27
1672,2025-09-01,27
1672,2025-10-01,25
1672,2025-11-01,24
1672,2025-12-01,24
1673,2024-01-01,73
1673,2024-02-01,73
1673,2024-03-01,73
1673,2024-04-01,72
1673,2024-05-01,71
1673,2024-06-01,68
1673,2024-07-01,68
1673,2024-08-01,68
1673,2024-09-01,68
1673,2024-10-01,66
1673,2024-11-01,64
1673,2024-12-01,61
1673,2025-01-01,59
1673,2025-02-01,56
1673,2025-03-01,56
1673,2025-04-01,54
1673,2025-05-01,53
1673,2025-06-01,51
1673,2025-07-01,51
1673,2025-08-01,50
1673,2025-09-01,47
1673,2025-10-01,47
1673,2025-11-01,46
1673,2025-12-01,44
1674,2024-01-01,21
1674,2024-02-01,20
1674,2024-03-01,19
1674,2024-04-01,19
1674,2024-05-01,16
1674,2024-06-01,13
1674,2024-07-01,12
1674,2024-08-01,12
1674,2024-09-01,11
1674,2024-10-01,10
1674,2024-11-01,7
1674,2024-12-01,5
1674,2025-01-01,3
1674,2025-02-01,1
1674,2025-03-01,1
1674,2025-04-01,1
1674,2025-05-01,1
1674,2025-06-01,1
1674,2025-07-01,1
1674,2025-08-01,1
1674,2025-09-01,1
1674,2025-10-01,1
1674,2025-11-01,1
1674,2025-12-01,1
1675,2024-01-01,65
1675,2024-02-01,64
1675,2024-03-01,61
1675,2024-04-01,58
1675,2024-05-01,56
1675,2024-06-01,53
1675,2024-07-01,53
1675,2024-08-01,52
1675,2024-09-01,52
1675,2024-10-01,50
1675,2024-11-01,50
1675,2024-12-01,47
1675,2025-01-01,45
1675,2025-02-01,43
1675,2025-03-01,43
1675,2025-04-01,41
1675,2025-05-01,41
1675,2025-06-01,41
1675,2025-07-01,41
1675,2025-08-01,39
1675,2025-09-01,37
1675,2025-10-01,36
1675,2025-11-01,36
1675,2025-12-01,36
1676,2024-01-01,60
1676,2024-02-01,60
1676,2024-03-01,60
1676,2024-04-01,59
1676,2024-05-01,58
1676,2024-06-01,55
1676,2024-07-01,55
1676,2024-08-01,55
1676,2024-09-01,54
1676,2024-10-01,53
1676,2024-11-01,53
1676,2024-12-01,53
1676,2025-01-01,52
1676,2025-02-01,51
1676,2025-03-01,48
1676,2025-04-01,45
1676,2025-05-01,45
1676,2025-06-01,44
1676,2025-07-01,41
1676,2025-08-01,41
1676,2025-09-01,38
1676,2025-10-01,35
1676,2025-11-01,32
1676,2025-12-01,30
1677,2024-01-01,29
1677,2024-02-01,29
1677,2024-03-01,29
1677,2024-04-01,28
1677,2024-05-01,28
1677,2024-06-01,25
1677,2024-07-01,25
1677,2024-08-01,24
1677,2024-09-01,22
1677,2024-10-01,20
1677,2024-11-01,19
1677,2024-12-01,16
1677,2025-01-01,13
1677,2025-02-01,10
1677,2025-03-01,10
1677,2025-04-01,8
1677,2025-05-01,5
1677,2025-06-01,3
1677,2025-07-01,2
1677,2025-08-01,1
1677,2025-09-01,1
1677,2025-10-01,1
1677,2025-11-01,1
1677,2025-12-01,1
1678,2024-01-01,19
1678,2024-02-01,19
1678,2024-03-01,19
1678,2024-04-01,16
1678,2024-05-01,13
1678,2024-06-01,12
1678,2024-07-01,9
1678,2024-08-01,7
1678,2024-09-01,6
1678,2024-10-01,3
1678,2024-11-01,1
1678,2024-12-01,1
1678,2025-01-01,1
1678,2025-02-01,1
1678,2025-03-01,1
1678,2025-04-01,1
1678,2025-05-01,1
1678,2025-06-01,1
1678,2025-07-01,1
1678,2025-08-01,1
1678,2025-09-01,1
1678,2025-10-01,1
1678,2025-11-01,1
1678,2025-12-01,1
1679,2024-01-01,73
1679,2024-02-01,72
1679,2024-03-01,70
1679,2024-04-01,68
1679,2024-05-01,67
1679,2024-06-01,65
1679,2024-07-01,62
1679,2024-08-01,61
1679,2024-09-01,58
1679,2024-10-01,57
1679,2024-11-01,55
1679,2024-12-01,54
1679,2025-01-01,51
1679,2025-02-01,50
1679,2025-03-01,48
1679,2025-04-01,48
1679,2025-05-01,46
1679,2025-06-01,44
1679,2025-07-01,44
1679,2025-08-01,43
1679,2025-09-01,41
1679,2025-10-01,41
1679,2025-11-01,38
1679,2025-12-01,38
1680,2024-01-01,43
1680,2024-02-01,41
1680,2024-03-01,41
1680,2024-04-01,38
1680,2024-05-01,36
1680,2024-06-01,36
1680,2024-07-01,33
1680,2024-08-01,31
1680,2024-09-01,31
1680,2024-10-01,29
1680,2024-11-01,27
1680,2024-12-01,25
1680,2025-01-01,24
1680,2025-02-01,22
1680,2025-03-01,19
1680,2025-04-01,19
1680,2025-05-01,19
1680,2025-06-01,18
1680,2025-07-01,17
1680,2025-08-01,16
1680,2025-09-01,14
1680,2025-10-01,12
1680,2025-11-01,9
1680,2025-12-01,9
1681,2024-01-01,58
1681,2024-02-01,58
1681,2024-03-01,56
1681,2024-04-01,55
1681,2024-05-01,53
1681,2024-06-01,50
1681,2024-07-01,48
1681,2024-08-01,46
1681,2024-09-01,46
1681,2024-10-01,44
1681,2024-11-01,41
1681,2024-12-01,39
1681,2025-01-01,37
1681,2025-02-01,36
1681,2025-03-01,34
1681,2025-04-01,32
1681,2025-05-01,30
1681,2025-06-01,27
1681,2025-07-01,27
1681,2025-08-01,26
1681,2025-09-01,25
1681,2025-10-01,23
1681,2025-11-01,21
1681,2025-12-01,21
1682,2024-01-01,47
1682,2024-02-01,47
1682,2024-03-01,45
1682,2024-04-01,45
1682,2024-05-01,44
1682,2024-06-01,42
1682,2024-07-01,42
1682,2024-08-01,42
1682,2024-09-01,40
1682,2024-10-01,40
1682,2024-11-01,38
1682,2024-12-01,36
1682,2025-01-01,33
1682,2025-02-01,30
1682,2025-03-01,30
1682,2025-04-01,30
1682,2025-05-01,30
1682,2025-06-01,29
1682,2025-07-01,27
1682,2025-08-01,25
1682,2025-09-01,24
1682,2025-10-01,23
1682,2025-11-01,23
1682,2025-12-01,21
1683,2024-01-01,36
1683,2024-02-01,35
1683,2024-03-01,34
1683,2024-04-01,32
1683,2024-05-01,30
1683,2024-06-01,27
1683,2024-07-01,25
1683,2024-08-01,25
1683,2024-09-01,24
1683,2024-10-01,21
1683,2024-11-01,18
1683,2024-12-01,18
1683,2025-01-01,16
1683,2025-02-01,14
1683,2025-03-01,13
1683,2025-04-01,13
1683,2025-05-01,10
1683,2025-06-01,10
1683,2025-07-01,7
1683,2025-08-01,7
1683,2025-09-01,5
1683,2025-10-01,2
1683,2025-11-01,1
1683,2025-12-01,1
1684,2024-01-01,43
1684,2024-02-01,41
1684,2024-03-01,41
1684,2024-04-01,40
1684,2024-05-01,39
1684,2024-06-01,39
1684,2024-07-01,36
1684,2024-08-01,34
1684,2024-09-01,32
1684,2024-10-01,29
1684,2024-11-01,29
1684,2024-12-01,27
1684,2025-01-01,25
1684,2025-02-01,25
1684,2025-03-01,23
1684,2025-04-01,20
1684,2025-05-01,17
1684,2025-06-01,17
1684,2025-07-01,17
1684,2025-08-01,14
1684,2025-09-01,14
1684,2025-10-01,11
1684,2025-11-01,8
1684,2025-12-01,5
1685,2024-01-01,30
1685,2024-02-01,28
1685,2024-03-01,28
1685,2024-04-01,27
1685,2024-05-01,25
1685,2024-06-01,23
1685,2024-07-01,21
1685,2024-08-01,20
1685,2024-09-01,20
1685,2024-10-01,19
1685,2024-11-01,19
1685,2024-12-01,19
1685,2025-01-01,19
1685,2025-02-01,19
1685,2025-03-01,19
1685,2025-04-01,18
1685,2025-05-01,16
1685,2025-06-01,15
1685,2025-07-01,13
1685,2025-08-01,11
1685,2025-09-01,8
1685,2025-10-01,6
1685,2025-11-01,5
1685,2025-12-01,2
1686,2024-01-01,24
1686,2024-02-01,22
1686,2024-03-01,22
1686,2024-04-01,22
1686,2024-05-01,19
1686,2024-06-01,18
1686,2024-07-01,18
1686,2024-08-01,18
1686,2024-09-01,17
1686,2024-10-01,14
1686,2024-11-01,11
1686,2024-12-01,11
1686,2025-01-01,9
1686,2025-02-01,8
1686,2025-03-01,5
1686,2025-04-01,5
1686,2025-05-01,2
1686,2025-06-01,2
1686,2025-07-01,1
1686,2025-08-01,1
1686,2025-09-01,1
1686,2025-10-01,1
1686,2025-11-01,1
1686,2025-12-01,1
1687,2024-01-01,21
1687,2024-02-01,21
1687,2024-03-01,20
1687,2024-04-01,19
1687,2024-05-01,17
1687,2024-06-01,16
1687,2024-07-01,13
1687,2024-08-01,11
1687,2024-09-01,8
1687,2024-10-01,5
1687,2024-11-01,4
1687,2024-12-01,4
1687,2025-01-01,3
1687,2025-02-01,3
1687,2025-03-01,1
1687,2025-04-01,1
1687,2025-05-01,1
1687,2025-06-01,1
1687,2025-07-01,1
1687,2025-08-01,1
1687,2025-09-01,1
1687,2025-10-01,1
1687,2025-11-01,1
1687,2025-12-01,1
1688,2024-01-01,30
1688,2024-02-01,30
1688,2024-03-01,29
1688,2024-04-01,29
1688,2024-05-01,26
1688,2024-06-01,26
1688,2024-07-01,25
1688,2024-08-01,25
1688,2024-09-01,23
1688,2024-10-01,22
1688,2024-11-01,21
1688,2024-12-01,21
1688,2025-01-01,18
1688,2025-02-01,15
1688,2025-03-01,14
1688,2025-04-01,13
1688,2025-05-01,13
1688,2025-06-01,12
1688,2025-07-01,11
1688,2025-08-01,8
1688,2025-09-01,7
1688,2025-10-01,7
1688,2025-11-01,6
1688,2025-12-01,5
1689,2024-01-01,63
1689,2024-02-01,62
1689,2024-03-01,62
1689,2024-04-01,59
1689,2024-05-01,56
1689,2024-06-01,54
1689,2024-07-01,54
1689,2024-08-01,51
1689,2024-09-01,48
1689,2024-10-01,47
1689,2024-11-01,46
1689,2024-12-01,45
1689,2025-01-01,43
1689,2025-02-01,42
1689,2025-03-01,42
1689,2025-04-01,40
1689,2025-05-01,37
1689,2025-06-01,34
1689,2025-07-01,34
1689,2025-08-01,34
1689,2025-09-01,31
1689,2025-10-01,31
1689,2025-11-01,31
1689,2025-12-01,31
1690,2024-01-01,62
1690,2024-02-01,62
1690,2024-03-01,62
1690,2024-04-01,61
1690,2024-05-01,58
1690,2024-06-01,56
1690,2024-07-01,53
1690,2024-08-01,50
1690,2024-09-01,47
1690,2024-10-01,46
1690,2024-11-01,43
1690,2024-12-01,41
1690,2025-01-01,41
1690,2025-02-01,38
1690,2025-03-01,37
1690,2025-04-01,34
1690,2025-05-01,31
1690,2025-06-01,29
1690,2025-07-01,27
1690,2025-08-01,26
1690,2025-09-01,25
1690,2025-10-01,24
1690,2025-11-01,23
1690,2025-12-01,22
1691,2024-01-01,20
1691,2024-02-01,19
1691,2024-03-01,18
1691,2024-04-01,18
1691,2024-05-01,16
1691,2024-06-01,16
1691,2024-07-01,15
1691,2024-08-01,13
1691,2024-09-01,12
1691,2024-10-01,9
1691,2024-11-01,7
1691,2024-12-01,6
1691,2025-01-01,6
1691,2025-02-01,5
1691,2025-03-01,5
1691,2025-04-01,3
1691,2025-05-01,3
1691,2025-06-01,1
1691,2025-07-01,1
1691,2025-08-01,1
1691,2025-09-01,1
1691,2025-10-01,1
1691,2025-11-01,1
1691,2025-12-01,1
1692,2024-01-01,25
1692,2024-02-01,24
1692,2024-03-01,23
1692,2024-04-01,21
1692,2024-05-01,20
1692,2024-06-01,18
1692,2024-07-01,16
1692,2024-08-01,14
1692,2024-09-01,11
1692,2024-10-01,11
1692,2024-11-01,10
1692,2024-12-01,7
1692,2025-01-01,6
1692,2025-02-01,3
1692,2025-03-01,3
1692,2025-04-01,3
1692,2025-05-01,3
1692,2025-06-01,3
1692,2025-07-01,1
1692,2025-08-01,1
1692,2025-09-01,1
1692,2025-10-01,1
1692,2025-11-01,1
1692,2025-12-01,1
1693,2024-01-01,47
1693,2024-02-01,46
1693,2024-03-01,43
1693,2024-04-01,41
1693,2024-05-01,41
1693,2024-06-01,41
1693,2024-07-01,41
1693,2024-08-01,40
1693,2024-09-01,40
1693,2024-10-01,40
1693,2024-11-01,37
1693,2024-12-01,36
1693,2025-01-01,33
1693,2025-02-01,31
1693,2025-03-01,30
1693,2025-04-01,27
1693,2025-05-01,25
1693,2025-06-01,22
1693,2025-07-01,20
1693,2025-08-01,20
1693,2025-09-01,20
1693,2025-10-01,19
1693,2025-11-01,16
1693,2025-12-01,13
1694,2024-01-01,29
1694,2024-02-01,29
1694,2024-03-01,26
1694,2024-04-01,24
1694,2024-05-01,24
1694,2024-06-01,24
1694,2024-07-01,24
1694,2024-08-01,22
1694,2024-09-01,20
1694,2024-10-01,20
1694,2024-11-01,18
1694,2024-12-01,18
1694,2025-01-01,18
1694,2025-02-01,18
1694,2025-03-01,16
1694,2025-04-01,15
1694,2025-05-01,14
1694,2025-06-01,12
1694,2025-07-01,9
1694,2025-08-01,7
1694,2025-09-01,4
1694,2025-10-01,4
1694,2025-11-01,1
1694,2025-12-01,1
1695,2024-01-01,69
1695,2024-02-01,66
1695,2024-03-01,65
1695,2024-04-01,64
1695,2024-05-01,62
1695,2024-06-01,59
1695,2024-07-01,56
1695,2024-08-01,54
1695,2024-09-01,52
1695,2024-10-01,51
1695,2024-11-01,49
1695,2024-12-01,48
1695,2025-01-01,45
1695,2025-02-01,43
1695,2025-03-01,40
1695,2025-04-01,39
1695,2025-05-01,39
1695,2025-06-01,39
1695,2025-07-01,36
1695,2025-08-01,35
1695,2025-09-01,34
1695,2025-10-01,34
1695,2025-11-01,33
1695,2025-12-01,32
1696,2024-01-01,79
1696,2024-02-01,78
1696,2024-03-01,75
1696,2024-04-01,73
1696,2024-05-01,73
1696,2024-06-01,70
1696,2024-07-01,68
1696,2024-08-01,67
1696,2024-09-01,66
1696,2024-10-01,64
1696,2024-11-01,61
1696,2024-12-01,60
1696,2025-01-01,59
1696,2025-02-01,56
1696,2025-03-01,53
1696,2025-04-01,51
1696,2025-05-01,50
1696,2025-06-01,47
1696,2025-07-01,47
1696,2025-08-01,45
1696,2025-09-01,43
1696,2025-10-01,41
1696,2025-11-01,39
1696,2025-12-01,39
1697,2024-01-01,56
1697,2024-02-01,53
1697,2024-03-01,52
1697,2024-04-01,50
1697,2024-05-01,47
1697,2024-06-01,44
1697,2024-07-01,43
1697,2024-08-01,40
1697,2024-09-01,37
1697,2024-10-01,35
1697,2024-11-01,33
1697,2024-12-01,30
1697,2025-01-01,30
1697,2025-02-01,29
1697,2025-03-01,26
1697,2025-04-01,23
1697,2025-05-01,23
1697,2025-06-01,22
1697,2025-07-01,19
1697,2025-08-01,16
1697,2025-09-01,14
1697,2025-10-01,11
1697,2025-11-01,11
1697,2025-12-01,8
1698,2024-01-01,76
1698,2024-02-01,76
1698,2024-03-01,73
1698,2024-04-01,70
1698,2024-05-01,67
1698,2024-06-01,64
1698,2024-07-01,61
1698,2024-08-01,60
1698,2024-09-01,58
1698,2024-10-01,57
1698,2024-11-01,55
1698,2024-12-01,54
1698,2025-01-01,54
1698,2025-02-01,51
1698,2025-03-01,49
1698,2025-04-01,48
1698,2025-05-01,46
1698,2025-06-01,43
1698,2025-07-01,43
1698,2025-08-01,40
1698,2025-09-01,39
1698,2025-10-01,38
1698,2025-11-01,36
1698,2025-12-01,36
1699,2024-01-01,55
1699,2024-02-01,53
1699,2024-03-01,50
1699,2024-04-01,47
1699,2024-05-01,46
1699,2024-06-01,45
1699,2024-07-01,42
1699,2024-08-01,39
1699,2024-09-01,36
1699,2024-10-01,34
1699,2024-11-01,34
1699,2024-12-01,33
1699,2025-01-01,32
1699,2025-02-01,30
1699,2025-03-01,27
1699,2025-04-01,25
1699,2025-05-01,22
1699,2025-06-01,21
1699,2025-07-01,21
1699,2025-08-01,19
1699,2025-09-01,16
1699,2025-10-01,15
1699,2025-11-01,15
1699,2025-12-01,13
1700,2024-01-01,69
1700,2024-02-01,67
1700,2024-03-01,66
1700,2024-04-01,64
1700,2024-05-01,64
1700,2024-06-01,64
1700,2024-07-01,62
1700,2024-08-01,61
1700,2024-09-01,58
1700,2024-10-01,56
1700,2024-11-01,53
1700,2024-12-01,52
1700,2025-01-01,49
1700,2025-02-01,47
1700,2025-03-01,47
1700,2025-04-01,46
1700,2025-05-01,46
1700,2025-06-01,46
1700,2025-07-01,46
1700,2025-08-01,44
1700,2025-09-01,43
1700,2025-10-01,40
1700,2025-11-01,40
1700,2025-12-01,37
1701,2024-01-01,76
1701,2024-02-01,73
1701,2024-03-01,70
1701,2024-04-01,70
1701,2024-05-01,67
1701,2024-06-01,64
1701,2024-07-01,62
1701,2024-08-01,62
1701,2024-09-01,62
1701,2024-10-01,61
1701,2024-11-01,58
1701,2024-12-01,56
1701,2025-01-01,55
1701,2025-02-01,53
1701,2025-03-01,53
1701,2025-04-01,50
1701,2025-05-01,48
1701,2025-06-01,47
1701,2025-07-01,47
1701,2025-08-01,45
1701,2025-09-01,43
1701,2025-10-01,42
1701,2025-11-01,40
1701,2025-12-01,40
1702,2024-01-01,59
1702,2024-02-01,56
1702,2024-03-01,55
1702,2024-04-01,52
1702,2024-05-01,49
1702,2024-06-01,47
1702,2024-07-01,47
1702,2024-08-01,47
1702,2024-09-01,45
1702,2024-10-01,42
1702,2024-11-01,40
1702,2024-12-01,37
1702,2025-01-01,34
1702,2025-02-01,31
1702,2025-03-01,31
1702,2025-04-01,30
1702,2025-05-01,30
1702,2025-06-01,27
1702,2025-07-01,25
1702,2025-08-01,23
1702,2025-09-01,20
1702,2025-10-01,19
1702,2025-11-01,19
1702,2025-12-01,19
1703,2024-01-01,60
1703,2024-02-01,59
1703,2024-03-01,59
1703,2024-04-01,58
1703,2024-05-01,58
1703,2024-06-01,57
1703,2024-07-01,56
1703,2024-08-01,55
1703,2024-09-01,53
1703,2024-10-01,51
1703,2024-11-01,49
1703,2024-12-01,49
1703,2025-01-01,48
1703,2025-02-01,45
1703,2025-03-01,42
1703,2025-04-01,42
1703,2025-05-01,42
1703,2025-06-01,39
1703,2025-07-01,38
1703,2025-08-01,36
1703,2025-09-01,36
1703,2025-10-01,36
1703,2025-11-01,36
1703,2025-12-01,33
1704,2024-01-01,65
1704,2024-02-01,64
1704,2024-03-01,61
1704,2024-04-01,61
1704,2024-05-01,58
1704,2024-06-01,55
1704,2024-07-01,54
1704,2024-08-01,52
1704,2024-09-01,51
1704,2024-10-01,48
1704,2024-11-01,45
1704,2024-12-01,45
1704,2025-01-01,45
1704,2025-02-01,42
1704,2025-03-01,41
1704,2025-04-01,41
1704,2025-05-01,39
1704,2025-06-01,37
1704,2025-07-01,34
1704,2025-08-01,32
1704,2025-09-01,30
1704,2025-10-01,30
1704,2025-11-01,30
1704,2025-12-01,29
1705,2024-01-01,39
1705,2024-02-01,39
1705,2024-03-01,36
1705,2024-04-01,35
1705,2024-05-01,32
1705,2024-06-01,31
1705,2024-07-01,29
1705,2024-08-01,28
1705,2024-09-01,27
1705,2024-10-01,26
1705,2024-11-01,25
1705,2024-12-01,24
1705,2025-01-01,22
1705,2025-02-01,21
1705,2025-03-01,18
1705,2025-04-01,17
1705,2025-05-01,16
1705,2025-06-01,13
1705,2025-07-01,13
1705,2025-08-01,13
1705,2025-09-01,11
1705,2025-10-01,10
1705,2025-11-01,9
1705,2025-12-01,9
1706,2024-01-01,43
1706,2024-02-01,40
1706,2024-03-01,39
1706,2024-04-01,36
1706,2024-05-01,34
1706,2024-06-01,34
1706,2024-07-01,32
1706,2024-08-01,30
1706,2024-09-01,28
1706,2024-10-01,26
1706,2024-11-01,23
1706,2024-12-01,21
1706,2025-01-01,19
1706,2025-02-01,17
1706,2025-03-01,15
1706,2025-04-01,12
1706,2025-05-01,10
1706,2025-06-01,10
1706,2025-07-01,8
1706,2025-08-01,6
1706,2025-09-01,5
1706,2025-10-01,4
1706,2025-11-01,3
1706,2025-12-01,1
1707,2024-01-01,44
1707,2024-02-01,43
1707,2024-03-01,42
1707,2024-04-01,40
1707,2024-05-01,40
1707,2024-06-01,40
1707,2024-07-01,39
1707,2024-08-01,39
1707,2024-09-01,38
1707,2024-10-01,37
1707,2024-11-01,34
1707,2024-12-01,31
1707,2025-01-01,29
1707,2025-02-01,28
1707,2025-03-01,26
1707,2025-04-01,23
1707,2025-05-01,23
1707,2025-06-01,20
1707,2025-07-01,17
1707,2025-08-01,14
1707,2025-09-01,14
1707,2025-10-01,11
1707,2025-11-01,10
1707,2025-12-01,9
1708,2024-01-01,48
1708,2024-02-01,48
1708,2024-03-01,48
1708,2024-04-01,47
1708,2024-05-01,46
1708,2024-06-01,43
1708,2024-07-01,41
1708,2024-08-01,40
1708,2024-09-01,38
1708,2024-10-01,38
1708,2024-11-01,38
1708,2024-12-01,35
1708,2025-01-01,32
1708,2025-02-01,31
1708,2025-03-01,29
1708,2025-04-01,28
1708,2025-05-01,27
1708,2025-06-01,25
1708,2025-07-01,24
1708,2025-08-01,21
1708,2025-09-01,19
1708,2025-10-01,17
1708,2025-11-01,16
1708,2025-12-01,14
1709,2024-01-01,28
1709,2024-02-01,28
1709,2024-03-01,28
1709,2024-04-01,28
1709,2024-05-01,28
1709,2024-06-01,27
1709,2024-07-01,27
1709,2024-08-01,27
1709,2024-09-01,27
1709,2024-10-01,27
1709,2024-11-01,26
1709,2024-12-01,26
1709,2025-01-01,24
1709,2025-02-01,21
1709,2025-03-01,19
1709,2025-04-01,18
1709,2025-05-01,17
1709,2025-06-01,16
1709,2025-07-01,13
1709,2025-08-01,13
1709,2025-09-01,12
1709,2025-10-01,12
1709,2025-11-01,11
1709,2025-12-01,8
1710,2024-01-01,60
1710,2024-02-01,57
1710,2024-03-01,57
1710,2024-04-01,56
1710,2024-05-01,54
1710,2024-06-01,51
1710,2024-07-01,51
1710,2024-08-01,49
1710,2024-09-01,46
1710,2024-10-01,45
1710,2024-11-01,42
1710,2024-12-01,42
1710,2025-01-01,40
1710,2025-02-01,39
1710,2025-03-01,39
1710,2025-04-01,36
1710,2025-05-01,34
1710,2025-06-01,32
1710,2025-07-01,32
1710,2025-08-01,31
1710,2025-09-01,31
1710,2025-10-01,29
1710,2025-11-01,27
1710,2025-12-01,25
1711,2024-01-01,59
1711,2024-02-01,57
1711,2024-03-01,57
1711,2024-04-01,55
1711,2024-05-01,52
1711,2024-06-01,52
1711,2024-07-01,50
1711,2024-08-01,50
1711,2024-09-01,50
1711,2024-10-01,47
1711,2024-11-01,47
1711,2024-12-01,47
1711,2025-01-01,46
1711,2025-02-01,44
1711,2025-03-01,43
1711,2025-04-01,41
1711,2025-05-01,41
1711,2025-06-01,39
1711,2025-07-01,39
1711,2025-08-01,37
1711,2025-09-01,37
1711,2025-10-01,35
1711,2025-11-01,33
1711,2025-12-01,31
1712,2024-01-01,70
1712,2024-02-01,70
1712,2024-03-01,69
1712,2024-04-01,67
1712,2024-05-01,64
1712,2024-06-01,61
1712,2024-07-01,61
1712,2024-08-01,58
1712,2024-09-01,58
1712,2024-10-01,58
1712,2024-11-01,55
1712,2024-12-01,52
1712,2025-01-01,51
1712,2025-02-01,51
1712,2025-03-01,48
1712,2025-04-01,47
1712,2025-05-01,46
1712,2025-06-01,46
1712,2025-07-01,44
1712,2025-08-01,41
1712,2025-09-01,38
1712,2025-10-01,35
1712,2025-11-01,32
1712,2025-12-01,29
1713,2024-01-01,42
1713,2024-02-01,42
1713,2024-03-01,41
1713,2024-04-01,38
1713,2024-05-01,38
1713,2024-06-01,35
1713,2024-07-01,35
1713,2024-08-01,34
1713,2024-09-01,34
1713,2024-10-01,33
1713,2024-11-01,30
1713,2024-12-01,30
1713,2025-01-01,28
1713,2025-02-01,26
1713,2025-03-01,25
1713,2025-04-01,24
1713,2025-05-01,23
1713,2025-06-01,22
1713,2025-07-01,19
1713,2025-08-01,17
1713,2025-09-01,16
1713,2025-10-01,16
1713,2025-11-01,16
1713,2025-12-01,13
1714,2024-01-01,39
1714,2024-02-01,39
1714,2024-03-01,36
1714,2024-04-01,36
1714,2024-05-01,35
1714,2024-06-01,34
1714,2024-07-01,31
1714,2024-08-01,29
1714,2024-09-01,28
1714,2024-10-01,26
1714,2024-11-01,25
1714,2024-12-01,22
1714,2025-01-01,22
1714,2025-02-01,20
1714,2025-03-01,20
1714,2025-04-01,17
1714,2025-05-01,14
1714,2025-06-01,11
1714,2025-07-01,10
1714,2025-08-01,9
1714,2025-09-01,8
1714,2025-10-01,7
1714,2025-11-01,5
1714,2025-12-01,2
1715,2024-01-01,65
1715,2024-02-01,65
1715,2024-03-01,63
1715,2024-04-01,63
1715,2024-05-01,62
1715,2024-06-01,60
1715,2024-07-01,58
1715,2024-08-01,56
1715,2024-09-01,56
1715,2024-10-01,55
1715,2024-11-01,52
1715,2024-12-01,49
1715,2025-01-01,48
1715,2025-02-01,46
1715,2025-03-01,43
1715,2025-04-01,41
1715,2025-05-01,40
1715,2025-06-01,40
1715,2025-07-01,38
1715,2025-08-01,38
1715,2025-09-01,38
1715,2025-10-01,37
1715,2025-11-01,36
1715,2025-12-01,36
1716,2024-01-01,57
1716,2024-02-01,54
1716,2024-03-01,53
1716,2024-04-01,51
1716,2024-05-01,51
1716,2024-06-01,49
1716,2024-07-01,49
1716,2024-08-01,48
1716,2024-09-01,46
1716,2024-10-01,45
1716,2024-11-01,45
1716,2024-12-01,44
1716,2025-01-01,42
1716,2025-02-01,39
1716,2025-03-01,38
1716,2025-04-01,36
1716,2025-05-01,35
1716,2025-06-01,34
1716,2025-07-01,31
1716,2025-08-01,29
1716,2025-09-01,27
1716,2025-10-01,25
1716,2025-11-01,25
1716,2025-12-01,24
1717,2024-01-01,49
1717,2024-02-01,46
1717,2024-03-01,46
1717,2024-04-01,46
1717,2024-05-01,43
1717,2024-06-01,41
1717,2024-07-01,38
1717,2024-08-01,36
1717,2024-09-01,34
1717,2024-10-01,34
1717,2024-11-01,31
1717,2024-12-01,31
1717,2025-01-01,30
1717,2025-02-01,30
1717,2025-03-01,28
1717,2025-04-01,25
1717,2025-05-01,24
1717,2025-06-01,23
1717,2025-07-01,22
1717,2025-08-01,21
1717,2025-09-01,18
1717,2025-10-01,16
1717,2025-11-01,15
1717,2025-12-01,13
1718,2024-01-01,66
1718,2024-02-01,65
1718,2024-03-01,65
1718,2024-04-01,65
1718,2024-05-01,65
1718,2024-06-01,64
1718,2024-07-01,62
1718,2024-08-01,59
1718,2024-09-01,57
1718,2024-10-01,56
1718,2024-11-01,55
1718,2024-12-01,55
1718,2025-01-01,53
1718,2025-02-01,52
1718,2025-03-01,51
1718,2025-04-01,48
1718,2025-05-01,46
1718,2025-06-01,46
1718,2025-07-01,46
1718,2025-08-01,46
1718,2025-09-01,44
1718,2025-10-01,43
1718,2025-11-01,42
1718,2025-12-01,39
1719,2024-01-01,74
1719,2024-02-01,73
1719,2024-03-01,71
1719,2024-04-01,68
1719,2024-05-01,68
1719,2024-06-01,68
1719,2024-07-01,68
1719,2024-08-01,68
1719,2024-09-01,67
1719,2024-10-01,66
1719,2024-11-01,64
1719,2024-12-01,64
1719,2025-01-01,63
1719,2025-02-01,62
1719,2025-03-01,61
1719,2025-04-01,61
1719,2025-05-01,60
1719,2025-06-01,57
1719,2025-07-01,57
1719,2025-08-01,57
1719,2025-09-01,54
1719,2025-10-01,52
1719,2025-11-01,50
1719,2025-12-01,50
1720,2024-01-01,44
1720,2024-02-01,41
1720,2024-03-01,40
1720,2024-04-01,37
1720,2024-05-01,36
1720,2024-06-01,35
1720,2024-07-01,33
1720,2024-08-01,30
1720,2024-09-01,27
1720,2024-10-01,27
1720,2024-11-01,24
1720,2024-12-01,23
1720,2025-01-01,22
1720,2025-02-01,19
1720,2025-03-01,17
1720,2025-04-01,15
1720,2025-05-01,15
1720,2025-06-01,15
1720,2025-07-01,14
1720,2025-08-01,11
1720,2025-09-01,10
1720,2025-10-01,9
1720,2025-11-01,6
1720,2025-12-01,5
1721,2024-01-01,47
1721,2024-02-01,47
1721,2024-03-01,45
1721,2024-04-01,45
1721,2024-05-01,45
1721,2024-06-01,45
1721,2024-07-01,43
1721,2024-08-01,40
1721,2024-09-01,39
1721,2024-10-01,36
1721,2024-11-01,33
1721,2024-12-01,33
1721,2025-01-01,33
1721,2025-02-01,31
1721,2025-03-01,29
1721,2025-04-01,28
1721,2025-05-01,25
1721,2025-06-01,22
1721,2025-07-01,21
1721,2025-08-01,21
1721,2025-09-01,19
1721,2025-10-01,18
1721,2025-11-01,15
1721,2025-12-01,14
1722,2024-01-01,62
1722,2024-02-01,59
1722,2024-03-01,57
1722,2024-04-01,55
1722,2024-05-01,52
1722,2024-06-01,50
1722,2024-07-01,48
1722,2024-08-01,46
1722,2024-09-01,43
1722,2024-10-01,43
1722,2024-11-01,43
1722,2024-12-01,41
1722,2025-01-01,41
1722,2025-02-01,39
1722,2025-03-01,39
1722,2025-04-01,39
1722,2025-05-01,38
1722,2025-06-01,36
1722,2025-07-01,36
1722,2025-08-01,36
1722,2025-09-01,35
1722,2025-10-01,35
1722,2025-11-01,34
1722,2025-12-01,34
1723,2024-01-01,72
1723,2024-02-01,69
1723,2024-03-01,67
1723,2024-04-01,64
1723,2024-05-01,62
1723,2024-06-01,62
1723,2024-07-01,60
1723,2024-08-01,57
1723,2024-09-01,55
1723,2024-10-01,52
1723,2024-11-01,50
1723,2024-12-01,50
1723,2025-01-01,50
1723,2025-02-01,48
1723,2025-03-01,46
1723,2025-04-01,46
1723,2025-05-01,44
1723,2025-06-01,43
1723,2025-07-01,43
1723,2025-08-01,43
1723,2025-09-01,40
1723,2025-10-01,37
1723,2025-11-01,36
1723,2025-12-01,34
1724,2024-01-01,19
1724,2024-02-01,16
1724,2024-03-01,14
1724,2024-04-01,11
1724,2024-05-01,11
1724,2024-06-01,11
1724,2024-07-01,9
1724,2024-08-01,6
1724,2024-09-01,5
1724,2024-10-01,2
1724,2024-11-01,1
1724,2024-12-01,1
1724,2025-01-01,1
1724,2025-02-01,1
1724,2025-03-01,1
1724,2025-04-01,1
1724,2025-05-01,1
1724,2025-06-01,1
1724,2025-07-01,1
1724,2025-08-01,1
1724,2025-09-01,1
1724,2025-10-01,1
1724,2025-11-01,1
1724,2025-12-01,1
1725,2024-01-01,45
1725,2024-02-01,43
1725,2024-03-01,41
1725,2024-04-01,41
1725,2024-05-01,41
1725,2024-06-01,40
1725,2024-07-01,37
1725,2024-08-01,35
1725,2024-09-01,32
1725,2024-10-01,30
1725,2024-11-01,30
1725,2024-12-01,30
1725,2025-01-01,30
1725,2025-02-01,29
1725,2025-03-01,27
1725,2025-04-01,24
1725,2025-05-01,22
1725,2025-06-01,19
1725,2025-07-01,16
1725,2025-08-01,13
1725,2025-09-01,11
1725,2025-10-01,11
1725,2025-11-01,10
1725,2025-12-01,9
1726,2024-01-01,59
1726,2024-02-01,56
1726,2024-03-01,55
1726,2024-04-01,53
1726,2024-05-01,53
1726,2024-06-01,53
1726,2024-07-01,53
1726,2024-08-01,53
1726,2024-09-01,51
1726,2024-10-01,48
1726,2024-11-01,45
1726,2024-12-01,42
1726,2025-01-01,41
1726,2025-02-01,38
1726,2025-03-01,37
1726,2025-04-01,35
1726,2025-05-01,34
1726,2025-06-01,31
1726,2025-07-01,31
1726,2025-08-01,29
1726,2025-09-01,26
1726,2025-10-01,23
1726,2025-11-01,20
1726,2025-12-01,18
1727,2024-01-01,72
1727,2024-02-01,72
1727,2024-03-01,69
1727,2024-04-01,68
1727,2024-05-01,65
1727,2024-06-01,65
1727,2024-07-01,63
1727,2024-08-01,62
1727,2024-09-01,61
1727,2024-10-01,58
1727,2024-11-01,56
1727,2024-12-01,55
1727,2025-01-01,55
1727,2025-02-01,52
1727,2025-03-01,49
1727,2025-04-01,49
1727,2025-05-01,49
1727,2025-06-01,49
1727,2025-07-01,48
1727,2025-08-01,46
1727,2025-09-01,45
1727,2025-10-01,43
1727,2025-11-01,40
1727,2025-12-01,38
1728,2024-01-01,59
1728,2024-02-01,59
1728,2024-03-01,56
1728,2024-04-01,55
1728,2024-05-01,54
1728,2024-06-01,54
1728,2024-07-01,53
1728,2024-08-01,53
1728,2024-09-01,51
1728,2024-10-01,48
1728,2024-11-01,48
1728,2024-12-01,45
1728,2025-01-01,44
1728,2025-02-01,41
1728,2025-03-01,38
1728,2025-04-01,35
1728,2025-05-01,34
1728,2025-06-01,32
1728,2025-07-01,30
1728,2025-08-01,28
1728,2025-09-01,28
1728,2025-10-01,28
1728,2025-11-01,27
1728,2025-12-01,25
1729,2024-01-01,57
1729,2024-02-01,57
1729,2024-03-01,56
1729,2024-04-01,54
1729,2024-05-01,54
1729,2024-06-01,54
1729,2024-07-01,51
1729,2024-08-01,49
1729,2024-09-01,46
1729,2024-10-01,44
1729,2024-11-01,43
1729,2024-12-01,41
1729,2025-01-01,38
1729,2025-02-01,35
1729,2025-03-01,35
1729,2025-04-01,33
1729,2025-05-01,31
1729,2025-06-01,30
1729,2025-07-01,30
1729,2025-08-01,27
1729,2025-09-01,25
1729,2025-10-01,25
1729,2025-11-01,24
1729,2025-12-01,24
1730,2024-01-01,20
1730,2024-02-01,19
1730,2024-03-01,18
1730,2024-04-01,17
1730,2024-05-01,14
1730,2024-06-01,14
1730,2024-07-01,14
1730,2024-08-01,14
1730,2024-09-01,11
1730,2024-10-01,11
1730,2024-11-01,10
1730,2024-12-01,10
1730,2025-01-01,7
1730,2025-02-01,4
1730,2025-03-01,4
1730,2025-04-01,1
1730,2025-05-01,1
1730,2025-06-01,1
1730,2025-07-01,1
1730,2025-08-01,1
1730,2025-09-01,1
1730,2025-10-01,1
1730,2025-11-01,1
1730,2025-12-01,1
1731,2024-01-01,20
1731,2024-02-01,20
1731,2024-03-01,20
1731,2024-04-01,19
1731,2024-05-01,17
1731,2024-06-01,17
1731,2024-07-01,15
1731,2024-08-01,13
1731,2024-09-01,10
1731,2024-10-01,7
1731,2024-11-01,5
1731,2024-12-01,4
1731,2025-01-01,4
1731,2025-02-01,4
1731,2025-03-01,3
1731,2025-04-01,1
1731,2025-05-01,1
1731,2025-06-01,1
1731,2025-07-01,1
1731,2025-08-01,1
1731,2025-09-01,1
1731,2025-10-01,1
1731,2025-11-01,1
1731,2025-12-01,1
1732,2024-01-01,58
1732,2024-02-01,56
1732,2024-03-01,53
1732,2024-04-01,52
1732,2024-05-01,50
1732,2024-06-01,50
1732,2024-07-01,47
1732,2024-08-01,47
1732,2024-09-01,44
1732,2024-10-01,43
1732,2024-11-01,42
1732,2024-12-01,42
1732,2025-01-01,40
1732,2025-02-01,38
1732,2025-03-01,38
1732,2025-04-01,36
1732,2025-05-01,34
1732,2025-06-01,34
1732,2025-07-01,34
1732,2025-08-01,33
1732,2025-09-01,33
1732,2025-10-01,32
1732,2025-11-01,31
1732,2025-12-01,28
1733,2024-01-01,74
1733,2024-02-01,71
1733,2024-03-01,71
1733,2024-04-01,71
1733,2024-05-01,68
1733,2024-06-01,66
1733,2024-07-01,65
1733,2024-08-01,62
1733,2024-09-01,59
1733,2024-10-01,59
1733,2024-11-01,58
1733,2024-12-01,55
1733,2025-01-01,53
1733,2025-02-01,50
1733,2025-03-01,48
1733,2025-04-01,48
1733,2025-05-01,45
1733,2025-06-01,43
1733,2025-07-01,43
1733,2025-08-01,43
1733,2025-09-01,43
1733,2025-10-01,40
1733,2025-11-01,40
1733,2025-12-01,40
1734,2024-01-01,38
1734,2024-02-01,35
1734,2024-03-01,34
1734,2024-04-01,34
1734,2024-05-01,31
1734,2024-06-01,31
1734,2024-07-01,28
1734,2024-08-01,28
1734,2024-09-01,26
1734,2024-10-01,25
1734,2024-11-01,24
1734,2024-12-01,21
1734,2025-01-01,18
1734,2025-02-01,17
1734,2025-03-01,15
1734,2025-04-01,13
1734,2025-05-01,13
1734,2025-06-01,11
1734,2025-07-01,10
1734,2025-08-01,9
1734,2025-09-01,7
1734,2025-10-01,5
1734,2025-11-01,4
1734,2025-12-01,3
1735,2024-01-01,72
1735,2024-02-01,71
1735,2024-03-01,69
1735,2024-04-01,67
1735,2024-05-01,67
1735,2024-06-01,67
1735,2024-07-01,64
1735,2024-08-01,64
1735,2024-09-01,62
1735,2024-10-01,62
1735,2024-11-01,62
1735,2024-12-01,60
1735,2025-01-01,59
1735,2025-02-01,57
1735,2025-03-01,55
1735,2025-04-01,52
1735,2025-05-01,49
1735,2025-06-01,46
1735,2025-07-01,45
1735,2025-08-01,45
1735,2025-09-01,42
1735,2025-10-01,40
1735,2025-11-01,37
1735,2025-12-01,35
1736,2024-01-01,58
1736,2024-02-01,56
1736,2024-03-01,56
1736,2024-04-01,55
1736,2024-05-01,53
1736,2024-06-01,53
1736,2024-07-01,53
1736,2024-08-01,51
1736,2024-09-01,48
1736,2024-10-01,48
1736,2024-11-01,47
1736,2024-12-01,47
1736,2025-01-01,44
1736,2025-02-01,43
1736,2025-03-01,42
1736,2025-04-01,41
1736,2025-05-01,39
1736,2025-06-01,39
1736,2025-07-01,36
1736,2025-08-01,34
1736,2025-09-01,32
1736,2025-10-01,31
1736,2025-11-01,29
1736,2025-12-01,29
1737,2024-01-01,76
1737,2024-02-01,75
1737,2024-03-01,74
1737,2024-04-01,72
1737,2024-05-01,71
1737,2024-06-01,68
1737,2024-07-01,65
1737,2024-08-01,62
1737,2024-09-01,60
1737,2024-10-01,60
1737,2024-11-01,60
1737,2024-12-01,59
1737,2025-01-01,59
1737,2025-02-01,59
1737,2025-03-01,57
1737,2025-04-01,56
1737,2025-05-01,56
1737,2025-06-01,53
1737,2025-07-01,52
1737,2025-08-01,51
1737,2025-09-01,50
1737,2025-10-01,47
1737,2025-11-01,47
1737,2025-12-01,44
1738,2024-01-01,52
1738,2024-02-01,50
1738,2024-03-01,48
1738,2024-04-01,46
1738,2024-05-01,44
1738,2024-06-01,43
1738,2024-07-01,40
1738,2024-08-01,38
1738,2024-09-01,35
1738,2024-10-01,33
1738,2024-11-01,33
1738,2024-12-01,31
1738,2025-01-01,28
1738,2025-02-01,26
1738,2025-03-01,26
1738,2025-04-01,23
1738,2025-05-01,20
1738,2025-06-01,17
1738,2025-07-01,16
1738,2025-08-01,13
1738,2025-09-01,12
1738,2025-10-01,12
1738,2025-11-01,9
1738,2025-12-01,6
1739,2024-01-01,35
1739,2024-02-01,34
1739,2024-03-01,32
1739,2024-04-01,32
1739,2024-05-01,32
1739,2024-06-01,32
1739,2024-07-01,31
1739,2024-08-01,30
1739,2024-09-01,29
1739,2024-10-01,28
1739,2024-11-01,27
1739,2024-12-01,24
1739,2025-01-01,22
1739,2025-02-01,20
1739,2025-03-01,19
1739,2025-04-01,18
1739,2025-05-01,15
1739,2025-06-01,14
1739,2025-07-01,11
1739,2025-08-01,8
1739,2025-09-01,8
1739,2025-10-01,8
1739,2025-11-01,7
1739,2025-12-01,4
1740,2024-01-01,33
1740,2024-02-01,33
1740,2024-03-01,33
1740,2024-04-01,33
1740,2024-05-01,33
1740,2024-06-01,32
1740,2024-07-01,31
1740,2024-08-01,31
1740,2024-09-01,30
1740,2024-10-01,30
1740,2024-11-01,30
1740,2024-12-01,30
1740,2025-01-01,29
1740,2025-02-01,28
1740,2025-03-01,25
1740,2025-04-01,24
1740,2025-05-01,23
1740,2025-06-01,21
1740,2025-07-01,21
1740,2025-08-01,21
1740,2025-09-01,20
1740,2025-10-01,19
1740,2025-11-01,16
1740,2025-12-01,14
1741,2024-01-01,36
1741,2024-02-01,35
1741,2024-03-01,34
1741,2024-04-01,32
1741,2024-05-01,32
1741,2024-06-01,30
1741,2024-07-01,30
1741,2024-08-01,29
1741,2024-09-01,27
1741,2024-10-01,24
1741,2024-11-01,23
1741,2024-12-01,20
1741,2025-01-01,17
1741,2025-02-01,14
1741,2025-03-01,14
1741,2025-04-01,11
1741,2025-05-01,11
1741,2025-06-01,9
1741,2025-07-01,8
1741,2025-08-01,8
1741,2025-09-01,8
1741,2025-10-01,6
1741,2025-11-01,4
1741,2025-12-01,3
1742,2024-01-01,50
1742,2024-02-01,49
1742,2024-03-01,48
1742,2024-04-01,47
1742,2024-05-01,44
1742,2024-06-01,41
1742,2024-07-01,41
1742,2024-08-01,38
1742,2024-09-01,36
1742,2024-10-01,35
1742,2024-11-01,35
1742,2024-12-01,33
1742,2025-01-01,32
1742,2025-02-01,30
1742,2025-03-01,27
1742,2025-04-01,25
1742,2025-05-01,22
1742,2025-06-01,20
1742,2025-07-01,20
1742,2025-08-01,17
1742,2025-09-01,14
1742,2025-10-01,13
1742,2025-11-01,10
1742,2025-12-01,9
1743,2024-01-01,48
1743,2024-02-01,45
1743,2024-03-01,42
1743,2024-04-01,41
1743,2024-05-01,41
1743,2024-06-01,39
1743,2024-07-01,36
1743,2024-08-01,33
1743,2024-09-01,33
1743,2024-10-01,32
1743,2024-11-01,30
1743,2024-12-01,30
1743,2025-01-01,30
1743,2025-02-01,30
1743,2025-03-01,30
1743,2025-04-01,27
1743,2025-05-01,25
1743,2025-06-01,22
1743,2025-07-01,22
1743,2025-08-01,20
1743,2025-09-01,20
1743,2025-10-01,19
1743,2025-11-01,19
1743,2025-12-01,19
1744,2024-01-01,46
1744,2024-02-01,44
1744,2024-03-01,44
1744,2024-04-01,44
1744,2024-05-01,43
1744,2024-06-01,41
1744,2024-07-01,40
1744,2024-08-01,40
1744,2024-09-01,37
1744,2024-10-01,34
1744,2024-11-01,32
1744,2024-12-01,32
1744,2025-01-01,31
1744,2025-02-01,31
1744,2025-03-01,30
1744,2025-04-01,29
1744,2025-05-01,27
1744,2025-06-01,26
1744,2025-07-01,24
1744,2025-08-01,21
1744,2025-09-01,19
1744,2025-10-01,17
1744,2025-11-01,15
1744,2025-12-01,12
1745,2024-01-01,33
1745,2024-02-01,32
1745,2024-03-01,30
1745,2024-04-01,29
1745,2024-05-01,27
1745,2024-06-01,24
1745,2024-07-01,23
1745,2024-08-01,21
1745,2024-09-01,21
1745,2024-10-01,18
1745,2024-11-01,18
1745,2024-12-01,16
1745,2025-01-01,15
1745,2025-02-01,13
1745,2025-03-01,12
1745,2025-04-01,10
1745,2025-05-01,8
1745,2025-06-01,7
1745,2025-07-01,6
1745,2025-08-01,4
1745,2025-09-01,4
1745,2025-10-01,1
1745,2025-11-01,1
1745,2025-12-01,1
1746,2024-01-01,32
1746,2024-02-01,31
1746,2024-03-01,31
1746,2024-04-01,28
1746,2024-05-01,27
1746,2024-06-01,27
1746,2024-07-01,26
1746,2024-08-01,26
1746,2024-09-01,26
1746,2024-10-01,23
1746,2024-11-01,22
1746,2024-12-01,21
1746,2025-01-01,19
1746,2025-02-01,19
1746,2025-03-01,19
1746,2025-04-01,16
1746,2025-05-01,13
1746,2025-06-01,12
1746,2025-07-01,9
1746,2025-08-01,8
1746,2025-09-01,8
1746,2025-10-01,8
1746,2025-11-01,7
1746,2025-12-01,4
1747,2024-01-01,66
1747,2024-02-01,66
1747,2024-03-01,65
1747,2024-04-01,62
1747,2024-05-01,61
1747,2024-06-01,61
1747,2024-07-01,59
1747,2024-08-01,58
1747,2024-09-01,56
1747,2024-10-01,55
1747,2024-11-01,52
1747,2024-12-01,49
1747,2025-01-01,47
1747,2025-02-01,46
1747,2025-03-01,43
1747,2025-04-01,41
1747,2025-05-01,39
1747,2025-06-01,38
1747,2025-07-01,35
1747,2025-08-01,33
1747,2025-09-01,33
1747,2025-10-01,33
1747,2025-11-01,30
1747,2025-12-01,27
1748,2024-01-01,50
1748,2024-02-01,49
1748,2024-03-01,47
1748,2024-04-01,44
1748,2024-05-01,41
1748,2024-06-01,40
1748,2024-07-01,38
1748,2024-08-01,37
1748,2024-09-01,35
1748,2024-10-01,33
1748,2024-11-01,33
1748,2024-12-01,31
1748,2025-01-01,28
1748,2025-02-01,25
1748,2025-03-01,22
1748,2025-04-01,22
1748,2025-05-01,21
1748,2025-06-01,18
1748,2025-07-01,15
1748,2025-08-01,14
1748,2025-09-01,14
1748,2025-10-01,12
1748,2025-11-01,11
1748,2025-12-01,9
1749,2024-01-01,72
1749,2024-02-01,71
1749,2024-03-01,70
1749,2024-04-01,68
1749,2024-05-01,68
1749,2024-06-01,68
1749,2024-07-01,68
1749,2024-08-01,65
1749,2024-09-01,63
1749,2024-10-01,60
1749,2024-11-01,60
1749,2024-12-01,59
1749,2025-01-01,59
1749,2025-02-01,56
1749,2025-03-01,53
1749,2025-04-01,53
1749,2025-05-01,51
1749,2025-06-01,50
1749,2025-07-01,49
1749,2025-08-01,49
1749,2025-09-01,47
1749,2025-10-01,45
1749,2025-11-01,45
1749,2025-12-01,44
1750,2024-01-01,40
1750,2024-02-01,38
1750,2024-03-01,38
1750,2024-04-01,36
1750,2024-05-01,35
1750,2024-06-01,33
1750,2024-07-01,32
1750,2024-08-01,32
1750,2024-09-01,31
1750,2024-10-01,28
1750,2024-11-01,25
1750,2024-12-01,25
1750,2025-01-01,23
1750,2025-02-01,21
1750,2025-03-01,19
1750,2025-04-01,18
1750,2025-05-01,15
1750,2025-06-01,15
1750,2025-07-01,13
1750,2025-08-01,11
1750,2025-09-01,11
1750,2025-10-01,10
1750,2025-11-01,8
1750,2025-12-01,7
1751,2024-01-01,76
1751,2024-02-01,74
1751,2024-03-01,72
1751,2024-04-01,72
1751,2024-05-01,72
1751,2024-06-01,71
1751,2024-07-01,69
1751,2024-08-01,68
1751,2024-09-01,68
1751,2024-10-01,67
1751,2024-11-01,64
1751,2024-12-01,63
1751,2025-01-01,61
1751,2025-02-01,60
1751,2025-03-01,59
1751,2025-04-01,57
1751,2025-05-01,54
1751,2025-06-01,52
1751,2025-07-01,52
1751,2025-08-01,49
1751,2025-09-01,46
1751,2025-10-01,44
1751,2025-11-01,43
1751,2025-12-01,43
1752,2024-01-01,25
1752,2024-02-01,25
1752,2024-03-01,22
1752,2024-04-01,19
1752,2024-05-01,19
1752,2024-06-01,16
1752,2024-07-01,15
1752,2024-08-01,12
1752,2024-09-01,11
1752,2024-10-01,10
1752,2024-11-01,9
1752,2024-12-01,9
1752,2025-01-01,8
1752,2025-02-01,8
1752,2025-03-01,6
1752,2025-04-01,5
1752,2025-05-01,2
1752,2025-06-01,1
1752,2025-07-01,1
1752,2025-08-01,1
1752,2025-09-01,1
1752,2025-10-01,1
1752,2025-11-01,1
1752,2025-12-01,1
1753,2024-01-01,77
1753,2024-02-01,74
1753,2024-03-01,71
1753,2024-04-01,68
1753,2024-05-01,66
1753,2024-06-01,66
1753,2024-07-01,66
1753,2024-08-01,64
1753,2024-09-01,62
1753,2024-10-01,61
1753,2024-11-01,61
1753,2024-12-01,59
1753,2025-01-01,56
1753,2025-02-01,56
1753,2025-03-01,54
1753,2025-04-01,53
1753,2025-05-01,52
1753,2025-06-01,52
1753,2025-07-01,49
1753,2025-08-01,49
1753,2025-09-01,47
1753,2025-10-01,44
1753,2025-11-01,42
1753,2025-12-01,39
1754,2024-01-01,29
1754,2024-02-01,29
1754,2024-03-01,28
1754,2024-04-01,25
1754,2024-05-01,22
1754,2024-06-01,21
1754,2024-07-01,21
1754,2024-08-01,20
1754,2024-09-01,20
1754,2024-10-01,17
1754,2024-11-01,14
1754,2024-12-01,12
1754,2025-01-01,12
1754,2025-02-01,11
1754,2025-03-01,11
1754,2025-04-01,11
1754,2025-05-01,11
1754,2025-06-01,11
1754,2025-07-01,10
1754,2025-08-01,8
1754,2025-09-01,5
1754,2025-10-01,4
1754,2025-11-01,3
1754,2025-12-01,1
1755,2024-01-01,61
1755,2024-02-01,58
1755,2024-03-01,56
1755,2024-04-01,54
1755,2024-05-01,54
1755,2024-06-01,53
1755,2024-07-01,51
1755,2024-08-01,50
1755,2024-09-01,47
1755,2024-10-01,46
1755,2024-11-01,44
1755,2024-12-01,41
1755,2025-01-01,38
1755,2025-02-01,38
1755,2025-03-01,35
1755,2025-04-01,33
1755,2025-05-01,33
1755,2025-06-01,31
1755,2025-07-01,29
1755,2025-08-01,29
1755,2025-09-01,29
1755,2025-10-01,28
1755,2025-11-01,26
1755,2025-12-01,25
1756,2024-01-01,76
1756,2024-02-01,75
1756,2024-03-01,75
1756,2024-04-01,72
1756,2024-05-01,72
1756,2024-06-01,71
1756,2024-07-01,71
1756,2024-08-01,69
1756,2024-09-01,66
1756,2024-10-01,66
1756,2024-11-01,66
1756,2024-12-01,64
1756,2025-01-01,64
1756,2025-02-01,63
1756,2025-03-01,62
1756,2025-04-01,61
1756,2025-05-01,58
1756,2025-06-01,58
1756,2025-07-01,55
1756,2025-08-01,52
1756,2025-09-01,52
1756,2025-10-01,52
1756,2025-11-01,51
1756,2025-12-01,48
1757,2024-01-01,35
1757,2024-02-01,32
1757,2024-03-01,30
1757,2024-04-01,30
1757,2024-05-01,29
1757,2024-06-01,27
1757,2024-07-01,25
1757,2024-08-01,24
1757,2024-09-01,22
1757,2024-10-01,20
1757,2024-11-01,18
1757,2024-12-01,15
1757,2025-01-01,13
1757,2025-02-01,11
1757,2025-03-01,11
1757,2025-04-01,10
1757,2025-05-01,7
1757,2025-06-01,4
1757,2025-07-01,3
1757,2025-08-01,1
1757,2025-09-01,1
1757,2025-10-01,1
1757,2025-11-01,1
1757,2025-12-01,1
1758,2024-01-01,66
1758,2024-02-01,65
1758,2024-03-01,65
1758,2024-04-01,65
1758,2024-05-01,63
1758,2024-06-01,63
1758,2024-07-01,60
1758,2024-08-01,60
1758,2024-09-01,58
1758,2024-10-01,56
1758,2024-11-01,55
1758,2024-12-01,54
1758,2025-01-01,51
1758,2025-02-01,51
1758,2025-03-01,49
1758,2025-04-01,47
1758,2025-05-01,46
1758,2025-06-01,45
1758,2025-07-01,45
1758,2025-08-01,43
1758,2025-09-01,42
1758,2025-10-01,42
1758,2025-11-01,42
1758,2025-12-01,42
1759,2024-01-01,36
1759,2024-02-01,35
1759,2024-03-01,32
1759,2024-04-01,29
1759,2024-05-01,26
1759,2024-06-01,25
1759,2024-07-01,24
1759,2024-08-01,21
1759,2024-09-01,19
1759,2024-10-01,17
1759,2024-11-01,15
1759,2024-12-01,13
1759,2025-01-01,10
1759,2025-02-01,10
1759,2025-03-01,10
1759,2025-04-01,8
1759,2025-05-01,7
1759,2025-06-01,5
1759,2025-07-01,3
1759,2025-08-01,3
1759,2025-09-01,2
1759,2025-10-01,2
1759,2025-11-01,1
1759,2025-12-01,1
1760,2024-01-01,25
1760,2024-02-01,22
1760,2024-03-01,20
1760,2024-04-01,19
1760,2024-05-01,19
1760,2024-06-01,17
1760,2024-07-01,17
1760,2024-08-01,14
1760,2024-09-01,14
1760,2024-10-01,14
1760,2024-11-01,12
1760,2024-12-01,11
1760,2025-01-01,11
1760,2025-02-01,8
1760,2025-03-01,5
1760,2025-04-01,3
1760,2025-05-01,1
1760,2025-06-01,1
1760,2025-07-01,1
1760,2025-08-01,1
1760,2025-09-01,1
1760,2025-10-01,1
1760,2025-11-01,1
1760,2025-12-01,1
1761,2024-01-01,40
1761,2024-02-01,39
1761,2024-03-01,36
1761,2024-04-01,36
1761,2024-05-01,34
1761,2024-06-01,34
1761,2024-07-01,31
1761,2024-08-01,28
1761,2024-09-01,28
1761,2024-10-01,25
1761,2024-11-01,25
1761,2024-12-01,25
1761,2025-01-01,24
1761,2025-02-01,21
1761,2025-03-01,18
1761,2025-04-01,17
1761,2025-05-01,16
1761,2025-06-01,15
1761,2025-07-01,13
1761,2025-08-01,10
1761,2025-09-01,10
1761,2025-10-01,10
1761,2025-11-01,10
1761,2025-12-01,7
1762,2024-01-01,19
1762,2024-02-01,16
1762,2024-03-01,13
1762,2024-04-01,10
1762,2024-05-01,7
1762,2024-06-01,5
1762,2024-07-01,4
1762,2024-08-01,4
1762,2024-09-01,1
1762,2024-10-01,1
1762,2024-11-01,1
1762,2024-12-01,1
1762,2025-01-01,1
1762,2025-02-01,1
1762,2025-03-01,1
1762,2025-04-01,1
1762,2025-05-01,1
1762,2025-06-01,1
1762,2025-07-01,1
1762,2025-08-01,1
1762,2025-09-01,1
1762,2025-10-01,1
1762,2025-11-01,1
1762,2025-12-01,1
1763,2024-01-01,56
1763,2024-02-01,55
1763,2024-03-01,53
1763,2024-04-01,51
1763,2024-05-01,51
1763,2024-06-01,48
1763,2024-07-01,46
1763,2024-08-01,45
1763,2024-09-01,45
1763,2024-10-01,43
1763,2024-11-01,40
1763,2024-12-01,37
1763,2025-01-01,36
1763,2025-02-01,35
1763,2025-03-01,35
1763,2025-04-01,35
1763,2025-05-01,32
1763,2025-06-01,29
1763,2025-07-01,27
1763,2025-08-01,25
1763,2025-09-01,23
1763,2025-10-01,22
1763,2025-11-01,21
1763,2025-12-01,19
1764,2024-01-01,23
1764,2024-02-01,22
1764,2024-03-01,21
1764,2024-04-01,19
1764,2024-05-01,19
1764,2024-06-01,18
1764,2024-07-01,18
1764,2024-08-01,17
1764,2024-09-01,17
1764,2024-10-01,17
1764,2024-11-01,16
1764,2024-12-01,16
1764,2025-01-01,13
1764,2025-02-01,12
1764,2025-03-01,11
1764,2025-04-01,8
1764,2025-05-01,8
1764,2025-06-01,5
1764,2025-07-01,4
1764,2025-08-01,1
1764,2025-09-01,1
1764,2025-10-01,1
1764,2025-11-01,1
1764,2025-12-01,1
1765,2024-01-01,60
1765,2024-02-01,58
1765,2024-03-01,57
1765,2024-04-01,56
1765,2024-05-01,56
1765,2024-06-01,56
1765,2024-07-01,56
1765,2024-08-01,53
1765,2024-09-01,50
1765,2024-10-01,50
1765,2024-11-01,47
1765,2024-12-01,45
1765,2025-01-01,42
1765,2025-02-01,40
1765,2025-03-01,40
1765,2025-04-01,40
1765,2025-05-01,37
1765,2025-06-01,37
1765,2025-07-01,37
1765,2025-08-01,36
1765,2025-09-01,36
1765,2025-10-01,35
1765,2025-11-01,35
1765,2025-12-01,33
1766,2024-01-01,34
1766,2024-02-01,32
1766,2024-03-01,30
1766,2024-04-01,28
1766,2024-05-01,25
1766,2024-06-01,23
1766,2024-07-01,22
1766,2024-08-01,19
1766,2024-09-01,18
1766,2024-10-01,17
1766,2024-11-01,16
1766,2024-12-01,13
1766,2025-01-01,13
1766,2025-02-01,11
1766,2025-03-01,9
1766,2025-04-01,9
1766,2025-05-01,9
1766,2025-06-01,8
1766,2025-07-01,5
1766,2025-08-01,4
1766,2025-09-01,2
1766,2025-10-01,2
1766,2025-11-01,1
1766,2025-12-01,1
1767,2024-01-01,22
1767,2024-02-01,20
1767,2024-03-01,17
1767,2024-04-01,15
1767,2024-05-01,15
1767,2024-06-01,13
1767,2024-07-01,10
1767,2024-08-01,7
1767,2024-09-01,6
1767,2024-10-01,4
1767,2024-11-01,4
1767,2024-12-01,2
1767,2025-01-01,1
1767,2025-02-01,1
1767,2025-03-01,1
1767,2025-04-01,1
1767,2025-05-01,1
1767,2025-06-01,1
1767,2025-07-01,1
1767,2025-08-01,1
1767,2025-09-01,1
1767,2025-10-01,1
1767,2025-11-01,1
1767,2025-12-01,1
1768,2024-01-01,56
1768,2024-02-01,55
1768,2024-03-01,54
1768,2024-04-01,51
1768,2024-05-01,50
1768,2024-06-01,50
1768,2024-07-01,50
1768,2024-08-01,48
1768,2024-09-01,46
1768,2024-10-01,44
1768,2024-11-01,44
1768,2024-12-01,41
1768,2025-01-01,39
1768,2025-02-01,39
1768,2025-03-01,36
1768,2025-04-01,35
1768,2025-05-01,35
1768,2025-06-01,34
1768,2025-07-01,32
1768,2025-08-01,29
1768,2025-09-01,29
1768,2025-10-01,27
1768,2025-11-01,25
1768,2025-12-01,22
1769,2024-01-01,63
1769,2024-02-01,60
1769,2024-03-01,57
1769,2024-04-01,57
1769,2024-05-01,55
1769,2024-06-01,54
1769,2024-07-01,53
1769,2024-08-01,51
1769,2024-09-01,50
1769,2024-10-01,47
1769,2024-11-01,44
1769,2024-12-01,42
1769,2025-01-01,41
1769,2025-02-01,38
1769,2025-03-01,36
1769,2025-04-01,33
1769,2025-05-01,31
1769,2025-06-01,31
1769,2025-07-01,31
1769,2025-08-01,29
1769,2025-09-01,29
1769,2025-10-01,29
1769,2025-11-01,28
1769,2025-12-01,28
1770,2024-01-01,49
1770,2024-02-01,49
1770,2024-03-01,46
1770,2024-04-01,44
1770,2024-05-01,44
1770,2024-06-01,42
1770,2024-07-01,40
1770,2024-08-01,37
1770,2024-09-01,35
1770,2024-10-01,33
1770,2024-11-01,33
1770,2024-12-01,30
1770,2025-01-01,28
1770,2025-02-01,28
1770,2025-03-01,25
1770,2025-04-01,25
1770,2025-05-01,22
1770,2025-06-01,19
1770,2025-07-01,18
1770,2025-08-01,17
1770,2025-09-01,16
1770,2025-10-01,14
1770,2025-11-01,14
1770,2025-12-01,11
1771,2024-01-01,74
1771,2024-02-01,73
1771,2024-03-01,72
1771,2024-04-01,72
1771,2024-05-01,72
1771,2024-06-01,69
1771,2024-07-01,69
1771,2024-08-01,66
1771,2024-09-01,63
1771,2024-10-01,62
1771,2024-11-01,62
1771,2024-12-01,61
1771,2025-01-01,58
1771,2025-02-01,57
1771,2025-03-01,56
1771,2025-04-01,53
1771,2025-05-01,51
1771,2025-06-01,49
1771,2025-07-01,49
1771,2025-08-01,48
1771,2025-09-01,48
1771,2025-10-01,47
1771,2025-11-01,47
1771,2025-12-01,47
1772,2024-01-01,77
1772,2024-02-01,75
1772,2024-03-01,73
1772,2024-04-01,70
1772,2024-05-01,68
1772,2024-06-01,65
1772,2024-07-01,64
1772,2024-08-01,61
1772,2024-09-01,61
1772,2024-10-01,61
1772,2024-11-01,60
1772,2024-12-01,59
1772,2025-01-01,59
1772,2025-02-01,57
1772,2025-03-01,55
1772,2025-04-01,53
1772,2025-05-01,52
1772,2025-06-01,52
1772,2025-07-01,49
1772,2025-08-01,48
1772,2025-09-01,48
1772,2025-10-01,46
1772,2025-11-01,44
1772,2025-12-01,42
1773,2024-01-01,50
1773,2024-02-01,50
1773,2024-03-01,49
1773,2024-04-01,46
1773,2024-05-01,44
1773,2024-06-01,43
1773,2024-07-01,42
1773,2024-08-01,42
1773,2024-09-01,41
1773,2024-10-01,41
1773,2024-11-01,41
1773,2024-12-01,40
1773,2025-01-01,40
1773,2025-02-01,40
1773,2025-03-01,40
1773,2025-04-01,39
1773,2025-05-01,36
1773,2025-06-01,36
1773,2025-07-01,34
1773,2025-08-01,33
1773,2025-09-01,32
1773,2025-10-01,32
1773,2025-11-01,31
1773,2025-12-01,29
1774,2024-01-01,22
1774,2024-02-01,21
1774,2024-03-01,20
1774,2024-04-01,20
1774,2024-05-01,18
1774,2024-06-01,15
1774,2024-07-01,13
1774,2024-08-01,11
1774,2024-09-01,10
1774,2024-10-01,7
1774,2024-11-01,5
1774,2024-12-01,2
1774,2025-01-01,2
1774,2025-02-01,1
1774,2025-03-01,1
1774,2025-04-01,1
1774,2025-05-01,1
1774,2025-06-01,1
1774,2025-07-01,1
1774,2025-08-01,1
1774,2025-09-01,1
1774,2025-10-01,1
1774,2025-11-01,1
1774,2025-12-01,1
1775,2024-01-01,27
1775,2024-02-01,27
1775,2024-03-01,24
1775,2024-04-01,24
1775,2024-05-01,23
1775,2024-06-01,23
1775,2024-07-01,20
1775,2024-08-01,17
1775,2024-09-01,15
1775,2024-10-01,12
1775,2024-11-01,12
1775,2024-12-01,9
1775,2025-01-01,9
1775,2025-02-01,9
1775,2025-03-01,7
1775,2025-04-01,7
1775,2025-05-01,4
1775,2025-06-01,1
1775,2025-07-01,1
1775,2025-08-01,1
1775,2025-09-01,1
1775,2025-10-01,1
1775,2025-11-01,1
1775,2025-12-01,1
1776,2024-01-01,41
1776,2024-02-01,40
1776,2024-03-01,40
1776,2024-04-01,37
1776,2024-05-01,37
1776,2024-06-01,34
1776,2024-07-01,32
1776,2024-08-01,32
1776,2024-09-01,31
1776,2024-10-01,30
1776,2024-11-01,29
1776,2024-12-01,28
1776,2025-01-01,25
1776,2025-02-01,22
1776,2025-03-01,22
1776,2025-04-01,20
1776,2025-05-01,18
1776,2025-06-01,18
1776,2025-07-01,17
1776,2025-08-01,15
1776,2025-09-01,13
1776,2025-10-01,13
1776,2025-11-01,12
1776,2025-12-01,9
1777,2024-01-01,65
1777,2024-02-01,62
1777,2024-03-01,62
1777,2024-04-01,60
1777,2024-05-01,58
1777,2024-06-01,57
1777,2024-07-01,54
1777,2024-08-01,53
1777,2024-09-01,51
1777,2024-10-01,48
1777,2024-11-01,47
1777,2024-12-01,44
1777,2025-01-01,42
1777,2025-02-01,40
1777,2025-03-01,38
1777,2025-04-01,38
1777,2025-05-01,37
1777,2025-06-01,36
1777,2025-07-01,34
1777,2025-08-01,33
1777,2025-09-01,31
1777,2025-10-01,30
1777,2025-11-01,27
1777,2025-12-01,26
1778,2024-01-01,49
1778,2024-02-01,46
1778,2024-03-01,43
1778,2024-04-01,40
1778,2024-05-01,38
1778,2024-06-01,38
1778,2024-07-01,36
1778,2024-08-01,33
1778,2024-09-01,32
1778,2024-10-01,29
1778,2024-11-01,29
1778,2024-12-01,29
1778,2025-01-01,26
1778,2025-02-01,24
1778,2025-03-01,24
1778,2025-04-01,21
1778,2025-05-01,19
1778,2025-06-01,18
1778,2025-07-01,16
1778,2025-08-01,16
1778,2025-09-01,14
1778,2025-10-01,12
1778,2025-11-01,11
1778,2025-12-01,8
1779,2024-01-01,57
1779,2024-02-01,57
1779,2024-03-01,54
1779,2024-04-01,54
1779,2024-05-01,51
1779,2024-06-01,49
1779,2024-07-01,47
1779,2024-08-01,44
1779,2024-09-01,44
1779,2024-10-01,44
1779,2024-11-01,44
1779,2024-12-01,42
1779,2025-01-01,39
1779,2025-02-01,36
1779,2025-03-01,36
1779,2025-04-01,34
1779,2025-05-01,31
1779,2025-06-01,28
1779,2025-07-01,28
1779,2025-08-01,28
1779,2025-09-01,25
1779,2025-10-01,23
1779,2025-11-01,22
1779,2025-12-01,19
1780,2024-01-01,69
1780,2024-02-01,66
1780,2024-03-01,65
1780,2024-04-01,63
1780,2024-05-01,62
1780,2024-06-01,61
1780,2024-07-01,58
1780,2024-08-01,57
1780,2024-09-01,54
1780,2024-10-01,51
1780,2024-11-01,49
1780,2024-12-01,47
1780,2025-01-01,45
1780,2025-02-01,42
1780,2025-03-01,41
1780,2025-04-01,40
1780,2025-05-01,38
1780,2025-06-01,36
1780,2025-07-01,33
1780,2025-08-01,33
1780,2025-09-01,33
1780,2025-10-01,30
1780,2025-11-01,30
1780,2025-12-01,30
1781,2024-01-01,50
1781,2024-02-01,49
1781,2024-03-01,48
1781,2024-04-01,46
1781,2024-05-01,44
1781,2024-06-01,42
1781,2024-07-01,42
1781,2024-08-01,39
1781,2024-09-01,36
1781,2024-10-01,36
1781,2024-11-01,36
1781,2024-12-01,34
1781,2025-01-01,32
1781,2025-02-01,31
1781,2025-03-01,29
1781,2025-04-01,29
1781,2025-05-01,28
1781,2025-06-01,26
1781,2025-07-01,25
1781,2025-08-01,24
1781,2025-09-01,22
1781,2025-10-01,19
1781,2025-11-01,19
1781,2025-12-01,19
1782,2024-01-01,34
1782,2024-02-01,31
1782,2024-03-01,29
1782,2024-04-01,27
1782,2024-05-01,27
1782,2024-06-01,25
1782,2024-07-01,23
1782,2024-08-01,22
1782,2024-09-01,19
1782,2024-10-01,16
1782,2024-11-01,14
1782,2024-12-01,12
1782,2025-01-01,10
1782,2025-02-01,10
1782,2025-03-01,10
1782,2025-04-01,9
1782,2025-05-01,9
1782,2025-06-01,6
1782,2025-07-01,6
1782,2025-08-01,3
1782,2025-09-01,3
1782,2025-10-01,3
1782,2025-11-01,2
1782,2025-12-01,1
1783,2024-01-01,76
1783,2024-02-01,75
1783,2024-03-01,72
1783,2024-04-01,72
1783,2024-05-01,71
1783,2024-06-01,68
1783,2024-07-01,67
1783,2024-08-01,66
1783,2024-09-01,63
1783,2024-10-01,61
1783,2024-11-01,61
1783,2024-12-01,59
1783,2025-01-01,58
1783,2025-02-01,55
1783,2025-03-01,54
1783,2025-04-01,52
1783,2025-05-01,50
1783,2025-06-01,48
1783,2025-07-01,48
1783,2025-08-01,46
1783,2025-09-01,46
1783,2025-10-01,46
1783,2025-11-01,44
1783,2025-12-01,41
1784,2024-01-01,69
1784,2024-02-01,69
1784,2024-03-01,69
1784,2024-04-01,68
1784,2024-05-01,68
1784,2024-06-01,65
1784,2024-07-01,62
1784,2024-08-01,62
1784,2024-09-01,61
1784,2024-10-01,59
1784,2024-11-01,58
1784,2024-12-01,56
1784,2025-01-01,54
1784,2025-02-01,54
1784,2025-03-01,51
1784,2025-04-01,51
1784,2025-05-01,49
1784,2025-06-01,49
1784,2025-07-01,47
1784,2025-08-01,47
1784,2025-09-01,44
1784,2025-10-01,41
1784,2025-11-01,40
1784,2025-12-01,38
1785,2024-01-01,66
1785,2024-02-01,65
1785,2024-03-01,62
1785,2024-04-01,62
1785,2024-05-01,61
1785,2024-06-01,58
1785,2024-07-01,58
1785,2024-08-01,55
1785,2024-09-01,53
1785,2024-10-01,52
1785,2024-11-01,49
1785,2024-12-01,48
1785,2025-01-01,48
1785,2025-02-01,47
1785,2025-03-01,47
1785,2025-04-01,46
1785,2025-05-01,46
1785,2025-06-01,46
1785,2025-07-01,46
1785,2025-08-01,43
1785,2025-09-01,41
1785,2025-10-01,40
1785,2025-11-01,38
1785,2025-12-01,36
1786,2024-01-01,72
1786,2024-02-01,71
1786,2024-03-01,70
1786,2024-04-01,68
1786,2024-05-01,67
1786,2024-06-01,66
1786,2024-07-01,66
1786,2024-08-01,65
1786,2024-09-01,62
1786,2024-10-01,60
1786,2024-11-01,59
1786,2024-12-01,57
1786,2025-01-01,56
1786,2025-02-01,54
1786,2025-03-01,51
1786,2025-04-01,50
1786,2025-05-01,49
1786,2025-06-01,46
1786,2025-07-01,45
1786,2025-08-01,43
1786,2025-09-01,40
1786,2025-10-01,40
1786,2025-11-01,38
1786,2025-12-01,37
1787,2024-01-01,59
1787,2024-02-01,58
1787,2024-03-01,57
1787,2024-04-01,54
1787,2024-05-01,54
1787,2024-06-01,53
1787,2024-07-01,52
1787,2024-08-01,51
1787,2024-09-01,51
1787,2024-10-01,49
1787,2024-11-01,49
1787,2024-12-01,47
1787,2025-01-01,46
1787,2025-02-01,44
1787,2025-03-01,42
1787,2025-04-01,40
1787,2025-05-01,38
1787,2025-06-01,37
1787,2025-07-01,34
1787,2025-08-01,34
1787,2025-09-01,32
1787,2025-10-01,31
1787,2025-11-01,30
1787,2025-12-01,29
1788,2024-01-01,43
1788,2024-02-01,43
1788,2024-03-01,42
1788,2024-04-01,42
1788,2024-05-01,42
1788,2024-06-01,42
1788,2024-07-01,39
1788,2024-08-01,38
1788,2024-09-01,37
1788,2024-10-01,36
1788,2024-11-01,36
1788,2024-12-01,35
1788,2025-01-01,34
1788,2025-02-01,34
1788,2025-03-01,33
1788,2025-04-01,31
1788,2025-05-01,28
1788,2025-06-01,26
1788,2025-07-01,24
1788,2025-08-01,22
1788,2025-09-01,22
1788,2025-10-01,21
1788,2025-11-01,19
1788,2025-12-01,17
1789,2024-01-01,45
1789,2024-02-01,43
1789,2024-03-01,42
1789,2024-04-01,41
1789,2024-05-01,38
1789,2024-06-01,36
1789,2024-07-01,34
1789,2024-08-01,31
1789,2024-09-01,30
1789,2024-10-01,29
1789,2024-11-01,27
1789,2024-12-01,25
1789,2025-01-01,22
1789,2025-02-01,20
1789,2025-03-01,18
1789,2025-04-01,18
1789,2025-05-01,15
1789,2025-06-01,14
1789,2025-07-01,12
1789,2025-08-01,11
1789,2025-09-01,9
1789,2025-10-01,9
1789,2025-11-01,6
1789,2025-12-01,3
1790,2024-01-01,49
1790,2024-02-01,48
1790,2024-03-01,48
1790,2024-04-01,46
1790,2024-05-01,44
1790,2024-06-01,44
1790,2024-07-01,42
1790,2024-08-01,39
1790,2024-09-01,39
1790,2024-10-01,39
1790,2024-11-01,38
1790,2024-12-01,38
1790,2025-01-01,37
1790,2025-02-01,37
1790,2025-03-01,34
1790,2025-04-01,31
1790,2025-05-01,28
1790,2025-06-01,27
1790,2025-07-01,26
1790,2025-08-01,24
1790,2025-09-01,23
1790,2025-10-01,22
1790,2025-11-01,19
1790,2025-12-01,19
1791,2024-01-01,63
1791,2024-02-01,63
1791,2024-03-01,62
1791,2024-04-01,62
1791,2024-05-01,62
1791,2024-06-01,62
1791,2024-07-01,62
1791,2024-08-01,62
1791,2024-09-01,61
1791,2024-10-01,61
1791,2024-11-01,61
1791,2024-12-01,59
1791,2025-01-01,57
1791,2025-02-01,57
1791,2025-03-01,56
1791,2025-04-01,54
1791,2025-05-01,52
1791,2025-06-01,52
1791,2025-07-01,51
1791,2025-08-01,48
1791,2025-09-01,47
1791,2025-10-01,45
1791,2025-11-01,43
1791,2025-12-01,41
1792,2024-01-01,72
1792,2024-02-01,72
1792,2024-03-01,72
1792,2024-04-01,72
1792,2024-05-01,70
1792,2024-06-01,70
1792,2024-07-01,68
1792,2024-08-01,67
1792,2024-09-01,64
1792,2024-10-01,63
1792,2024-11-01,60
1792,2024-12-01,60
1792,2025-01-01,57
1792,2025-02-01,56
1792,2025-03-01,55
1792,2025-04-01,52
1792,2025-05-01,51
1792,2025-06-01,51
1792,2025-07-01,50
1792,2025-08-01,47
1792,2025-09-01,47
1792,2025-10-01,44
1792,2025-11-01,42
1792,2025-12-01,40
1793,2024-01-01,24
1793,2024-02-01,23
1793,2024-03-01,20
1793,2024-04-01,18
1793,2024-05-01,17
1793,2024-06-01,15
1793,2024-07-01,14
1793,2024-08-01,13
1793,2024-09-01,11
1793,2024-10-01,10
1793,2024-11-01,8
1793,2024-12-01,8
1793,2025-01-01,5
1793,2025-02-01,4
1793,2025-03-01,2
1793,2025-04-01,1
1793,2025-05-01,1
1793,2025-06-01,1
1793,2025-07-01,1
1793,2025-08-01,1
1793,2025-09-01,1
1793,2025-10-01,1
1793,2025-11-01,1
1793,2025-12-01,1
1794,2024-01-01,43
1794,2024-02-01,43
1794,2024-03-01,42
1794,2024-04-01,41
1794,2024-05-01,39
1794,2024-06-01,39
1794,2024-07-01,36
1794,2024-08-01,36
1794,2024-09-01,34
1794,2024-10-01,34
1794,2024-11-01,34
1794,2024-12-01,34
1794,2025-01-01,32
1794,2025-02-01,32
1794,2025-03-01,31
1794,2025-04-01,31
1794,2025-05-01,30
1794,2025-06-01,30
1794,2025-07-01,29
1794,2025-08-01,29
1794,2025-09-01,26
1794,2025-10-01,25
1794,2025-11-01,22
1794,2025-12-01,21
1795,2024-01-01,22
1795,2024-02-01,22
1795,2024-03-01,20
1795,2024-04-01,17
1795,2024-05-01,15
1795,2024-06-01,13
1795,2024-07-01,11
1795,2024-08-01,9
1795,2024-09-01,6
1795,2024-10-01,4
1795,2024-11-01,4
1795,2024-12-01,3
1795,2025-01-01,2
1795,2025-02-01,2
1795,2025-03-01,1
1795,2025-04-01,1
1795,2025-05-01,1
1795,2025-06-01,1
1795,2025-07-01,1
1795,2025-08-01,1
1795,2025-09-01,1
1795,2025-10-01,1
1795,2025-11-01,1
1795,2025-12-01,1
1796,2024-01-01,76
1796,2024-02-01,74
1796,2024-03-01,72
1796,2024-04-01,71
1796,2024-05-01,69
1796,2024-06-01,67
1796,2024-07-01,65
1796,2024-08-01,64
1796,2024-09-01,63
1796,2024-10-01,62
1796,2024-11-01,62
1796,2024-12-01,61
1796,2025-01-01,59
1796,2025-02-01,58
1796,2025-03-01,58
1796,2025-04-01,56
1796,2025-05-01,53
1796,2025-06-01,52
1796,2025-07-01,51
1796,2025-08-01,48
1796,2025-09-01,46
1796,2025-10-01,45
1796,2025-11-01,45
1796,2025-12-01,43
1797,2024-01-01,19
1797,2024-02-01,18
1797,2024-03-01,15
1797,2024-04-01,14
1797,2024-05-01,12
1797,2024-06-01,11
1797,2024-07-01,10
1797,2024-08-01,8
1797,2024-09-01,7
1797,2024-10-01,6
1797,2024-11-01,4
1797,2024-12-01,1
1797,2025-01-01,1
1797,2025-02-01,1
1797,2025-03-01,1
1797,2025-04-01,1
1797,2025-05-01,1
1797,2025-06-01,1
1797,2025-07-01,1
1797,2025-08-01,1
1797,2025-09-01,1
1797,2025-10-01,1
1797,2025-11-01,1
1797,2025-12-01,1
1798,2024-01-01,24
1798,2024-02-01,22
1798,2024-03-01,19
1798,2024-04-01,18
1798,2024-05-01,17
1798,2024-06-01,15
1798,2024-07-01,15
1798,2024-08-01,12
1798,2024-09-01,11
1798,2024-10-01,11
1798,2024-11-01,8
1798,2024-12-01,7
1798,2025-01-01,7
1798,2025-02-01,6
1798,2025-03-01,6
1798,2025-04-01,6
1798,2025-05-01,6
1798,2025-06-01,3
1798,2025-07-01,1
1798,2025-08-01,1
1798,2025-09-01,1
1798,2025-10-01,1
1798,2025-11-01,1
1798,2025-12-01,1
1799,2024-01-01,73
1799,2024-02-01,70
1799,2024-03-01,67
1799,2024-04-01,64
1799,2024-05-01,64
1799,2024-06-01,62
1799,2024-07-01,60
1799,2024-08-01,58
1799,2024-09-01,58
1799,2024-10-01,58
1799,2024-11-01,57
1799,2024-12-01,56
1799,2025-01-01,55
1799,2025-02-01,52
1799,2025-03-01,50
1799,2025-04-01,50
1799,2025-05-01,49
1799,2025-06-01,46
1799,2025-07-01,46
1799,2025-08-01,43
1799,2025-09-01,40
1799,2025-10-01,37
1799,2025-11-01,35
1799,2025-12-01,35
1800,2024-01-01,45
1800,2024-02-01,43
1800,2024-03-01,40
1800,2024-04-01,39
1800,2024-05-01,39
1800,2024-06-01,39
1800,2024-07-01,37
1800,2024-08-01,37
1800,2024-09-01,37
1800,2024-10-01,37
1800,2024-11-01,35
1800,2024-12-01,32
1800,2025-01-01,32
1800,2025-02-01,29
1800,2025-03-01,27
1800,2025-04-01,24
1800,2025-05-01,23
1800,2025-06-01,23
1800,2025-07-01,21
1800,2025-08-01,19
1800,2025-09-01,16
1800,2025-10-01,16
1800,2025-11-01,14
1800,2025-12-01,13
1801,2024-01-01,26
1801,2024-02-01,25
1801,2024-03-01,22
1801,2024-04-01,21
1801,2024-05-01,18
1801,2024-06-01,15
1801,2024-07-01,13
1801,2024-08-01,11
1801,2024-09-01,10
1801,2024-10-01,9
1801,2024-11-01,8
1801,2024-12-01,7
1801,2025-01-01,6
1801,2025-02-01,4
1801,2025-03-01,3
1801,2025-04-01,2
1801,2025-05-01,2
1801,2025-06-01,1
1801,2025-07-01,1
1801,2025-08-01,1
1801,2025-09-01,1
1801,2025-10-01,1
1801,2025-11-01,1
1801,2025-12-01,1
1802,2024-01-01,72
1802,2024-02-01,72
1802,2024-03-01,72
1802,2024-04-01,71
1802,2024-05-01,68
1802,2024-06-01,67
1802,2024-07-01,64
1802,2024-08-01,63
1802,2024-09-01,62
1802,2024-10-01,59
1802,2024-11-01,59
1802,2024-12-01,57
1802,2025-01-01,56
1802,2025-02-01,54
1802,2025-03-01,51
1802,2025-04-01,50
1802,2025-05-01,47
1802,2025-06-01,46
1802,2025-07-01,46
1802,2025-08-01,45
1802,2025-09-01,44
1802,2025-10-01,43
1802,2025-11-01,40
1802,2025-12-01,40
1803,2024-01-01,49
1803,2024-02-01,49
1803,2024-03-01,48
1803,2024-04-01,47
1803,2024-05-01,46
1803,2024-06-01,44
1803,2024-07-01,42
1803,2024-08-01,41
1803,2024-09-01,40
1803,2024-10-01,38
1803,2024-11-01,35
1803,2024-12-01,35
1803,2025-01-01,35
1803,2025-02-01,33
1803,2025-03-01,31
1803,2025-04-01,28
1803,2025-05-01,27
1803,2025-06-01,25
1803,2025-07-01,22
1803,2025-08-01,20
1803,2025-09-01,19
1803,2025-10-01,17
1803,2025-11-01,16
1803,2025-12-01,13
1804,2024-01-01,27
1804,2024-02-01,24
1804,2024-03-01,24
1804,2024-04-01,21
1804,2024-05-01,20
1804,2024-06-01,20
1804,2024-07-01,20
1804,2024-08-01,19
1804,2024-09-01,18
1804,2024-10-01,18
1804,2024-11-01,18
1804,2024-12-01,18
1804,2025-01-01,16
1804,2025-02-01,13
1804,2025-03-01,12
1804,2025-04-01,11
1804,2025-05-01,8
1804,2025-06-01,7
1804,2025-07-01,6
1804,2025-08-01,6
1804,2025-09-01,5
1804,2025-10-01,3
1804,2025-11-01,1
1804,2025-12-01,1
1805,2024-01-01,19
1805,2024-02-01,19
1805,2024-03-01,19
1805,2024-04-01,16
1805,2024-05-01,16
1805,2024-06-01,14
1805,2024-07-01,13
1805,2024-08-01,13
1805,2024-09-01,10
1805,2024-10-01,9
1805,2024-11-01,8
1805,2024-12-01,7
1805,2025-01-01,4
1805,2025-02-01,2
1805,2025-03-01,1
1805,2025-04-01,1
1805,2025-05-01,1
1805,2025-06-01,1
1805,2025-07-01,1
1805,2025-08-01,1
1805,2025-09-01,1
1805,2025-10-01,1
1805,2025-11-01,1
1805,2025-12-01,1
1806,2024-01-01,48
1806,2024-02-01,46
1806,2024-03-01,45
1806,2024-04-01,42
1806,2024-05-01,40
1806,2024-06-01,39
1806,2024-07-01,39
1806,2024-08-01,37
1806,2024-09-01,34
1806,2024-10-01,34
1806,2024-11-01,33
1806,2024-12-01,31
1806,2025-01-01,31
1806,2025-02-01,31
1806,2025-03-01,28
1806,2025-04-01,28
1806,2025-05-01,25
1806,2025-06-01,24
1806,2025-07-01,21
1806,2025-08-01,19
1806,2025-09-01,19
1806,2025-10-01,18
1806,2025-11-01,15
1806,2025-12-01,12
1807,2024-01-01,54
1807,2024-02-01,53
1807,2024-03-01,51
1807,2024-04-01,50
1807,2024-05-01,47
1807,2024-06-01,46
1807,2024-07-01,43
1807,2024-08-01,41
1807,2024-09-01,39
1807,2024-10-01,36
1807,2024-11-01,35
1807,2024-12-01,34
1807,2025-01-01,34
1807,2025-02-01,32
1807,2025-03-01,30
1807,2025-04-01,27
1807,2025-05-01,27
1807,2025-06-01,26
1807,2025-07-01,23
1807,2025-08-01,22
1807,2025-09-01,21
1807,2025-10-01,20
1807,2025-11-01,20
1807,2025-12-01,18
1808,2024-01-01,49
1808,2024-02-01,49
1808,2024-03-01,48
1808,2024-04-01,47
1808,2024-05-01,44
1808,2024-06-01,44
1808,2024-07-01,44
1808,2024-08-01,42
1808,2024-09-01,40
1808,2024-10-01,39
1808,2024-11-01,36
1808,2024-12-01,33
1808,2025-01-01,30
1808,2025-02-01,29
1808,2025-03-01,27
1808,2025-04-01,27
1808,2025-05-01,26
1808,2025-06-01,23
1808,2025-07-01,20
1808,2025-08-01,19
1808,2025-09-01,16
1808,2025-10-01,16
1808,2025-11-01,15
1808,2025-12-01,15
1809,2024-01-01,51
1809,2024-02-01,48
1809,2024-03-01,46
1809,2024-04-01,44
1809,2024-05-01,42
1809,2024-06-01,39
1809,2024-07-01,37
1809,2024-08-01,36
1809,2024-09-01,34
1809,2024-10-01,33
1809,2024-11-01,32
1809,2024-12-01,32
1809,2025-01-01,31
1809,2025-02-01,30
1809,2025-03-01,28
1809,2025-04-01,25
1809,2025-05-01,23
1809,2025-06-01,23
1809,2025-07-01,23
1809,2025-08-01,20
1809,2025-09-01,19
1809,2025-10-01,19
1809,2025-11-01,16
1809,2025-12-01,14
1810,2024-01-01,76
1810,2024-02-01,75
1810,2024-03-01,74
1810,2024-04-01,71
1810,2024-05-01,71
1810,2024-06-01,69
1810,2024-07-01,68
1810,2024-08-01,67
1810,2024-09-01,67
1810,2024-10-01,65
1810,2024-11-01,63
1810,2024-12-01,63
1810,2025-01-01,60
1810,2025-02-01,57
1810,2025-03-01,57
1810,2025-04-01,57
1810,2025-05-01,54
1810,2025-06-01,54
1810,2025-07-01,52
1810,2025-08-01,49
1810,2025-09-01,46
1810,2025-10-01,43
1810,2025-11-01,41
1810,2025-12-01,41
1811,2024-01-01,43
1811,2024-02-01,41
1811,2024-03-01,41
1811,2024-04-01,40
1811,2024-05-01,37
1811,2024-06-01,35
1811,2024-07-01,34
1811,2024-08-01,31
1811,2024-09-01,28
1811,2024-10-01,28
1811,2024-11-01,26
1811,2024-12-01,23
1811,2025-01-01,21
1811,2025-02-01,20
1811,2025-03-01,19
1811,2025-04-01,17
1811,2025-05-01,14
1811,2025-06-01,11
1811,2025-07-01,10
1811,2025-08-01,7
1811,2025-09-01,4
1811,2025-10-01,3
1811,2025-11-01,3
1811,2025-12-01,2
1812,2024-01-01,46
1812,2024-02-01,44
1812,2024-03-01,44
1812,2024-04-01,44
1812,2024-05-01,43
1812,2024-06-01,42
1812,2024-07-01,40
1812,2024-08-01,39
1812,2024-09-01,39
1812,2024-10-01,38
1812,2024-11-01,36
1812,2024-12-01,36
1812,2025-01-01,34
1812,2025-02-01,31
1812,2025-03-01,30
1812,2025-04-01,30
1812,2025-05-01,28
1812,2025-06-01,27
1812,2025-07-01,26
1812,2025-08-01,24
1812,2025-09-01,24
1812,2025-10-01,22
1812,2025-11-01,21
1812,2025-12-01,19
1813,2024-01-01,42
1813,2024-02-01,42
1813,2024-03-01,39
1813,2024-04-01,37
1813,2024-05-01,37
1813,2024-06-01,34
1813,2024-07-01,32
1813,2024-08-01,29
1813,2024-09-01,28
1813,2024-10-01,28
1813,2024-11-01,25
1813,2024-12-01,24
1813,2025-01-01,22
1813,2025-02-01,21
1813,2025-03-01,19
1813,2025-04-01,19
1813,2025-05-01,18
1813,2025-06-01,17
1813,2025-07-01,15
1813,2025-08-01,12
1813,2025-09-01,10
1813,2025-10-01,7
1813,2025-11-01,5
1813,2025-12-01,5
1814,2024-01-01,78
1814,2024-02-01,75
1814,2024-03-01,73
1814,2024-04-01,71
1814,2024-05-01,68
1814,2024-06-01,67
1814,2024-07-01,67
1814,2024-08-01,66
1814,2024-09-01,63
1814,2024-10-01,61
1814,2024-11-01,60
1814,2024-12-01,58
1814,2025-01-01,56
1814,2025-02-01,55
1814,2025-03-01,52
1814,2025-04-01,51
1814,2025-05-01,51
1814,2025-06-01,49
1814,2025-07-01,47
1814,2025-08-01,44
1814,2025-09-01,42
1814,2025-10-01,40
1814,2025-11-01,38
1814,2025-12-01,37
1815,2024-01-01,49
1815,2024-02-01,46
1815,2024-03-01,46
1815,2024-04-01,44
1815,2024-05-01,44
1815,2024-06-01,43
1815,2024-07-01,40
1815,2024-08-01,37
1815,2024-09-01,36
1815,2024-10-01,36
1815,2024-11-01,34
1815,2024-12-01,33
1815,2025-01-01,32
1815,2025-02-01,31
1815,2025-03-01,30
1815,2025-04-01,29
1815,2025-05-01,26
1815,2025-06-01,25
1815,2025-07-01,22
1815,2025-08-01,22
1815,2025-09-01,20
1815,2025-10-01,17
1815,2025-11-01,15
1815,2025-12-01,13
1816,2024-01-01,39
1816,2024-02-01,36
1816,2024-03-01,33
1816,2024-04-01,33
1816,2024-05-01,30
1816,2024-06-01,30
1816,2024-07-01,27
1816,2024-08-01,24
1816,2024-09-01,22
1816,2024-10-01,21
1816,2024-11-01,19
1816,2024-12-01,16
1816,2025-01-01,15
1816,2025-02-01,14
1816,2025-03-01,14
1816,2025-04-01,13
1816,2025-05-01,13
1816,2025-06-01,11
1816,2025-07-01,11
1816,2025-08-01,8
1816,2025-09-01,7
1816,2025-10-01,4
1816,2025-11-01,3
1816,2025-12-01,2
1817,2024-01-01,62
1817,2024-02-01,60
1817,2024-03-01,60
1817,2024-04-01,58
1817,2024-05-01,56
1817,2024-06-01,55
1817,2024-07-01,53
1817,2024-08-01,51
1817,2024-09-01,51
1817,2024-10-01,49
1817,2024-11-01,48
1817,2024-12-01,46
1817,2025-01-01,43
1817,2025-02-01,40
1817,2025-03-01,40
1817,2025-04-01,40
1817,2025-05-01,37
1817,2025-06-01,35
1817,2025-07-01,33
1817,2025-08-01,33
1817,2025-09-01,32
1817,2025-10-01,30
1817,2025-11-01,27
1817,2025-12-01,26
1818,2024-01-01,43
1818,2024-02-01,42
1818,2024-03-01,42
1818,2024-04-01,41
1818,2024-05-01,41
1818,2024-06-01,39
1818,2024-07-01,38
1818,2024-08-01,35
1818,2024-09-01,32
1818,2024-10-01,32
1818,2024-11-01,32
1818,2024-12-01,30
1818,2025-01-01,29
1818,2025-02-01,29
1818,2025-03-01,29
1818,2025-04-01,27
1818,2025-05-01,26
1818,2025-06-01,25
1818,2025-07-01,25
1818,2025-08-01,24
1818,2025-09-01,23
1818,2025-10-01,22
1818,2025-11-01,19
1818,2025-12-01,18
1819,2024-01-01,74
1819,2024-02-01,73
1819,2024-03-01,72
1819,2024-04-01,72
1819,2024-05-01,72
1819,2024-06-01,69
1819,2024-07-01,68
1819,2024-08-01,65
1819,2024-09-01,64
1819,2024-10-01,62
1819,2024-11-01,59
1819,2024-12-01,59
1819,2025-01-01,57
1819,2025-02-01,57
1819,2025-03-01,55
1819,2025-04-01,53
1819,2025-05-01,51
1819,2025-06-01,48
1819,2025-07-01,45
1819,2025-08-01,45
1819,2025-09-01,42
1819,2025-10-01,42
1819,2025-11-01,41
1819,2025-12-01,41
1820,2024-01-01,21
1820,2024-02-01,21
1820,2024-03-01,18
1820,2024-04-01,18
1820,2024-05-01,17
1820,2024-06-01,14
1820,2024-07-01,11
1820,2024-08-01,10
1820,2024-09-01,7
1820,2024-10-01,7
1820,2024-11-01,5
1820,2024-12-01,2
1820,2025-01-01,1
1820,2025-02-01,1
1820,2025-03-01,1
1820,2025-04-01,1
1820,2025-05-01,1
1820,2025-06-01,1
1820,2025-07-01,1
1820,2025-08-01,1
1820,2025-09-01,1
1820,2025-10-01,1
1820,2025-11-01,1
1820,2025-12-01,1
1821,2024-01-01,19
1821,2024-02-01,18
1821,2024-03-01,15
1821,2024-04-01,13
1821,2024-05-01,13
1821,2024-06-01,13
1821,2024-07-01,13
1821,2024-08-01,10
1821,2024-09-01,9
1821,2024-10-01,9
1821,2024-11-01,9
1821,2024-12-01,9
1821,2025-01-01,9
1821,2025-02-01,7
1821,2025-03-01,5
1821,2025-04-01,4
1821,2025-05-01,2
1821,2025-06-01,1
1821,2025-07-01,1
1821,2025-08-01,1
1821,2025-09-01,1
1821,2025-10-01,1
1821,2025-11-01,1
1821,2025-12-01,1
1822,2024-01-01,59
1822,2024-02-01,58
1822,2024-03-01,56
1822,2024-04-01,54
1822,2024-05-01,53
1822,2024-06-01,51
1822,2024-07-01,49
1822,2024-08-01,48
1822,2024-09-01,45
1822,2024-10-01,45
1822,2024-11-01,42
1822,2024-12-01,42
1822,2025-01-01,41
1822,2025-02-01,38
1822,2025-03-01,35
1822,2025-04-01,35
1822,2025-05-01,35
1822,2025-06-01,35
1822,2025-07-01,35
1822,2025-08-01,33
1822,2025-09-01,32
1822,2025-10-01,32
1822,2025-11-01,29
1822,2025-12-01,26
1823,2024-01-01,23
1823,2024-02-01,22
1823,2024-03-01,20
1823,2024-04-01,20
1823,2024-05-01,20
1823,2024-06-01,18
1823,2024-07-01,17
1823,2024-08-01,17
1823,2024-09-01,14
1823,2024-10-01,11
1823,2024-11-01,11
1823,2024-12-01,10
1823,2025-01-01,7
1823,2025-02-01,4
1823,2025-03-01,2
1823,2025-04-01,1
1823,2025-05-01,1
1823,2025-06-01,1
1823,2025-07-01,1
1823,2025-08-01,1
1823,2025-09-01,1
1823,2025-10-01,1
1823,2025-11-01,1
1823,2025-12-01,1
1824,2024-01-01,55
1824,2024-02-01,52
1824,2024-03-01,52
1824,2024-04-01,52
1824,2024-05-01,52
1824,2024-06-01,50
1824,2024-07-01,49
1824,2024-08-01,47
1824,2024-09-01,44
1824,2024-10-01,43
1824,2024-11-01,40
1824,2024-12-01,40
1824,2025-01-01,40
1824,2025-02-01,38
1824,2025-03-01,37
1824,2025-04-01,37
1824,2025-05-01,35
1824,2025-06-01,32
1824,2025-07-01,30
1824,2025-08-01,29
1824,2025-09-01,28
1824,2025-10-01,27
1824,2025-11-01,27
1824,2025-12-01,25
1825,2024-01-01,66
1825,2024-02-01,64
1825,2024-03-01,64
1825,2024-04-01,61
1825,2024-05-01,58
1825,2024-06-01,55
1825,2024-07-01,55
1825,2024-08-01,54
1825,2024-09-01,54
1825,2024-10-01,51
1825,2024-11-01,49
1825,2024-12-01,46
1825,2025-01-01,44
1825,2025-02-01,44
1825,2025-03-01,44
1825,2025-04-01,44
1825,2025-05-01,42
1825,2025-06-01,42
1825,2025-07-01,41
1825,2025-08-01,38
1825,2025-09-01,37
1825,2025-10-01,35
1825,2025-11-01,35
1825,2025-12-01,32
1826,2024-01-01,52
1826,2024-02-01,49
1826,2024-03-01,46
1826,2024-04-01,45
1826,2024-05-01,44
1826,2024-06-01,43
1826,2024-07-01,42
1826,2024-08-01,41
1826,2024-09-01,39
1826,2024-10-01,37
1826,2024-11-01,37
1826,2024-12-01,37
1826,2025-01-01,36
1826,2025-02-01,36
1826,2025-03-01,34
1826,2025-04-01,32
1826,2025-05-01,32
1826,2025-06-01,31
1826,2025-07-01,29
1826,2025-08-01,26
1826,2025-09-01,23
1826,2025-10-01,23
1826,2025-11-01,22
1826,2025-12-01,22
1827,2024-01-01,76
1827,2024-02-01,73
1827,2024-03-01,71
1827,2024-04-01,69
1827,2024-05-01,69
1827,2024-06-01,69
1827,2024-07-01,68
1827,2024-08-01,66
1827,2024-09-01,65
1827,2024-10-01,62
1827,2024-11-01,59
1827,2024-12-01,58
1827,2025-01-01,57
1827,2025-02-01,56
1827,2025-03-01,55
1827,2025-04-01,54
1827,2025-05-01,51
1827,2025-06-01,48
1827,2025-07-01,45
1827,2025-08-01,45
1827,2025-09-01,42
1827,2025-10-01,40
1827,2025-11-01,38
1827,2025-12-01,37
1828,2024-01-01,78
1828,2024-02-01,77
1828,2024-03-01,75
1828,2024-04-01,73
1828,2024-05-01,72
1828,2024-06-01,70
1828,2024-07-01,69
1828,2024-08-01,68
1828,2024-09-01,67
1828,2024-10-01,67
1828,2024-11-01,65
1828,2024-12-01,63
1828,2025-01-01,60
1828,2025-02-01,58
1828,2025-03-01,55
1828,2025-04-01,54
1828,2025-05-01,54
1828,2025-06-01,53
1828,2025-07-01,52
1828,2025-08-01,51
1828,2025-09-01,48
1828,2025-10-01,48
1828,2025-11-01,47
1828,2025-12-01,44
1829,2024-01-01,65
1829,2024-02-01,64
1829,2024-03-01,63
1829,2024-04-01,61
1829,2024-05-01,58
1829,2024-06-01,58
1829,2024-07-01,55
1829,2024-08-01,53
1829,2024-09-01,52
1829,2024-10-01,52
1829,2024-11-01,52
1829,2024-12-01,49
1829,2025-01-01,48
1829,2025-02-01,46
1829,2025-03-01,45
1829,2025-04-01,42
1829,2025-05-01,42
1829,2025-06-01,42
1829,2025-07-01,41
1829,2025-08-01,40
1829,2025-09-01,39
1829,2025-10-01,38
1829,2025-11-01,36
1829,2025-12-01,34
1830,2024-01-01,39
1830,2024-02-01,39
1830,2024-03-01,39
1830,2024-04-01,36
1830,2024-05-01,33
1830,2024-06-01,31
1830,2024-07-01,30
1830,2024-08-01,30
1830,2024-09-01,27
1830,2024-10-01,26
1830,2024-11-01,24
1830,2024-12-01,21
1830,2025-01-01,21
1830,2025-02-01,21
1830,2025-03-01,21
1830,2025-04-01,18
1830,2025-05-01,18
1830,2025-06-01,16
1830,2025-07-01,16
1830,2025-08-01,14
1830,2025-09-01,14
1830,2025-10-01,12
1830,2025-11-01,9
1830,2025-12-01,7
1831,2024-01-01,46
1831,2024-02-01,44
1831,2024-03-01,41
1831,2024-04-01,40
1831,2024-05-01,40
1831,2024-06-01,39
1831,2024-07-01,37
1831,2024-08-01,36
1831,2024-09-01,36
1831,2024-10-01,35
1831,2024-11-01,33
1831,2024-12-01,31
1831,2025-01-01,28
1831,2025-02-01,28
1831,2025-03-01,28
1831,2025-04-01,27
1831,2025-05-01,27
1831,2025-06-01,25
1831,2025-07-01,24
1831,2025-08-01,21
1831,2025-09-01,20
1831,2025-10-01,19
1831,2025-11-01,16
1831,2025-12-01,15
1832,2024-01-01,67
1832,2024-02-01,66
1832,2024-03-01,65
1832,2024-04-01,63
1832,2024-05-01,61
1832,2024-06-01,61
1832,2024-07-01,58
1832,2024-08-01,56
1832,2024-09-01,54
1832,2024-10-01,54
1832,2024-11-01,54
1832,2024-12-01,51
1832,2025-01-01,50
1832,2025-02-01,49
1832,2025-03-01,46
1832,2025-04-01,43
1832,2025-05-01,40
1832,2025-06-01,40
1832,2025-07-01,39
1832,2025-08-01,36
1832,2025-09-01,33
1832,2025-10-01,32
1832,2025-11-01,31
1832,2025-12-01,31
1833,2024-01-01,24
1833,2024-02-01,24
1833,2024-03-01,24
1833,2024-04-01,23
1833,2024-05-01,23
1833,2024-06-01,23
1833,2024-07-01,20
1833,2024-08-01,20
1833,2024-09-01,20
1833,2024-10-01,17
1833,2024-11-01,16
1833,2024-12-01,15
1833,2025-01-01,15
1833,2025-02-01,15
1833,2025-03-01,13
1833,2025-04-01,10
1833,2025-05-01,8
1833,2025-06-01,8
1833,2025-07-01,6
1833,2025-08-01,4
1833,2025-09-01,3
1833,2025-10-01,1
1833,2025-11-01,1
1833,2025-12-01,1
1834,2024-01-01,75
1834,2024-02-01,75
1834,2024-03-01,72
1834,2024-04-01,71
1834,2024-05-01,69
1834,2024-06-01,69
1834,2024-07-01,68
1834,2024-08-01,66
1834,2024-09-01,65
1834,2024-10-01,63
1834,2024-11-01,60
1834,2024-12-01,59
1834,2025-01-01,56
1834,2025-02-01,53
1834,2025-03-01,51
1834,2025-04-01,51
1834,2025-05-01,48
1834,2025-06-01,47
1834,2025-07-01,46
1834,2025-08-01,44
1834,2025-09-01,41
1834,2025-10-01,41
1834,2025-11-01,41
1834,2025-12-01,40
1835,2024-01-01,55
1835,2024-02-01,54
1835,2024-03-01,52
1835,2024-04-01,52
1835,2024-05-01,51
1835,2024-06-01,49
1835,2024-07-01,49
1835,2024-08-01,47
1835,2024-09-01,46
1835,2024-10-01,43
1835,2024-11-01,41
1835,2024-12-01,38
1835,2025-01-01,37
1835,2025-02-01,37
1835,2025-03-01,35
1835,2025-04-01,35
1835,2025-05-01,32
1835,2025-06-01,29
1835,2025-07-01,29
1835,2025-08-01,28
1835,2025-09-01,25
1835,2025-10-01,24
1835,2025-11-01,24
1835,2025-12-01,23
1836,2024-01-01,63
1836,2024-02-01,62
1836,2024-03-01,61
1836,2024-04-01,59
1836,2024-05-01,56
1836,2024-06-01,54
1836,2024-07-01,53
1836,2024-08-01,50
1836,2024-09-01,50
1836,2024-10-01,50
1836,2024-11-01,50
1836,2024-12-01,49
1836,2025-01-01,48
1836,2025-02-01,48
1836,2025-03-01,46
1836,2025-04-01,44
1836,2025-05-01,41
1836,2025-06-01,38
1836,2025-07-01,38
1836,2025-08-01,37
1836,2025-09-01,36
1836,2025-10-01,33
1836,2025-11-01,33
1836,2025-12-01,30
1837,2024-01-01,42
1837,2024-02-01,42
1837,2024-03-01,42
1837,2024-04-01,40
1837,2024-05-01,40
1837,2024-06-01,37
1837,2024-07-01,35
1837,2024-08-01,34
1837,2024-09-01,31
1837,2024-10-01,28
1837,2024-11-01,25
1837,2024-12-01,23
1837,2025-01-01,20
1837,2025-02-01,18
1837,2025-03-01,18
1837,2025-04-01,17
1837,2025-05-01,17
1837,2025-06-01,14
1837,2025-07-01,12
1837,2025-08-01,10
1837,2025-09-01,10
1837,2025-10-01,7
1837,2025-11-01,6
1837,2025-12-01,4
1838,2024-01-01,23
1838,2024-02-01,21
1838,2024-03-01,18
1838,2024-04-01,15
1838,2024-05-01,14
1838,2024-06-01,11
1838,2024-07-01,11
1838,2024-08-01,10
1838,2024-09-01,7
1838,2024-10-01,4
1838,2024-11-01,3
1838,2024-12-01,1
1838,2025-01-01,1
1838,2025-02-01,1
1838,2025-03-01,1
1838,2025-04-01,1
1838,2025-05-01,1
1838,2025-06-01,1
1838,2025-07-01,1
1838,2025-08-01,1
1838,2025-09-01,1
1838,2025-10-01,1
1838,2025-11-01,1
1838,2025-12-01,1
1839,2024-01-01,29
1839,2024-02-01,29
1839,2024-03-01,27
1839,2024-04-01,24
1839,2024-05-01,24
1839,2024-06-01,23
1839,2024-07-01,20
1839,2024-08-01,18
1839,2024-09-01,16
1839,2024-10-01,16
1839,2024-11-01,14
1839,2024-12-01,14
1839,2025-01-01,12
1839,2025-02-01,9
1839,2025-03-01,8
1839,2025-04-01,5
1839,2025-05-01,4
1839,2025-06-01,4
1839,2025-07-01,2
1839,2025-08-01,1
1839,2025-09-01,1
1839,2025-10-01,1
1839,2025-11-01,1
1839,2025-12-01,1
1840,2024-01-01,72
1840,2024-02-01,72
1840,2024-03-01,71
1840,2024-04-01,71
1840,2024-05-01,70
1840,2024-06-01,69
1840,2024-07-01,66
1840,2024-08-01,66
1840,2024-09-01,64
1840,2024-10-01,62
1840,2024-11-01,60
1840,2024-12-01,57
1840,2025-01-01,54
1840,2025-02-01,53
1840,2025-03-01,52
1840,2025-04-01,50
1840,2025-05-01,49
1840,2025-06-01,48
1840,2025-07-01,45
1840,2025-08-01,43
1840,2025-09-01,43
1840,2025-10-01,41
1840,2025-11-01,38
1840,2025-12-01,36
1841,2024-01-01,27
1841,2024-02-01,25
1841,2024-03-01,22
1841,2024-04-01,19
1841,2024-05-01,17
1841,2024-06-01,16
1841,2024-07-01,15
1841,2024-08-01,12
1841,2024-09-01,9
1841,2024-10-01,9
1841,2024-11-01,8
1841,2024-12-01,6
1841,2025-01-01,3
1841,2025-02-01,1
1841,2025-03-01,1
1841,2025-04-01,1
1841,2025-05-01,1
1841,2025-06-01,1
1841,2025-07-01,1
1841,2025-08-01,1
1841,2025-09-01,1
1841,2025-10-01,1
1841,2025-11-01,1
1841,2025-12-01,1
1842,2024-01-01,75
1842,2024-02-01,73
1842,2024-03-01,70
1842,2024-04-01,69
1842,2024-05-01,68
1842,2024-06-01,65
1842,2024-07-01,64
1842,2024-08-01,64
1842,2024-09-01,61
1842,2024-10-01,58
1842,2024-11-01,55
1842,2024-12-01,55
1842,2025-01-01,54
1842,2025-02-01,54
1842,2025-03-01,54
1842,2025-04-01,54
1842,2025-05-01,52
1842,2025-06-01,51
1842,2025-07-01,50
1842,2025-08-01,47
1842,2025-09-01,44
1842,2025-10-01,42
1842,2025-11-01,42
1842,2025-12-01,39
1843,2024-01-01,46
1843,2024-02-01,46
1843,2024-03-01,44
1843,2024-04-01,44
1843,2024-05-01,41
1843,2024-06-01,39
1843,2024-07-01,37
1843,2024-08-01,37
1843,2024-09-01,34
1843,2024-10-01,34
1843,2024-11-01,31
1843,2024-12-01,28
1843,2025-01-01,27
1843,2025-02-01,25
1843,2025-03-01,22
1843,2025-04-01,22
1843,2025-05-01,22
1843,2025-06-01,21
1843,2025-07-01,20
1843,2025-08-01,19
1843,2025-09-01,17
1843,2025-10-01,16
1843,2025-11-01,14
1843,2025-12-01,13
1844,2024-01-01,27
1844,2024-02-01,26
1844,2024-03-01,24
1844,2024-04-01,21
1844,2024-05-01,20
1844,2024-06-01,17
1844,2024-07-01,16
1844,2024-08-01,16
1844,2024-09-01,14
1844,2024-10-01,14
1844,2024-11-01,12
1844,2024-12-01,12
1844,2025-01-01,11
1844,2025-02-01,11
1844,2025-03-01,10
1844,2025-04-01,8
1844,2025-05-01,7
1844,2025-06-01,7
1844,2025-07-01,4
1844,2025-08-01,2
1844,2025-09-01,1
1844,2025-10-01,1
1844,2025-11-01,1
1844,2025-12-01,1
1845,2024-01-01,35
1845,2024-02-01,34
1845,2024-03-01,33
1845,2024-04-01,30
1845,2024-05-01,30
1845,2024-06-01,27
1845,2024-07-01,24
1845,2024-08-01,22
1845,2024-09-01,22
1845,2024-10-01,19
1845,2024-11-01,18
1845,2024-12-01,16
1845,2025-01-01,13
1845,2025-02-01,10
1845,2025-03-01,7
1845,2025-04-01,7
1845,2025-05-01,4
1845,2025-06-01,3
1845,2025-07-01,1
1845,2025-08-01,1
1845,2025-09-01,1
1845,2025-10-01,1
1845,2025-11-01,1
1845,2025-12-01,1
1846,2024-01-01,55
1846,2024-02-01,52
1846,2024-03-01,51
1846,2024-04-01,50
1846,2024-05-01,47
1846,2024-06-01,46
1846,2024-07-01,43
1846,2024-08-01,43
1846,2024-09-01,42
1846,2024-10-01,42
1846,2024-11-01,39
1846,2024-12-01,39
1846,2025-01-01,37
1846,2025-02-01,34
1846,2025-03-01,33
1846,2025-04-01,32
1846,2025-05-01,30
1846,2025-06-01,27
1846,2025-07-01,24
1846,2025-08-01,21
1846,2025-09-01,18
1846,2025-10-01,18
1846,2025-11-01,15
1846,2025-12-01,15
1847,2024-01-01,35
1847,2024-02-01,32
1847,2024-03-01,32
1847,2024-04-01,29
1847,2024-05-01,27
1847,2024-06-01,27
1847,2024-07-01,26
1847,2024-08-01,23
1847,2024-09-01,22
1847,2024-10-01,22
1847,2024-11-01,22
1847,2024-12-01,21
1847,2025-01-01,18
1847,2025-02-01,18
1847,2025-03-01,16
1847,2025-04-01,15
1847,2025-05-01,15
1847,2025-06-01,12
1847,2025-07-01,12
1847,2025-08-01,9
1847,2025-09-01,6
1847,2025-10-01,6
1847,2025-11-01,4
1847,2025-12-01,1
1848,2024-01-01,74
1848,2024-02-01,71
1848,2024-03-01,69
1848,2024-04-01,66
1848,2024-05-01,66
1848,2024-06-01,64
1848,2024-07-01,61
1848,2024-08-01,61
1848,2024-09-01,61
1848,2024-10-01,58
1848,2024-11-01,57
1848,2024-12-01,56
1848,2025-01-01,53
1848,2025-02-01,50
1848,2025-03-01,50
1848,2025-04-01,47
1848,2025-05-01,44
1848,2025-06-01,44
1848,2025-07-01,41
1848,2025-08-01,38
1848,2025-09-01,35
1848,2025-10-01,35
1848,2025-11-01,32
1848,2025-12-01,31
1849,2024-01-01,70
1849,2024-02-01,67
1849,2024-03-01,67
1849,2024-04-01,66
1849,2024-05-01,63
1849,2024-06-01,60
1849,2024-07-01,57
1849,2024-08-01,54
1849,2024-09-01,54
1849,2024-10-01,52
1849,2024-11-01,51
1849,2024-12-01,48
1849,2025-01-01,48
1849,2025-02-01,46
1849,2025-03-01,46
1849,2025-04-01,43
1849,2025-05-01,41
1849,2025-06-01,40
1849,2025-07-01,39
1849,2025-08-01,39
1849,2025-09-01,38
1849,2025-10-01,37
1849,2025-11-01,35
1849,2025-12-01,34
1850,2024-01-01,24
1850,2024-02-01,23
1850,2024-03-01,23
1850,2024-04-01,23
1850,2024-05-01,22
1850,2024-06-01,20
1850,2024-07-01,19
1850,2024-08-01,16
1850,2024-09-01,16
1850,2024-10-01,14
1850,2024-11-01,13
1850,2024-12-01,11
1850,2025-01-01,8
1850,2025-02-01,6
1850,2025-03-01,3
1850,2025-04-01,3
1850,2025-05-01,1
1850,2025-06-01,1
1850,2025-07-01,1
1850,2025-08-01,1
1850,2025-09-01,1
1850,2025-10-01,1
1850,2025-11-01,1
1850,2025-12-01,1
1851,2024-01-01,49
1851,2024-02-01,48
1851,2024-03-01,46
1851,2024-04-01,45
1851,2024-05-01,44
1851,2024-06-01,43
1851,2024-07-01,43
1851,2024-08-01,41
1851,2024-09-01,40
1851,2024-10-01,40
1851,2024-11-01,40
1851,2024-12-01,37
1851,2025-01-01,35
1851,2025-02-01,34
1851,2025-03-01,32
1851,2025-04-01,29
1851,2025-05-01,26
1851,2025-06-01,25
1851,2025-07-01,25
1851,2025-08-01,22
1851,2025-09-01,22
1851,2025-10-01,19
1851,2025-11-01,17
1851,2025-12-01,16
1852,2024-01-01,61
1852,2024-02-01,58
1852,2024-03-01,57
1852,2024-04-01,55
1852,2024-05-01,55
1852,2024-06-01,52
1852,2024-07-01,49
1852,2024-08-01,47
1852,2024-09-01,46
1852,2024-10-01,43
1852,2024-11-01,41
1852,2024-12-01,40
1852,2025-01-01,37
1852,2025-02-01,35
1852,2025-03-01,34
1852,2025-04-01,31
1852,2025-05-01,28
1852,2025-06-01,27
1852,2025-07-01,26
1852,2025-08-01,24
1852,2025-09-01,21
1852,2025-10-01,18
1852,2025-11-01,16
1852,2025-12-01,13
1853,2024-01-01,68
1853,2024-02-01,68
1853,2024-03-01,67
1853,2024-04-01,67
1853,2024-05-01,67
1853,2024-06-01,66
1853,2024-07-01,66
1853,2024-08-01,64
1853,2024-09-01,64
1853,2024-10-01,62
1853,2024-11-01,61
1853,2024-12-01,58
1853,2025-01-01,57
1853,2025-02-01,56
1853,2025-03-01,56
1853,2025-04-01,55
1853,2025-05-01,54
1853,2025-06-01,52
1853,2025-07-01,49
1853,2025-08-01,49
1853,2025-09-01,46
1853,2025-10-01,43
1853,2025-11-01,40
1853,2025-12-01,40
1854,2024-01-01,30
1854,2024-02-01,30
1854,2024-03-01,29
1854,2024-04-01,26
1854,2024-05-01,24
1854,2024-06-01,24
1854,2024-07-01,21
1854,2024-08-01,21
1854,2024-09-01,19
1854,2024-10-01,19
1854,2024-11-01,18
1854,2024-12-01,15
1854,2025-01-01,15
1854,2025-02-01,15
1854,2025-03-01,12
1854,2025-04-01,10
1854,2025-05-01,8
1854,2025-06-01,5
1854,2025-07-01,2
1854,2025-08-01,1
1854,2025-09-01,1
1854,2025-10-01,1
1854,2025-11-01,1
1854,2025-12-01,1
1855,2024-01-01,71
1855,2024-02-01,68
1855,2024-03-01,68
1855,2024-04-01,65
1855,2024-05-01,63
1855,2024-06-01,61
1855,2024-07-01,58
1855,2024-08-01,56
1855,2024-09-01,53
1855,2024-10-01,50
1855,2024-11-01,47
1855,2024-12-01,45
1855,2025-01-01,43
1855,2025-02-01,41
1855,2025-03-01,38
1855,2025-04-01,37
1855,2025-05-01,35
1855,2025-06-01,34
1855,2025-07-01,32
1855,2025-08-01,32
1855,2025-09-01,32
1855,2025-10-01,32
1855,2025-11-01,31
1855,2025-12-01,29
1856,2024-01-01,70
1856,2024-02-01,68
1856,2024-03-01,68
1856,2024-04-01,67
1856,2024-05-01,65
1856,2024-06-01,62
1856,2024-07-01,61
1856,2024-08-01,58
1856,2024-09-01,57
1856,2024-10-01,57
1856,2024-11-01,57
1856,2024-12-01,57
1856,2025-01-01,54
1856,2025-02-01,54
1856,2025-03-01,51
1856,2025-04-01,48
1856,2025-05-01,45
1856,2025-06-01,45
1856,2025-07-01,43
1856,2025-08-01,40
1856,2025-09-01,38
1856,2025-10-01,35
1856,2025-11-01,35
1856,2025-12-01,35
1857,2024-01-01,23
1857,2024-02-01,23
1857,2024-03-01,21
1857,2024-04-01,18
1857,2024-05-01,16
1857,2024-06-01,15
1857,2024-07-01,13
1857,2024-08-01,10
1857,2024-09-01,7
1857,2024-10-01,7
1857,2024-11-01,6
1857,2024-12-01,5
1857,2025-01-01,3
1857,2025-02-01,3
1857,2025-03-01,3
1857,2025-04-01,3
1857,2025-05-01,1
1857,2025-06-01,1
1857,2025-07-01,1
1857,2025-08-01,1
1857,2025-09-01,1
1857,2025-10-01,1
1857,2025-11-01,1
1857,2025-12-01,1
1858,2024-01-01,48
1858,2024-02-01,45
1858,2024-03-01,43
1858,2024-04-01,41
1858,2024-05-01,40
1858,2024-06-01,37
1858,2024-07-01,35
1858,2024-08-01,32
1858,2024-09-01,29
1858,2024-10-01,28
1858,2024-11-01,27
1858,2024-12-01,25
1858,2025-01-01,24
1858,2025-02-01,21
1858,2025-03-01,20
1858,2025-04-01,17
1858,2025-05-01,14
1858,2025-06-01,12
1858,2025-07-01,10
1858,2025-08-01,8
1858,2025-09-01,5
1858,2025-10-01,4
1858,2025-11-01,2
1858,2025-12-01,1
1859,2024-01-01,24
1859,2024-02-01,22
1859,2024-03-01,19
1859,2024-04-01,16
1859,2024-05-01,14
1859,2024-06-01,13
1859,2024-07-01,10
1859,2024-08-01,9
1859,2024-09-01,9
1859,2024-10-01,8
1859,2024-11-01,7
1859,2024-12-01,7
1859,2025-01-01,4
1859,2025-02-01,1
1859,2025-03-01,1
1859,2025-04-01,1
1859,2025-05-01,1
1859,2025-06-01,1
1859,2025-07-01,1
1859,2025-08-01,1
1859,2025-09-01,1
1859,2025-10-01,1
1859,2025-11-01,1
1859,2025-12-01,1
1860,2024-01-01,74
1860,2024-02-01,74
1860,2024-03-01,71
1860,2024-04-01,71
1860,2024-05-01,71
1860,2024-06-01,68
1860,2024-07-01,65
1860,2024-08-01,62
1860,2024-09-01,61
1860,2024-10-01,61
1860,2024-11-01,61
1860,2024-12-01,61
1860,2025-01-01,58
1860,2025-02-01,56
1860,2025-03-01,56
1860,2025-04-01,53
1860,2025-05-01,50
1860,2025-06-01,47
1860,2025-07-01,46
1860,2025-08-01,43
1860,2025-09-01,41
1860,2025-10-01,40
1860,2025-11-01,37
1860,2025-12-01,35
1861,2024-01-01,30
1861,2024-02-01,27
1861,2024-03-01,24
1861,2024-04-01,24
1861,2024-05-01,22
1861,2024-06-01,19
1861,2024-07-01,19
1861,2024-08-01,19
1861,2024-09-01,17
1861,2024-10-01,15
1861,2024-11-01,12
1861,2024-12-01,9
1861,2025-01-01,8
1861,2025-02-01,6
1861,2025-03-01,5
1861,2025-04-01,4
1861,2025-05-01,4
1861,2025-06-01,4
1861,2025-07-01,1
1861,2025-08-01,1
1861,2025-09-01,1
1861,2025-10-01,1
1861,2025-11-01,1
1861,2025-12-01,1
1862,2024-01-01,42
1862,2024-02-01,40
1862,2024-03-01,38
1862,2024-04-01,36
1862,2024-05-01,36
1862,2024-06-01,33
1862,2024-07-01,30
1862,2024-08-01,30
1862,2024-09-01,27
1862,2024-10-01,24
1862,2024-11-01,23
1862,2024-12-01,23
1862,2025-01-01,20
1862,2025-02-01,19
1862,2025-03-01,19
1862,2025-04-01,19
1862,2025-05-01,17
1862,2025-06-01,16
1862,2025-07-01,15
1862,2025-08-01,14
1862,2025-09-01,14
1862,2025-10-01,12
1862,2025-11-01,12
1862,2025-12-01,9
1863,2024-01-01,76
1863,2024-02-01,74
1863,2024-03-01,74
1863,2024-04-01,73
1863,2024-05-01,70
1863,2024-06-01,67
1863,2024-07-01,67
1863,2024-08-01,66
1863,2024-09-01,64
1863,2024-10-01,61
1863,2024-11-01,58
1863,2024-12-01,55
1863,2025-01-01,54
1863,2025-02-01,51
1863,2025-03-01,50
1863,2025-04-01,47
1863,2025-05-01,44
1863,2025-06-01,43
1863,2025-07-01,42
1863,2025-08-01,40
1863,2025-09-01,40
1863,2025-10-01,37
1863,2025-11-01,34
1863,2025-12-01,34
1864,2024-01-01,60
1864,2024-02-01,57
1864,2024-03-01,54
1864,2024-04-01,51
1864,2024-05-01,50
1864,2024-06-01,48
1864,2024-07-01,46
1864,2024-08-01,46
1864,2024-09-01,46
1864,2024-10-01,43
1864,2024-11-01,41
1864,2024-12-01,39
1864,2025-01-01,38
1864,2025-02-01,35
1864,2025-03-01,32
1864,2025-04-01,30
1864,2025-05-01,28
1864,2025-06-01,27
1864,2025-07-01,26
1864,2025-08-01,23
1864,2025-09-01,22
1864,2025-10-01,20
1864,2025-11-01,17
1864,2025-12-01,15
1865,2024-01-01,40
1865,2024-02-01,38
1865,2024-03-01,35
1865,2024-04-01,32
1865,2024-05-01,31
1865,2024-06-01,29
1865,2024-07-01,27
1865,2024-08-01,26
1865,2024-09-01,23
1865,2024-10-01,23
1865,2024-11-01,23
1865,2024-12-01,21
1865,2025-01-01,20
1865,2025-02-01,17
1865,2025-03-01,16
1865,2025-04-01,13
1865,2025-05-01,11
1865,2025-06-01,9
1865,2025-07-01,9
1865,2025-08-01,8
1865,2025-09-01,6
1865,2025-10-01,5
1865,2025-11-01,3
1865,2025-12-01,1
1866,2024-01-01,39
1866,2024-02-01,37
1866,2024-03-01,37
1866,2024-04-01,37
1866,2024-05-01,35
1866,2024-06-01,33
1866,2024-07-01,30
1866,2024-08-01,30
1866,2024-09-01,27
1866,2024-10-01,26
1866,2024-11-01,25
1866,2024-12-01,25
1866,2025-01-01,25
1866,2025-02-01,23
1866,2025-03-01,21
1866,2025-04-01,21
1866,2025-05-01,21
1866,2025-06-01,20
1866,2025-07-01,17
1866,2025-08-01,16
1866,2025-09-01,15
1866,2025-10-01,12
1866,2025-11-01,12
1866,2025-12-01,12
1867,2024-01-01,52
1867,2024-02-01,49
1867,2024-03-01,47
1867,2024-04-01,45
1867,2024-05-01,45
1867,2024-06-01,43
1867,2024-07-01,43
1867,2024-08-01,43
1867,2024-09-01,43
1867,2024-10-01,40
1867,2024-11-01,39
1867,2024-12-01,37
1867,2025-01-01,34
1867,2025-02-01,32
1867,2025-03-01,29
1867,2025-04-01,27
1867,2025-05-01,25
1867,2025-06-01,24
1867,2025-07-01,22
1867,2025-08-01,19
1867,2025-09-01,17
1867,2025-10-01,16
1867,2025-11-01,14
1867,2025-12-01,11
1868,2024-01-01,73
1868,2024-02-01,72
1868,2024-03-01,71
1868,2024-04-01,70
1868,2024-05-01,70
1868,2024-06-01,69
1868,2024-07-01,67
1868,2024-08-01,65
1868,2024-09-01,63
1868,2024-10-01,61
1868,2024-11-01,61
1868,2024-12-01,61
1868,2025-01-01,61
1868,2025-02-01,59
1868,2025-03-01,56
1868,2025-04-01,53
1868,2025-05-01,51
1868,2025-06-01,50
1868,2025-07-01,49
1868,2025-08-01,47
1868,2025-09-01,46
1868,2025-10-01,45
1868,2025-11-01,42
1868,2025-12-01,40
1869,2024-01-01,65
1869,2024-02-01,63
1869,2024-03-01,61
1869,2024-04-01,58
1869,2024-05-01,57
1869,2024-06-01,56
1869,2024-07-01,53
1869,2024-08-01,51
1869,2024-09-01,51
1869,2024-10-01,49
1869,2024-11-01,49
1869,2024-12-01,49
1869,2025-01-01,47
1869,2025-02-01,45
1869,2025-03-01,43
1869,2025-04-01,43
1869,2025-05-01,42
1869,2025-06-01,42
1869,2025-07-01,42
1869,2025-08-01,42
1869,2025-09-01,39
1869,2025-10-01,38
1869,2025-11-01,38
1869,2025-12-01,38
1870,2024-01-01,79
1870,2024-02-01,78
1870,2024-03-01,78
1870,2024-04-01,77
1870,2024-05-01,76
1870,2024-06-01,74
1870,2024-07-01,71
1870,2024-08-01,68
1870,2024-09-01,65
1870,2024-10-01,63
1870,2024-11-01,61
1870,2024-12-01,60
1870,2025-01-01,57
1870,2025-02-01,55
1870,2025-03-01,53
1870,2025-04-01,51
1870,2025-05-01,50
1870,2025-06-01,50
1870,2025-07-01,48
1870,2025-08-01,46
1870,2025-09-01,44
1870,2025-10-01,41
1870,2025-11-01,38
1870,2025-12-01,36
1871,2024-01-01,61
1871,2024-02-01,58
1871,2024-03-01,58
1871,2024-04-01,56
1871,2024-05-01,53
1871,2024-06-01,53
1871,2024-07-01,51
1871,2024-08-01,48
1871,2024-09-01,46
1871,2024-10-01,43
1871,2024-11-01,43
1871,2024-12-01,43
1871,2025-01-01,40
1871,2025-02-01,39
1871,2025-03-01,37
1871,2025-04-01,37
1871,2025-05-01,36
1871,2025-06-01,33
1871,2025-07-01,33
1871,2025-08-01,33
1871,2025-09-01,31
1871,2025-10-01,30
1871,2025-11-01,28
1871,2025-12-01,25
1872,2024-01-01,35
1872,2024-02-01,33
1872,2024-03-01,32
1872,2024-04-01,29
1872,2024-05-01,29
1872,2024-06-01,28
1872,2024-07-01,25
1872,2024-08-01,22
1872,2024-09-01,22
1872,2024-10-01,20
1872,2024-11-01,20
1872,2024-12-01,20
1872,2025-01-01,19
1872,2025-02-01,18
1872,2025-03-01,16
1872,2025-04-01,13
1872,2025-05-01,12
1872,2025-06-01,10
1872,2025-07-01,10
1872,2025-08-01,7
1872,2025-09-01,7
1872,2025-10-01,4
1872,2025-11-01,3
1872,2025-12-01,3
1873,2024-01-01,25
1873,2024-02-01,23
1873,2024-03-01,20
1873,2024-04-01,19
1873,2024-05-01,17
1873,2024-06-01,17
1873,2024-07-01,17
1873,2024-08-01,17
1873,2024-09-01,16
1873,2024-10-01,16
1873,2024-11-01,16
1873,2024-12-01,14
1873,2025-01-01,13
1873,2025-02-01,13
1873,2025-03-01,11
1873,2025-04-01,11
1873,2025-05-01,9
1873,2025-06-01,9
1873,2025-07-01,8
1873,2025-08-01,5
1873,2025-09-01,4
1873,2025-10-01,2
1873,2025-11-01,2
1873,2025-12-01,1
1874,2024-01-01,71
1874,2024-02-01,69
1874,2024-03-01,66
1874,2024-04-01,65
1874,2024-05-01,65
1874,2024-06-01,65
1874,2024-07-01,65
1874,2024-08-01,63
1874,2024-09-01,61
1874,2024-10-01,58
1874,2024-11-01,58
1874,2024-12-01,55
1874,2025-01-01,55
1874,2025-02-01,54
1874,2025-03-01,53
1874,2025-04-01,52
1874,2025-05-01,52
1874,2025-06-01,51
1874,2025-07-01,51
1874,2025-08-01,48
1874,2025-09-01,46
1874,2025-10-01,45
1874,2025-11-01,45
1874,2025-12-01,45
1875,2024-01-01,28
1875,2024-02-01,26
1875,2024-03-01,23
1875,2024-04-01,21
1875,2024-05-01,19
1875,2024-06-01,16
1875,2024-07-01,14
1875,2024-08-01,13
1875,2024-09-01,11
1875,2024-10-01,11
1875,2024-11-01,11
1875,2024-12-01,11
1875,2025-01-01,8
1875,2025-02-01,8
1875,2025-03-01,5
1875,2025-04-01,5
1875,2025-05-01,3
1875,2025-06-01,1
1875,2025-07-01,1
1875,2025-08-01,1
1875,2025-09-01,1
1875,2025-10-01,1
1875,2025-11-01,1
1875,2025-12-01,1
1876,2024-01-01,68
1876,2024-02-01,67
1876,2024-03-01,66
1876,2024-04-01,65
1876,2024-05-01,64
1876,2024-06-01,61
1876,2024-07-01,60
1876,2024-08-01,60
1876,2024-09-01,59
1876,2024-10-01,59
1876,2024-11-01,59
1876,2024-12-01,57
1876,2025-01-01,55
1876,2025-02-01,53
1876,2025-03-01,52
1876,2025-04-01,49
1876,2025-05-01,49
1876,2025-06-01,46
1876,2025-07-01,43
1876,2025-08-01,42
1876,2025-09-01,39
1876,2025-10-01,36
1876,2025-11-01,34
1876,2025-12-01,32
1877,2024-01-01,32
1877,2024-02-01,30
1877,2024-03-01,29
1877,2024-04-01,28
1877,2024-05-01,28
1877,2024-06-01,26
1877,2024-07-01,25
1877,2024-08-01,22
1877,2024-09-01,22
1877,2024-10-01,22
1877,2024-11-01,19
1877,2024-12-01,16
1877,2025-01-01,16
1877,2025-02-01,13
1877,2025-03-01,12
1877,2025-04-01,12
1877,2025-05-01,11
1877,2025-06-01,11
1877,2025-07-01,10
1877,2025-08-01,8
1877,2025-09-01,7
1877,2025-10-01,4
1877,2025-11-01,2
1877,2025-12-01,2
1878,2024-01-01,49
1878,2024-02-01,47
1878,2024-03-01,44
1878,2024-04-01,41
1878,2024-05-01,38
1878,2024-06-01,38
1878,2024-07-01,35
1878,2024-08-01,32
1878,2024-09-01,32
1878,2024-10-01,32
1878,2024-11-01,30
1878,2024-12-01,27
1878,2025-01-01,25
1878,2025-02-01,24
1878,2025-03-01,23
1878,2025-04-01,22
1878,2025-05-01,21
1878,2025-06-01,21
1878,2025-07-01,19
1878,2025-08-01,17
1878,2025-09-01,17
1878,2025-10-01,16
1878,2025-11-01,14
1878,2025-12-01,11
1879,2024-01-01,48
1879,2024-02-01,45
1879,2024-03-01,44
1879,2024-04-01,43
1879,2024-05-01,41
1879,2024-06-01,38
1879,2024-07-01,36
1879,2024-08-01,35
1879,2024-09-01,33
1879,2024-10-01,30
1879,2024-11-01,27
1879,2024-12-01,24
1879,2025-01-01,23
1879,2025-02-01,23
1879,2025-03-01,23
1879,2025-04-01,23
1879,2025-05-01,21
1879,2025-06-01,18
1879,2025-07-01,17
1879,2025-08-01,17
1879,2025-09-01,17
1879,2025-10-01,15
1879,2025-11-01,13
1879,2025-12-01,13
1880,2024-01-01,28
1880,2024-02-01,26
1880,2024-03-01,24
1880,2024-04-01,21
1880,2024-05-01,19
1880,2024-06-01,17
1880,2024-07-01,14
1880,2024-08-01,11
1880,2024-09-01,10
1880,2024-10-01,8
1880,2024-11-01,6
1880,2024-12-01,5
1880,2025-01-01,3
1880,2025-02-01,1
1880,2025-03-01,1
1880,2025-04-01,1
1880,2025-05-01,1
1880,2025-06-01,1
1880,2025-07-01,1
1880,2025-08-01,1
1880,2025-09-01,1
1880,2025-10-01,1
1880,2025-11-01,1
1880,2025-12-01,1
1881,2024-01-01,39
1881,2024-02-01,39
1881,2024-03-01,37
1881,2024-04-01,36
1881,2024-05-01,36
1881,2024-06-01,35
1881,2024-07-01,32
1881,2024-08-01,30
1881,2024-09-01,30
1881,2024-10-01,28
1881,2024-11-01,28
1881,2024-12-01,28
1881,2025-01-01,28
1881,2025-02-01,26
1881,2025-03-01,26
1881,2025-04-01,26
1881,2025-05-01,24
1881,2025-06-01,23
1881,2025-07-01,20
1881,2025-08-01,18
1881,2025-09-01,16
1881,2025-10-01,16
1881,2025-11-01,14
1881,2025-12-01,12
1882,2024-01-01,29
1882,2024-02-01,29
1882,2024-03-01,26
1882,2024-04-01,24
1882,2024-05-01,24
1882,2024-06-01,21
1882,2024-07-01,19
1882,2024-08-01,19
1882,2024-09-01,16
1882,2024-10-01,16
1882,2024-11-01,13
1882,2024-12-01,11
1882,2025-01-01,10
1882,2025-02-01,7
1882,2025-03-01,5
1882,2025-04-01,2
1882,2025-05-01,1
1882,2025-06-01,1
1882,2025-07-01,1
1882,2025-08-01,1
1882,2025-09-01,1
1882,2025-10-01,1
1882,2025-11-01,1
1882,2025-12-01,1
1883,2024-01-01,22
1883,2024-02-01,19
1883,2024-03-01,19
1883,2024-04-01,18
1883,2024-05-01,18
1883,2024-06-01,18
1883,2024-07-01,15
1883,2024-08-01,13
1883,2024-09-01,10
1883,2024-10-01,10
1883,2024-11-01,9
1883,2024-12-01,7
1883,2025-01-01,5
1883,2025-02-01,4
1883,2025-03-01,3
1883,2025-04-01,1
1883,2025-05-01,1
1883,2025-06-01,1
1883,2025-07-01,1
1883,2025-08-01,1
1883,2025-09-01,1
1883,2025-10-01,1
1883,2025-11-01,1
1883,2025-12-01,1
1884,2024-01-01,68
1884,2024-02-01,67
1884,2024-03-01,64
1884,2024-04-01,61
1884,2024-05-01,60
1884,2024-06-01,57
1884,2024-07-01,54
1884,2024-08-01,53
1884,2024-09-01,52
1884,2024-10-01,52
1884,2024-11-01,49
1884,2024-12-01,46
1884,2025-01-01,45
1884,2025-02-01,43
1884,2025-03-01,42
1884,2025-04-01,42
1884,2025-05-01,40
1884,2025-06-01,38
1884,2025-07-01,36
1884,2025-08-01,36
1884,2025-09-01,33
1884,2025-10-01,32
1884,2025-11-01,32
1884,2025-12-01,32
1885,2024-01-01,66
1885,2024-02-01,63
1885,2024-03-01,61
1885,2024-04-01,61
1885,2024-05-01,59
1885,2024-06-01,58
1885,2024-07-01,57
1885,2024-08-01,56
1885,2024-09-01,54
1885,2024-10-01,52
1885,2024-11-01,49
1885,2024-12-01,48
1885,2025-01-01,45
1885,2025-02-01,45
1885,2025-03-01,45
1885,2025-04-01,44
1885,2025-05-01,41
1885,2025-06-01,39
1885,2025-07-01,36
1885,2025-08-01,36
1885,2025-09-01,33
1885,2025-10-01,33
1885,2025-11-01,33
1885,2025-12-01,30
1886,2024-01-01,38
1886,2024-02-01,35
1886,2024-03-01,35
1886,2024-04-01,34
1886,2024-05-01,32
1886,2024-06-01,31
1886,2024-07-01,31
1886,2024-08-01,29
1886,2024-09-01,26
1886,2024-10-01,23
1886,2024-11-01,21
1886,2024-12-01,20
1886,2025-01-01,19
1886,2025-02-01,17
1886,2025-03-01,14
1886,2025-04-01,12
1886,2025-05-01,11
1886,2025-06-01,11
1886,2025-07-01,8
1886,2025-08-01,6
1886,2025-09-01,6
1886,2025-10-01,5
1886,2025-11-01,2
1886,2025-12-01,1
1887,2024-01-01,47
1887,2024-02-01,45
1887,2024-03-01,42
1887,2024-04-01,41
1887,2024-05-01,40
1887,2024-06-01,40
1887,2024-07-01,39
1887,2024-08-01,38
1887,2024-09-01,35
1887,2024-10-01,35
1887,2024-11-01,32
1887,2024-12-01,31
1887,2025-01-01,31
1887,2025-02-01,28
1887,2025-03-01,28
1887,2025-04-01,27
1887,2025-05-01,27
1887,2025-06-01,27
1887,2025-07-01,27
1887,2025-08-01,26
1887,2025-09-01,25
1887,2025-10-01,25
1887,2025-11-01,22
1887,2025-12-01,19
1888,2024-01-01,63
1888,2024-02-01,60
1888,2024-03-01,60
1888,2024-04-01,58
1888,2024-05-01,57
1888,2024-06-01,54
1888,2024-07-01,52
1888,2024-08-01,51
1888,2024-09-01,50
1888,2024-10-01,50
1888,2024-11-01,47
1888,2024-12-01,45
1888,2025-01-01,45
1888,2025-02-01,42
1888,2025-03-01,40
1888,2025-04-01,39
1888,2025-05-01,38
1888,2025-06-01,35
1888,2025-07-01,35
1888,2025-08-01,33
1888,2025-09-01,31
1888,2025-10-01,30
1888,2025-11-01,27
1888,2025-12-01,27
1889,2024-01-01,68
1889,2024-02-01,68
1889,2024-03-01,66
1889,2024-04-01,64
1889,2024-05-01,61
1889,2024-06-01,60
1889,2024-07-01,57
1889,2024-08-01,55
1889,2024-09-01,55
1889,2024-10-01,53
1889,2024-11-01,51
1889,2024-12-01,50
1889,2025-01-01,48
1889,2025-02-01,45
1889,2025-03-01,45
1889,2025-04-01,44
1889,2025-05-01,44
1889,2025-06-01,41
1889,2025-07-01,38
1889,2025-08-01,36
1889,2025-09-01,33
1889,2025-10-01,31
1889,2025-11-01,30
1889,2025-12-01,30
1890,2024-01-01,68
1890,2024-02-01,67
1890,2024-03-01,64
1890,2024-04-01,62
1890,2024-05-01,59
1890,2024-06-01,57
1890,2024-07-01,54
1890,2024-08-01,52
1890,2024-09-01,52
1890,2024-10-01,52
1890,2024-11-01,52
1890,2024-12-01,50
1890,2025-01-01,47
1890,2025-02-01,46
1890,2025-03-01,45
1890,2025-04-01,44
1890,2025-05-01,44
1890,2025-06-01,44
1890,2025-07-01,44
1890,2025-08-01,41
1890,2025-09-01,41
1890,2025-10-01,38
1890,2025-11-01,35
1890,2025-12-01,32
1891,2024-01-01,37
1891,2024-02-01,34
1891,2024-03-01,33
1891,2024-04-01,30
1891,2024-05-01,27
1891,2024-06-01,27
1891,2024-07-01,26
1891,2024-08-01,23
1891,2024-09-01,22
1891,2024-10-01,22
1891,2024-11-01,19
1891,2024-12-01,19
1891,2025-01-01,16
1891,2025-02-01,16
1891,2025-03-01,16
1891,2025-04-01,14
1891,2025-05-01,11
1891,2025-06-01,8
1891,2025-07-01,5
1891,2025-08-01,4
1891,2025-09-01,2
1891,2025-10-01,1
1891,2025-11-01,1
1891,2025-12-01,1
1892,2024-01-01,54
1892,2024-02-01,54
1892,2024-03-01,51
1892,2024-04-01,48
1892,2024-05-01,48
1892,2024-06-01,46
1892,2024-07-01,45
1892,2024-08-01,43
1892,2024-09-01,43
1892,2024-10-01,43
1892,2024-11-01,42
1892,2024-12-01,41
1892,2025-01-01,40
1892,2025-02-01,40
1892,2025-03-01,37
1892,2025-04-01,35
1892,2025-05-01,34
1892,2025-06-01,34
1892,2025-07-01,32
1892,2025-08-01,31
1892,2025-09-01,28
1892,2025-10-01,26
1892,2025-11-01,24
1892,2025-12-01,24
1893,2024-01-01,68
1893,2024-02-01,65
1893,2024-03-01,63
1893,2024-04-01,62
1893,2024-05-01,59
1893,2024-06-01,58
1893,2024-07-01,57
1893,2024-08-01,57
1893,2024-09-01,56
1893,2024-10-01,55
1893,2024-11-01,52
1893,2024-12-01,52
1893,2025-01-01,51
1893,2025-02-01,50
1893,2025-03-01,49
1893,2025-04-01,47
1893,2025-05-01,45
1893,2025-06-01,45
1893,2025-07-01,42
1893,2025-08-01,42
1893,2025-09-01,40
1893,2025-10-01,40
1893,2025-11-01,37
1893,2025-12-01,37
1894,2024-01-01,38
1894,2024-02-01,35
1894,2024-03-01,32
1894,2024-04-01,32
1894,2024-05-01,32
1894,2024-06-01,31
1894,2024-07-01,28
1894,2024-08-01,27
1894,2024-09-01,24
1894,2024-10-01,22
1894,2024-11-01,22
1894,2024-12-01,21
1894,2025-01-01,21
1894,2025-02-01,21
1894,2025-03-01,19
1894,2025-04-01,17
1894,2025-05-01,14
1894,2025-06-01,12
1894,2025-07-01,9
1894,2025-08-01,7
1894,2025-09-01,5
1894,2025-10-01,4
1894,2025-11-01,2
1894,2025-12-01,1
1895,2024-01-01,21
1895,2024-02-01,21
1895,2024-03-01,18
1895,2024-04-01,16
1895,2024-05-01,15
1895,2024-06-01,13
1895,2024-07-01,12
1895,2024-08-01,11
1895,2024-09-01,9
1895,2024-10-01,6
1895,2024-11-01,5
1895,2024-12-01,5
1895,2025-01-01,3
1895,2025-02-01,3
1895,2025-03-01,2
1895,2025-04-01,1
1895,2025-05-01,1
1895,2025-06-01,1
1895,2025-07-01,1
1895,2025-08-01,1
1895,2025-09-01,1
1895,2025-10-01,1
1895,2025-11-01,1
1895,2025-12-01,1
1896,2024-01-01,39
1896,2024-02-01,36
1896,2024-03-01,33
1896,2024-04-01,31
1896,2024-05-01,30
1896,2024-06-01,29
1896,2024-07-01,29
1896,2024-08-01,27
1896,2024-09-01,25
1896,2024-10-01,23
1896,2024-11-01,20
1896,2024-12-01,18
1896,2025-01-01,17
1896,2025-02-01,17
1896,2025-03-01,16
1896,2025-04-01,14
1896,2025-05-01,14
1896,2025-06-01,14
1896,2025-07-01,12
1896,2025-08-01,10
1896,2025-09-01,9
1896,2025-10-01,8
1896,2025-11-01,5
1896,2025-12-01,2
1897,2024-01-01,69
1897,2024-02-01,67
1897,2024-03-01,64
1897,2024-04-01,61
1897,2024-05-01,60
1897,2024-06-01,57
1897,2024-07-01,54
1897,2024-08-01,54
1897,2024-09-01,51
1897,2024-10-01,51
1897,2024-11-01,48
1897,2024-12-01,48
1897,2025-01-01,45
1897,2025-02-01,44
1897,2025-03-01,42
1897,2025-04-01,42
1897,2025-05-01,40
1897,2025-06-01,39
1897,2025-07-01,36
1897,2025-08-01,33
1897,2025-09-01,32
1897,2025-10-01,30
1897,2025-11-01,28
1897,2025-12-01,26
1898,2024-01-01,38
1898,2024-02-01,36
1898,2024-03-01,36
1898,2024-04-01,35
1898,2024-05-01,32
1898,2024-06-01,32
1898,2024-07-01,30
1898,2024-08-01,27
1898,2024-09-01,27
1898,2024-10-01,24
1898,2024-11-01,23
1898,2024-12-01,21
1898,2025-01-01,20
1898,2025-02-01,17
1898,2025-03-01,16
1898,2025-04-01,14
1898,2025-05-01,14
1898,2025-06-01,13
1898,2025-07-01,11
1898,2025-08-01,8
1898,2025-09-01,7
1898,2025-10-01,7
1898,2025-11-01,6
1898,2025-12-01,3
1899,2024-01-01,72
1899,2024-02-01,71
1899,2024-03-01,70
1899,2024-04-01,69
1899,2024-05-01,69
1899,2024-06-01,67
1899,2024-07-01,66
1899,2024-08-01,66
1899,2024-09-01,63
1899,2024-10-01,62
1899,2024-11-01,61
1899,2024-12-01,60
1899,2025-01-01,60
1899,2025-02-01,59
1899,2025-03-01,58
1899,2025-04-01,56
1899,2025-05-01,56
1899,2025-06-01,54
1899,2025-07-01,52
1899,2025-08-01,50
1899,2025-09-01,48
1899,2025-10-01,45
1899,2025-11-01,44
1899,2025-12-01,42
1900,2024-01-01,35
1900,2024-02-01,33
1900,2024-03-01,31
1900,2024-04-01,31
1900,2024-05-01,28
1900,2024-06-01,28
1900,2024-07-01,25
1900,2024-08-01,22
1900,2024-09-01,19
1900,2024-10-01,17
1900,2024-11-01,15
1900,2024-12-01,12
1900,2025-01-01,9
1900,2025-02-01,7
1900,2025-03-01,4
1900,2025-04-01,2
1900,2025-05-01,1
1900,2025-06-01,1
1900,2025-07-01,1
1900,2025-08-01,1
1900,2025-09-01,1
1900,2025-10-01,1
1900,2025-11-01,1
1900,2025-12-01,1
1901,2024-01-01,37
1901,2024-02-01,34
1901,2024-03-01,33
1901,2024-04-01,30
1901,2024-05-01,27
1901,2024-06-01,25
1901,2024-07-01,24
1901,2024-08-01,22
1901,2024-09-01,20
1901,2024-10-01,19
1901,2024-11-01,18
1901,2024-12-01,16
1901,2025-01-01,13
1901,2025-02-01,10
1901,2025-03-01,10
1901,2025-04-01,7
1901,2025-05-01,6
1901,2025-06-01,5
1901,2025-07-01,5
1901,2025-08-01,4
1901,2025-09-01,2
1901,2025-10-01,2
1901,2025-11-01,2
1901,2025-12-01,1
1902,2024-01-01,77
1902,2024-02-01,75
1902,2024-03-01,72
1902,2024-04-01,69
1902,2024-05-01,67
1902,2024-06-01,64
1902,2024-07-01,64
1902,2024-08-01,62
1902,2024-09-01,59
1902,2024-10-01,58
1902,2024-11-01,57
1902,2024-12-01,55
1902,2025-01-01,54
1902,2025-02-01,53
1902,2025-03-01,53
1902,2025-04-01,51
1902,2025-05-01,50
1902,2025-06-01,47
1902,2025-07-01,45
1902,2025-08-01,43
1902,2025-09-01,42
1902,2025-10-01,41
1902,2025-11-01,41
1902,2025-12-01,38
1903,2024-01-01,48
1903,2024-02-01,45
1903,2024-03-01,44
1903,2024-04-01,44
1903,2024-05-01,42
1903,2024-06-01,42
1903,2024-07-01,39
1903,2024-08-01,39
1903,2024-09-01,39
1903,2024-10-01,37
1903,2024-11-01,34
1903,2024-12-01,32
1903,2025-01-01,31
1903,2025-02-01,28
1903,2025-03-01,28
1903,2025-04-01,26
1903,2025-05-01,24
1903,2025-06-01,21
1903,2025-07-01,19
1903,2025-08-01,16
1903,2025-09-01,15
1903,2025-10-01,12
1903,2025-11-01,9
1903,2025-12-01,8
1904,2024-01-01,49
1904,2024-02-01,47
1904,2024-03-01,46
1904,2024-04-01,45
1904,2024-05-01,43
1904,2024-06-01,41
1904,2024-07-01,41
1904,2024-08-01,41
1904,2024-09-01,38
1904,2024-10-01,38
1904,2024-11-01,37
1904,2024-12-01,36
1904,2025-01-01,34
1904,2025-02-01,34
1904,2025-03-01,31
1904,2025-04-01,28
1904,2025-05-01,25
1904,2025-06-01,22
1904,2025-07-01,20
1904,2025-08-01,20
1904,2025-09-01,20
1904,2025-10-01,20
1904,2025-11-01,20
1904,2025-12-01,17
1905,2024-01-01,73
1905,2024-02-01,71
1905,2024-03-01,68
1905,2024-04-01,67
1905,2024-05-01,67
1905,2024-06-01,65
1905,2024-07-01,62
1905,2024-08-01,62
1905,2024-09-01,62
1905,2024-10-01,59
1905,2024-11-01,58
1905,2024-12-01,57
1905,2025-01-01,55
1905,2025-02-01,52
1905,2025-03-01,50
1905,2025-04-01,49
1905,2025-05-01,47
1905,2025-06-01,45
1905,2025-07-01,44
1905,2025-08-01,44
1905,2025-09-01,44
1905,2025-10-01,43
1905,2025-11-01,43
1905,2025-12-01,40
1906,2024-01-01,67
1906,2024-02-01,64
1906,2024-03-01,62
1906,2024-04-01,61
1906,2024-05-01,60
1906,2024-06-01,60
1906,2024-07-01,57
1906,2024-08-01,56
1906,2024-09-01,53
1906,2024-10-01,50
1906,2024-11-01,50
1906,2024-12-01,49
1906,2025-01-01,46
1906,2025-02-01,43
1906,2025-03-01,41
1906,2025-04-01,41
1906,2025-05-01,40
1906,2025-06-01,37
1906,2025-07-01,37
1906,2025-08-01,36
1906,2025-09-01,33
1906,2025-10-01,32
1906,2025-11-01,31
1906,2025-12-01,31
1907,2024-01-01,26
1907,2024-02-01,24
1907,2024-03-01,22
1907,2024-04-01,19
1907,2024-05-01,17
1907,2024-06-01,16
1907,2024-07-01,16
1907,2024-08-01,15
1907,2024-09-01,15
1907,2024-10-01,15
1907,2024-11-01,14
1907,2024-12-01,13
1907,2025-01-01,10
1907,2025-02-01,10
1907,2025-03-01,8
1907,2025-04-01,5
1907,2025-05-01,3
1907,2025-06-01,1
1907,2025-07-01,1
1907,2025-08-01,1
1907,2025-09-01,1
1907,2025-10-01,1
1907,2025-11-01,1
1907,2025-12-01,1
1908,2024-01-01,36
1908,2024-02-01,33
1908,2024-03-01,32
1908,2024-04-01,29
1908,2024-05-01,27
1908,2024-06-01,27
1908,2024-07-01,26
1908,2024-08-01,24
1908,2024-09-01,24
1908,2024-10-01,22
1908,2024-11-01,19
1908,2024-12-01,16
1908,2025-01-01,15
1908,2025-02-01,13
1908,2025-03-01,11
1908,2025-04-01,8
1908,2025-05-01,5
1908,2025-06-01,4
1908,2025-07-01,4
1908,2025-08-01,3
1908,2025-09-01,1
1908,2025-10-01,1
1908,2025-11-01,1
1908,2025-12-01,1
1909,2024-01-01,75
1909,2024-02-01,75
1909,2024-03-01,72
1909,2024-04-01,69
1909,2024-05-01,69
1909,2024-06-01,68
1909,2024-07-01,67
1909,2024-08-01,66
1909,2024-09-01,65
1909,2024-10-01,63
1909,2024-11-01,61
1909,2024-12-01,61
1909,2025-01-01,59
1909,2025-02-01,57
1909,2025-03-01,55
1909,2025-04-01,55
1909,2025-05-01,53
1909,2025-06-01,52
1909,2025-07-01,51
1909,2025-08-01,51
1909,2025-09-01,51
1909,2025-10-01,51
1909,2025-11-01,48
1909,2025-12-01,46
1910,2024-01-01,60
1910,2024-02-01,60
1910,2024-03-01,59
1910,2024-04-01,59
1910,2024-05-01,58
1910,2024-06-01,57
1910,2024-07-01,54
1910,2024-08-01,54
1910,2024-09-01,51
1910,2024-10-01,51
1910,2024-11-01,49
1910,2024-12-01,49
1910,2025-01-01,49
1910,2025-02-01,49
1910,2025-03-01,49
1910,2025-04-01,49
1910,2025-05-01,49
1910,2025-06-01,46
1910,2025-07-01,44
1910,2025-08-01,41
1910,2025-09-01,39
1910,2025-10-01,36
1910,2025-11-01,33
1910,2025-12-01,33
1911,2024-01-01,65
1911,2024-02-01,64
1911,2024-03-01,62
1911,2024-04-01,59
1911,2024-05-01,58
1911,2024-06-01,58
1911,2024-07-01,57
1911,2024-08-01,57
1911,2024-09-01,55
1911,2024-10-01,54
1911,2024-11-01,53
1911,2024-12-01,52
1911,2025-01-01,52
1911,2025-02-01,52
1911,2025-03-01,50
1911,2025-04-01,48
1911,2025-05-01,45
1911,2025-06-01,45
1911,2025-07-01,43
1911,2025-08-01,42
1911,2025-09-01,41
1911,2025-10-01,40
1911,2025-11-01,38
1911,2025-12-01,37
1912,2024-01-01,41
1912,2024-02-01,41
1912,2024-03-01,39
1912,2024-04-01,39
1912,2024-05-01,36
1912,2024-06-01,34
1912,2024-07-01,31
1912,2024-08-01,28
1912,2024-09-01,26
1912,2024-10-01,26
1912,2024-11-01,26
1912,2024-12-01,24
1912,2025-01-01,21
1912,2025-02-01,19
1912,2025-03-01,17
1912,2025-04-01,16
1912,2025-05-01,15
1912,2025-06-01,12
1912,2025-07-01,12
1912,2025-08-01,11
1912,2025-09-01,10
1912,2025-10-01,7
1912,2025-11-01,5
1912,2025-12-01,4
1913,2024-01-01,29
1913,2024-02-01,28
1913,2024-03-01,25
1913,2024-04-01,24
1913,2024-05-01,23
1913,2024-06-01,20
1913,2024-07-01,20
1913,2024-08-01,20
1913,2024-09-01,18
1913,2024-10-01,17
1913,2024-11-01,15
1913,2024-12-01,12
1913,2025-01-01,10
1913,2025-02-01,7
1913,2025-03-01,7
1913,2025-04-01,4
1913,2025-05-01,1
1913,2025-06-01,1
1913,2025-07-01,1
1913,2025-08-01,1
1913,2025-09-01,1
1913,2025-10-01,1
1913,2025-11-01,1
1913,2025-12-01,1
1914,2024-01-01,67
1914,2024-02-01,64
1914,2024-03-01,63
1914,2024-04-01,63
1914,2024-05-01,62
1914,2024-06-01,59
1914,2024-07-01,59
1914,2024-08-01,58
1914,2024-09-01,55
1914,2024-10-01,52
1914,2024-11-01,51
1914,2024-12-01,48
1914,2025-01-01,46
1914,2025-02-01,44
1914,2025-03-01,44
1914,2025-04-01,42
1914,2025-05-01,40
1914,2025-06-01,39
1914,2025-07-01,39
1914,2025-08-01,38
1914,2025-09-01,37
1914,2025-10-01,35
1914,2025-11-01,33
1914,2025-12-01,30
1915,2024-01-01,43
1915,2024-02-01,41
1915,2024-03-01,38
1915,2024-04-01,37
1915,2024-05-01,35
1915,2024-06-01,35
1915,2024-07-01,35
1915,2024-08-01,34
1915,2024-09-01,31
1915,2024-10-01,30
1915,2024-11-01,27
1915,2024-12-01,25
1915,2025-01-01,25
1915,2025-02-01,22
1915,2025-03-01,21
1915,2025-04-01,19
1915,2025-05-01,16
1915,2025-06-01,14
1915,2025-07-01,12
1915,2025-08-01,11
1915,2025-09-01,10
1915,2025-10-01,8
1915,2025-11-01,6
1915,2025-12-01,3
1916,2024-01-01,54
1916,2024-02-01,54
1916,2024-03-01,51
1916,2024-04-01,49
1916,2024-05-01,49
1916,2024-06-01,46
1916,2024-07-01,46
1916,2024-08-01,45
1916,2024-09-01,42
1916,2024-10-01,39
1916,2024-11-01,38
1916,2024-12-01,35
1916,2025-01-01,35
1916,2025-02-01,34
1916,2025-03-01,34
1916,2025-04-01,31
1916,2025-05-01,28
1916,2025-06-01,25
1916,2025-07-01,22
1916,2025-08-01,22
1916,2025-09-01,19
1916,2025-10-01,18
1916,2025-11-01,17
1916,2025-12-01,15
1917,2024-01-01,61
1917,2024-02-01,60
1917,2024-03-01,57
1917,2024-04-01,56
1917,2024-05-01,53
1917,2024-06-01,50
1917,2024-07-01,49
1917,2024-08-01,49
1917,2024-09-01,46
1917,2024-10-01,45
1917,2024-11-01,45
1917,2024-12-01,44
1917,2025-01-01,43
1917,2025-02-01,43
1917,2025-03-01,42
1917,2025-04-01,39
1917,2025-05-01,37
1917,2025-06-01,35
1917,2025-07-01,34
1917,2025-08-01,32
1917,2025-09-01,30
1917,2025-10-01,28
1917,2025-11-01,25
1917,2025-12-01,22
1918,2024-01-01,78
1918,2024-02-01,78
1918,2024-03-01,78
1918,2024-04-01,75
1918,2024-05-01,72
1918,2024-06-01,69
1918,2024-07-01,66
1918,2024-08-01,64
1918,2024-09-01,61
1918,2024-10-01,59
1918,2024-11-01,59
1918,2024-12-01,57
1918,2025-01-01,57
1918,2025-02-01,54
1918,2025-03-01,54
1918,2025-04-01,54
1918,2025-05-01,52
1918,2025-06-01,52
1918,2025-07-01,51
1918,2025-08-01,51
1918,2025-09-01,48
1918,2025-10-01,48
1918,2025-11-01,47
1918,2025-12-01,45
1919,2024-01-01,66
1919,2024-02-01,63
1919,2024-03-01,61
1919,2024-04-01,58
1919,2024-05-01,57
1919,2024-06-01,57
1919,2024-07-01,56
1919,2024-08-01,54
1919,2024-09-01,54
1919,2024-10-01,53
1919,2024-11-01,51
1919,2024-12-01,49
1919,2025-01-01,49
1919,2025-02-01,49
1919,2025-03-01,46
1919,2025-04-01,43
1919,2025-05-01,43
1919,2025-06-01,40
1919,2025-07-01,40
1919,2025-08-01,37
1919,2025-09-01,36
1919,2025-10-01,34
1919,2025-11-01,34
1919,2025-12-01,34
1920,2024-01-01,43
1920,2024-02-01,41
1920,2024-03-01,38
1920,2024-04-01,35
1920,2024-05-01,33
1920,2024-06-01,30
1920,2024-07-01,30
1920,2024-08-01,28
1920,2024-09-01,27
1920,2024-10-01,25
1920,2024-11-01,25
1920,2024-12-01,23
1920,2025-01-01,22
1920,2025-02-01,21
1920,2025-03-01,19
1920,2025-04-01,17
1920,2025-05-01,14
1920,2025-06-01,11
1920,2025-07-01,11
1920,2025-08-01,8
1920,2025-09-01,8
1920,2025-10-01,8
1920,2025-11-01,6
1920,2025-12-01,3
1921,2024-01-01,40
1921,2024-02-01,38
1921,2024-03-01,37
1921,2024-04-01,36
1921,2024-05-01,34
1921,2024-06-01,33
1921,2024-07-01,31
1921,2024-08-01,31
1921,2024-09-01,28
1921,2024-10-01,27
1921,2024-11-01,25
1921,2024-12-01,24
1921,2025-01-01,21
1921,2025-02-01,20
1921,2025-03-01,20
1921,2025-04-01,18
1921,2025-05-01,15
1921,2025-06-01,15
1921,2025-07-01,14
1921,2025-08-01,13
1921,2025-09-01,12
1921,2025-10-01,9
1921,2025-11-01,7
1921,2025-12-01,4
1922,2024-01-01,22
1922,2024-02-01,19
1922,2024-03-01,18
1922,2024-04-01,18
1922,2024-05-01,17
1922,2024-06-01,14
1922,2024-07-01,14
1922,2024-08-01,12
1922,2024-09-01,10
1922,2024-10-01,7
1922,2024-11-01,4
1922,2024-12-01,2
1922,2025-01-01,1
1922,2025-02-01,1
1922,2025-03-01,1
1922,2025-04-01,1
1922,2025-05-01,1
1922,2025-06-01,1
1922,2025-07-01,1
1922,2025-08-01,1
1922,2025-09-01,1
1922,2025-10-01,1
1922,2025-11-01,1
1922,2025-12-01,1
1923,2024-01-01,33
1923,2024-02-01,31
1923,2024-03-01,28
1923,2024-04-01,26
1923,2024-05-01,23
1923,2024-06-01,21
1923,2024-07-01,20
1923,2024-08-01,17
1923,2024-09-01,16
1923,2024-10-01,13
1923,2024-11-01,10
1923,2024-12-01,7
1923,2025-01-01,7
1923,2025-02-01,4
1923,2025-03-01,2
1923,2025-04-01,2
1923,2025-05-01,1
1923,2025-06-01,1
1923,2025-07-01,1
1923,2025-08-01,1
1923,2025-09-01,1
1923,2025-10-01,1
1923,2025-11-01,1
1923,2025-12-01,1
1924,2024-01-01,72
1924,2024-02-01,70
1924,2024-03-01,67
1924,2024-04-01,65
1924,2024-05-01,64
1924,2024-06-01,62
1924,2024-07-01,61
1924,2024-08-01,59
1924,2024-09-01,58
1924,2024-10-01,56
1924,2024-11-01,53
1924,2024-12-01,50
1924,2025-01-01,49
1924,2025-02-01,46
1924,2025-03-01,43
1924,2025-04-01,43
1924,2025-05-01,41
1924,2025-06-01,39
1924,2025-07-01,36
1924,2025-08-01,33
1924,2025-09-01,32
1924,2025-10-01,30
1924,2025-11-01,30
1924,2025-12-01,30
1925,2024-01-01,62
1925,2024-02-01,61
1925,2024-03-01,59
1925,2024-04-01,56
1925,2024-05-01,53
1925,2024-06-01,52
1925,2024-07-01,52
1925,2024-08-01,52
1925,2024-09-01,50
1925,2024-10-01,47
1925,2024-11-01,44
1925,2024-12-01,44
1925,2025-01-01,41
1925,2025-02-01,38
1925,2025-03-01,37
1925,2025-04-01,35
1925,2025-05-01,33
1925,2025-06-01,31
1925,2025-07-01,30
1925,2025-08-01,28
1925,2025-09-01,26
1925,2025-10-01,26
1925,2025-11-01,26
1925,2025-12-01,24
1926,2024-01-01,32
1926,2024-02-01,31
1926,2024-03-01,28
1926,2024-04-01,25
1926,2024-05-01,24
1926,2024-06-01,24
1926,2024-07-01,21
1926,2024-08-01,20
1926,2024-09-01,17
1926,2024-10-01,14
1926,2024-11-01,11
1926,2024-12-01,8
1926,2025-01-01,7
1926,2025-02-01,4
1926,2025-03-01,2
1926,2025-04-01,1
1926,2025-05-01,1
1926,2025-06-01,1
1926,2025-07-01,1
1926,2025-08-01,1
1926,2025-09-01,1
1926,2025-10-01,1
1926,2025-11-01,1
1926,2025-12-01,1
1927,2024-01-01,35
1927,2024-02-01,33
1927,2024-03-01,31
1927,2024-04-01,31
1927,2024-05-01,29
1927,2024-06-01,28
1927,2024-07-01,27
1927,2024-08-01,25
1927,2024-09-01,24
1927,2024-10-01,21
1927,2024-11-01,20
1927,2024-12-01,17
1927,2025-01-01,15
1927,2025-02-01,12
1927,2025-03-01,9
1927,2025-04-01,7
1927,2025-05-01,5
1927,2025-06-01,2
1927,2025-07-01,2
1927,2025-08-01,1
1927,2025-09-01,1
1927,2025-10-01,1
1927,2025-11-01,1
1927,2025-12-01,1
1928,2024-01-01,33
1928,2024-02-01,30
1928,2024-03-01,28
1928,2024-04-01,28
1928,2024-05-01,26
1928,2024-06-01,25
1928,2024-07-01,22
1928,2024-08-01,20
1928,2024-09-01,20
1928,2024-10-01,20
1928,2024-11-01,17
1928,2024-12-01,16
1928,2025-01-01,13
1928,2025-02-01,10
1928,2025-03-01,8
1928,2025-04-01,7
1928,2025-05-01,4
1928,2025-06-01,2
1928,2025-07-01,1
1928,2025-08-01,1
1928,2025-09-01,1
1928,2025-10-01,1
1928,2025-11-01,1
1928,2025-12-01,1
1929,2024-01-01,28
1929,2024-02-01,27
1929,2024-03-01,27
1929,2024-04-01,26
1929,2024-05-01,26
1929,2024-06-01,24
1929,2024-07-01,21
1929,2024-08-01,18
1929,2024-09-01,15
1929,2024-10-01,13
1929,2024-11-01,12
1929,2024-12-01,12
1929,2025-01-01,10
1929,2025-02-01,7
1929,2025-03-01,4
1929,2025-04-01,1
1929,2025-05-01,1
1929,2025-06-01,1
1929,2025-07-01,1
1929,2025-08-01,1
1929,2025-09-01,1
1929,2025-10-01,1
1929,2025-11-01,1
1929,2025-12-01,1
1930,2024-01-01,75
1930,2024-02-01,72
1930,2024-03-01,71
1930,2024-04-01,70
1930,2024-05-01,70
1930,2024-06-01,69
1930,2024-07-01,67
1930,2024-08-01,65
1930,2024-09-01,63
1930,2024-10-01,63
1930,2024-11-01,61
1930,2024-12-01,61
1930,2025-01-01,61
1930,2025-02-01,59
1930,2025-03-01,57
1930,2025-04-01,57
1930,2025-05-01,55
1930,2025-06-01,54
1930,2025-07-01,54
1930,2025-08-01,51
1930,2025-09-01,51
1930,2025-10-01,49
1930,2025-11-01,47
1930,2025-12-01,47
1931,2024-01-01,53
1931,2024-02-01,50
1931,2024-03-01,50
1931,2024-04-01,48
1931,2024-05-01,48
1931,2024-06-01,47
1931,2024-07-01,46
1931,2024-08-01,44
1931,2024-09-01,44
1931,2024-10-01,44
1931,2024-11-01,43
1931,2024-12-01,43
1931,2025-01-01,41
1931,2025-02-01,39
1931,2025-03-01,36
1931,2025-04-01,34
1931,2025-05-01,34
1931,2025-06-01,34
1931,2025-07-01,33
1931,2025-08-01,32
1931,2025-09-01,30
1931,2025-10-01,27
1931,2025-11-01,27
1931,2025-12-01,24
1932,2024-01-01,74
1932,2024-02-01,72
1932,2024-03-01,71
1932,2024-04-01,68
1932,2024-05-01,67
1932,2024-06-01,65
1932,2024-07-01,62
1932,2024-08-01,62
1932,2024-09-01,61
1932,2024-10-01,59
1932,2024-11-01,59
1932,2024-12-01,57
1932,2025-01-01,57
1932,2025-02-01,56
1932,2025-03-01,56
1932,2025-04-01,53
1932,2025-05-01,53
1932,2025-06-01,51
1932,2025-07-01,51
1932,2025-08-01,50
1932,2025-09-01,48
1932,2025-10-01,46
1932,2025-11-01,44
1932,2025-12-01,42
1933,2024-01-01,56
1933,2024-02-01,54
1933,2024-03-01,53
1933,2024-04-01,52
1933,2024-05-01,50
1933,2024-06-01,47
1933,2024-07-01,47
1933,2024-08-01,44
1933,2024-09-01,42
1933,2024-10-01,40
1933,2024-11-01,37
1933,2024-12-01,35
1933,2025-01-01,35
1933,2025-02-01,34
1933,2025-03-01,34
1933,2025-04-01,34
1933,2025-05-01,34
1933,2025-06-01,31
1933,2025-07-01,28
1933,2025-08-01,28
1933,2025-09-01,25
1933,2025-10-01,23
1933,2025-11-01,22
1933,2025-12-01,19
1934,2024-01-01,67
1934,2024-02-01,66
1934,2024-03-01,64
1934,2024-04-01,62
1934,2024-05-01,61
1934,2024-06-01,59
1934,2024-07-01,58
1934,2024-08-01,58
1934,2024-09-01,56
1934,2024-10-01,54
1934,2024-11-01,53
1934,2024-12-01,51
1934,2025-01-01,48
1934,2025-02-01,48
1934,2025-03-01,46
1934,2025-04-01,44
1934,2025-05-01,42
1934,2025-06-01,41
1934,2025-07-01,41
1934,2025-08-01,41
1934,2025-09-01,39
1934,2025-10-01,37
1934,2025-11-01,36
1934,2025-12-01,36
1935,2024-01-01,69
1935,2024-02-01,66
1935,2024-03-01,63
1935,2024-04-01,63
1935,2024-05-01,60
1935,2024-06-01,58
1935,2024-07-01,56
1935,2024-08-01,55
1935,2024-09-01,55
1935,2024-10-01,55
1935,2024-11-01,52
1935,2024-12-01,50
1935,2025-01-01,48
1935,2025-02-01,47
1935,2025-03-01,44
1935,2025-04-01,42
1935,2025-05-01,42
1935,2025-06-01,41
1935,2025-07-01,41
1935,2025-08-01,40
1935,2025-09-01,40
1935,2025-10-01,37
1935,2025-11-01,35
1935,2025-12-01,35
1936,2024-01-01,79
1936,2024-02-01,76
1936,2024-03-01,75
1936,2024-04-01,72
1936,2024-05-01,72
1936,2024-06-01,70
1936,2024-07-01,69
1936,2024-08-01,68
1936,2024-09-01,65
1936,2024-10-01,65
1936,2024-11-01,62
1936,2024-12-01,61
1936,2025-01-01,59
1936,2025-02-01,56
1936,2025-03-01,56
1936,2025-04-01,53
1936,2025-05-01,50
1936,2025-06-01,47
1936,2025-07-01,45
1936,2025-08-01,45
1936,2025-09-01,45
1936,2025-10-01,44
1936,2025-11-01,43
1936,2025-12-01,40
1937,2024-01-01,73
1937,2024-02-01,72
1937,2024-03-01,70
1937,2024-04-01,69
1937,2024-05-01,67
1937,2024-06-01,66
1937,2024-07-01,66
1937,2024-08-01,65
1937,2024-09-01,63
1937,2024-10-01,61
1937,2024-11-01,60
1937,2024-12-01,57
1937,2025-01-01,55
1937,2025-02-01,55
1937,2025-03-01,54
1937,2025-04-01,52
1937,2025-05-01,51
1937,2025-06-01,50
1937,2025-07-01,47
1937,2025-08-01,46
1937,2025-09-01,45
1937,2025-10-01,44
1937,2025-11-01,44
1937,2025-12-01,43
1938,2024-01-01,75
1938,2024-02-01,72
1938,2024-03-01,69
1938,2024-04-01,67
1938,2024-05-01,66
1938,2024-06-01,63
1938,2024-07-01,60
1938,2024-08-01,59
1938,2024-09-01,57
1938,2024-10-01,57
1938,2024-11-01,54
1938,2024-12-01,51
1938,2025-01-01,51
1938,2025-02-01,48
1938,2025-03-01,48
1938,2025-04-01,48
1938,2025-05-01,46
1938,2025-06-01,46
1938,2025-07-01,46
1938,2025-08-01,46
1938,2025-09-01,46
1938,2025-10-01,43
1938,2025-11-01,43
1938,2025-12-01,40
1939,2024-01-01,33
1939,2024-02-01,31
1939,2024-03-01,29
1939,2024-04-01,26
1939,2024-05-01,23
1939,2024-06-01,22
1939,2024-07-01,19
1939,2024-08-01,17
1939,2024-09-01,16
1939,2024-10-01,16
1939,2024-11-01,13
1939,2024-12-01,13
1939,2025-01-01,10
1939,2025-02-01,8
1939,2025-03-01,5
1939,2025-04-01,3
1939,2025-05-01,1
1939,2025-06-01,1
1939,2025-07-01,1
1939,2025-08-01,1
1939,2025-09-01,1
1939,2025-10-01,1
1939,2025-11-01,1
1939,2025-12-01,1
1940,2024-01-01,35
1940,2024-02-01,32
1940,2024-03-01,30
1940,2024-04-01,29
1940,2024-05-01,26
1940,2024-06-01,25
1940,2024-07-01,24
1940,2024-08-01,21
1940,2024-09-01,20
1940,2024-10-01,18
1940,2024-11-01,18
1940,2024-12-01,18
1940,2025-01-01,18
1940,2025-02-01,15
1940,2025-03-01,12
1940,2025-04-01,9
1940,2025-05-01,9
1940,2025-06-01,9
1940,2025-07-01,6
1940,2025-08-01,6
1940,2025-09-01,5
1940,2025-10-01,4
1940,2025-11-01,4
1940,2025-12-01,1
1941,2024-01-01,32
1941,2024-02-01,32
1941,2024-03-01,30
1941,2024-04-01,27
1941,2024-05-01,26
1941,2024-06-01,25
1941,2024-07-01,22
1941,2024-08-01,20
1941,2024-09-01,20
1941,2024-10-01,19
1941,2024-11-01,17
1941,2024-12-01,15
1941,2025-01-01,14
1941,2025-02-01,13
1941,2025-03-01,13
1941,2025-04-01,10
1941,2025-05-01,8
1941,2025-06-01,8
1941,2025-07-01,7
1941,2025-08-01,4
1941,2025-09-01,1
1941,2025-10-01,1
1941,2025-11-01,1
1941,2025-12-01,1
1942,2024-01-01,56
1942,2024-02-01,56
1942,2024-03-01,55
1942,2024-04-01,55
1942,2024-05-01,54
1942,2024-06-01,53
1942,2024-07-01,50
1942,2024-08-01,48
1942,2024-09-01,47
1942,2024-10-01,44
1942,2024-11-01,41
1942,2024-12-01,39
1942,2025-01-01,36
1942,2025-02-01,33
1942,2025-03-01,31
1942,2025-04-01,31
1942,2025-05-01,29
1942,2025-06-01,27
1942,2025-07-01,26
1942,2025-08-01,25
1942,2025-09-01,25
1942,2025-10-01,23
1942,2025-11-01,21
1942,2025-12-01,21
1943,2024-01-01,47
1943,2024-02-01,47
1943,2024-03-01,46
1943,2024-04-01,43
1943,2024-05-01,43
1943,2024-06-01,43
1943,2024-07-01,41
1943,2024-08-01,38
1943,2024-09-01,37
1943,2024-10-01,34
1943,2024-11-01,32
1943,2024-12-01,30
1943,2025-01-01,29
1943,2025-02-01,28
1943,2025-03-01,27
1943,2025-04-01,25
1943,2025-05-01,24
1943,2025-06-01,23
1943,2025-07-01,22
1943,2025-08-01,22
1943,2025-09-01,21
1943,2025-10-01,19
1943,2025-11-01,19
1943,2025-12-01,17
1944,2024-01-01,63
1944,2024-02-01,62
1944,2024-03-01,62
1944,2024-04-01,60
1944,2024-05-01,60
1944,2024-06-01,57
1944,2024-07-01,56
1944,2024-08-01,55
1944,2024-09-01,52
1944,2024-10-01,50
1944,2024-11-01,50
1944,2024-12-01,48
1944,2025-01-01,46
1944,2025-02-01,44
1944,2025-03-01,43
1944,2025-04-01,43
1944,2025-05-01,42
1944,2025-06-01,41
1944,2025-07-01,40
1944,2025-08-01,40
1944,2025-09-01,37
1944,2025-10-01,36
1944,2025-11-01,35
1944,2025-12-01,34
1945,2024-01-01,76
1945,2024-02-01,74
1945,2024-03-01,73
1945,2024-04-01,72
1945,2024-05-01,72
1945,2024-06-01,72
1945,2024-07-01,71
1945,2024-08-01,68
1945,2024-09-01,66
1945,2024-10-01,64
1945,2024-11-01,63
1945,2024-12-01,61
1945,2025-01-01,59
1945,2025-02-01,58
1945,2025-03-01,56
1945,2025-04-01,56
1945,2025-05-01,55
1945,2025-06-01,55
1945,2025-07-01,54
1945,2025-08-01,54
1945,2025-09-01,52
1945,2025-10-01,49
1945,2025-11-01,49
1945,2025-12-01,49
1946,2024-01-01,72
1946,2024-02-01,72
1946,2024-03-01,72
1946,2024-04-01,72
1946,2024-05-01,71
1946,2024-06-01,71
1946,2024-07-01,71
1946,2024-08-01,68
1946,2024-09-01,65
1946,2024-10-01,64
1946,2024-11-01,63
1946,2024-12-01,61
1946,2025-01-01,61
1946,2025-02-01,61
1946,2025-03-01,58
1946,2025-04-01,56
1946,2025-05-01,56
1946,2025-06-01,54
1946,2025-07-01,53
1946,2025-08-01,53
1946,2025-09-01,53
1946,2025-10-01,52
1946,2025-11-01,52
1946,2025-12-01,51
1947,2024-01-01,59
1947,2024-02-01,56
1947,2024-03-01,55
1947,2024-04-01,53
1947,2024-05-01,52
1947,2024-06-01,50
1947,2024-07-01,48
1947,2024-08-01,45
1947,2024-09-01,42
1947,2024-10-01,40
1947,2024-11-01,37
1947,2024-12-01,35
1947,2025-01-01,35
1947,2025-02-01,34
1947,2025-03-01,31
1947,2025-04-01,30
1947,2025-05-01,27
1947,2025-06-01,26
1947,2025-07-01,25
1947,2025-08-01,22
1947,2025-09-01,19
1947,2025-10-01,16
1947,2025-11-01,13
1947,2025-12-01,11
1948,2024-01-01,24
1948,2024-02-01,21
1948,2024-03-01,21
1948,2024-04-01,20
1948,2024-05-01,17
1948,2024-06-01,14
1948,2024-07-01,13
1948,2024-08-01,12
1948,2024-09-01,10
1948,2024-10-01,9
1948,2024-11-01,8
1948,2024-12-01,8
1948,2025-01-01,6
1948,2025-02-01,6
1948,2025-03-01,5
1948,2025-04-01,2
1948,2025-05-01,1
1948,2025-06-01,1
1948,2025-07-01,1
1948,2025-08-01,1
1948,2025-09-01,1
1948,2025-10-01,1
1948,2025-11-01,1
1948,2025-12-01,1
1949,2024-01-01,67
1949,2024-02-01,65
1949,2024-03-01,62
1949,2024-04-01,62
1949,2024-05-01,60
1949,2024-06-01,60
1949,2024-07-01,60
1949,2024-08-01,57
1949,2024-09-01,55
1949,2024-10-01,53
1949,2024-11-01,53
1949,2024-12-01,50
1949,2025-01-01,50
1949,2025-02-01,50
1949,2025-03-01,50
1949,2025-04-01,50
1949,2025-05-01,48
1949,2025-06-01,47
1949,2025-07-01,45
1949,2025-08-01,42
1949,2025-09-01,41
1949,2025-10-01,41
1949,2025-11-01,39
1949,2025-12-01,38
1950,2024-01-01,42
1950,2024-02-01,41
1950,2024-03-01,39
1950,2024-04-01,38
1950,2024-05-01,35
1950,2024-06-01,33
1950,2024-07-01,31
1950,2024-08-01,30
1950,2024-09-01,27
1950,2024-10-01,25
1950,2024-11-01,22
1950,2024-12-01,19
1950,2025-01-01,17
1950,2025-02-01,17
1950,2025-03-01,16
1950,2025-04-01,14
1950,2025-05-01,11
1950,2025-06-01,10
1950,2025-07-01,8
1950,2025-08-01,7
1950,2025-09-01,6
1950,2025-10-01,3
1950,2025-11-01,3
1950,2025-12-01,3
1951,2024-01-01,54
1951,2024-02-01,51
1951,2024-03-01,49
1951,2024-04-01,48
1951,2024-05-01,46
1951,2024-06-01,43
1951,2024-07-01,42
1951,2024-08-01,42
1951,2024-09-01,42
1951,2024-10-01,40
1951,2024-11-01,39
1951,2024-12-01,36
1951,2025-01-01,34
1951,2025-02-01,34
1951,2025-03-01,31
1951,2025-04-01,30
1951,2025-05-01,30
1951,2025-06-01,27
1951,2025-07-01,27
1951,2025-08-01,26
1951,2025-09-01,24
1951,2025-10-01,21
1951,2025-11-01,18
1951,2025-12-01,17
1952,2024-01-01,20
1952,2024-02-01,20
1952,2024-03-01,17
1952,2024-04-01,14
1952,2024-05-01,14
1952,2024-06-01,11
1952,2024-07-01,9
1952,2024-08-01,8
1952,2024-09-01,7
1952,2024-10-01,4
1952,2024-11-01,2
1952,2024-12-01,1
1952,2025-01-01,1
1952,2025-02-01,1
1952,2025-03-01,1
1952,2025-04-01,1
1952,2025-05-01,1
1952,2025-06-01,1
1952,2025-07-01,1
1952,2025-08-01,1
1952,2025-09-01,1
1952,2025-10-01,1
1952,2025-11-01,1
1952,2025-12-01,1
1953,2024-01-01,72
1953,2024-02-01,69
1953,2024-03-01,68
1953,2024-04-01,65
1953,2024-05-01,65
1953,2024-06-01,63
1953,2024-07-01,61
1953,2024-08-01,59
1953,2024-09-01,57
1953,2024-10-01,57
1953,2024-11-01,55
1953,2024-12-01,52
1953,2025-01-01,50
1953,2025-02-01,50
1953,2025-03-01,49
1953,2025-04-01,48
1953,2025-05-01,46
1953,2025-06-01,45
1953,2025-07-01,45
1953,2025-08-01,43
1953,2025-09-01,43
1953,2025-10-01,42
1953,2025-11-01,41
1953,2025-12-01,39
1954,2024-01-01,43
1954,2024-02-01,41
1954,2024-03-01,38
1954,2024-04-01,35
1954,2024-05-01,32
1954,2024-06-01,32
1954,2024-07-01,31
1954,2024-08-01,30
1954,2024-09-01,27
1954,2024-10-01,25
1954,2024-11-01,23
1954,2024-12-01,21
1954,2025-01-01,19
1954,2025-02-01,19
1954,2025-03-01,18
1954,2025-04-01,15
1954,2025-05-01,15
1954,2025-06-01,14
1954,2025-07-01,14
1954,2025-08-01,12
1954,2025-09-01,12
1954,2025-10-01,12
1954,2025-11-01,10
1954,2025-12-01,8
1955,2024-01-01,44
1955,2024-02-01,43
1955,2024-03-01,40
1955,2024-04-01,37
1955,2024-05-01,36
1955,2024-06-01,36
1955,2024-07-01,36
1955,2024-08-01,36
1955,2024-09-01,34
1955,2024-10-01,33
1955,2024-11-01,33
1955,2024-12-01,30
1955,2025-01-01,27
1955,2025-02-01,24
1955,2025-03-01,23
1955,2025-04-01,22
1955,2025-05-01,19
1955,2025-06-01,17
1955,2025-07-01,15
1955,2025-08-01,15
1955,2025-09-01,15
1955,2025-10-01,15
1955,2025-11-01,15
1955,2025-12-01,15
1956,2024-01-01,72
1956,2024-02-01,70
1956,2024-03-01,68
1956,2024-04-01,67
1956,2024-05-01,65
1956,2024-06-01,62
1956,2024-07-01,60
1956,2024-08-01,57
1956,2024-09-01,54
1956,2024-10-01,54
1956,2024-11-01,52
1956,2024-12-01,49
1956,2025-01-01,47
1956,2025-02-01,45
1956,2025-03-01,44
1956,2025-04-01,43
1956,2025-05-01,43
1956,2025-06-01,41
1956,2025-07-01,40
1956,2025-08-01,37
1956,2025-09-01,34
1956,2025-10-01,34
1956,2025-11-01,31
1956,2025-12-01,29
1957,2024-01-01,27
1957,2024-02-01,27
1957,2024-03-01,24
1957,2024-04-01,22
1957,2024-05-01,21
1957,2024-06-01,19
1957,2024-07-01,17
1957,2024-08-01,15
1957,2024-09-01,12
1957,2024-10-01,11
1957,2024-11-01,9
1957,2024-12-01,8
1957,2025-01-01,8
1957,2025-02-01,7
1957,2025-03-01,4
1957,2025-04-01,4
1957,2025-05-01,4
1957,2025-06-01,2
1957,2025-07-01,1
1957,2025-08-01,1
1957,2025-09-01,1
1957,2025-10-01,1
1957,2025-11-01,1
1957,2025-12-01,1
1958,2024-01-01,31
1958,2024-02-01,28
1958,2024-03-01,27
1958,2024-04-01,24
1958,2024-05-01,24
1958,2024-06-01,22
1958,2024-07-01,21
1958,2024-08-01,21
1958,2024-09-01,21
1958,2024-10-01,19
1958,2024-11-01,18
1958,2024-12-01,18
1958,2025-01-01,15
1958,2025-02-01,13
1958,2025-03-01,10
1958,2025-04-01,9
1958,2025-05-01,6
1958,2025-06-01,4
1958,2025-07-01,4
1958,2025-08-01,2
1958,2025-09-01,2
1958,2025-10-01,2
1958,2025-11-01,1
1958,2025-12-01,1
1959,2024-01-01,38
1959,2024-02-01,36
1959,2024-03-01,35
1959,2024-04-01,34
1959,2024-05-01,31
1959,2024-06-01,28
1959,2024-07-01,26
1959,2024-08-01,23
1959,2024-09-01,21
1959,2024-10-01,18
1959,2024-11-01,17
1959,2024-12-01,17
1959,2025-01-01,17
1959,2025-02-01,16
1959,2025-03-01,16
1959,2025-04-01,14
1959,2025-05-01,12
1959,2025-06-01,11
1959,2025-07-01,10
1959,2025-08-01,9
1959,2025-09-01,8
1959,2025-10-01,8
1959,2025-11-01,8
1959,2025-12-01,8
1960,2024-01-01,49
1960,2024-02-01,46
1960,2024-03-01,45
1960,2024-04-01,44
1960,2024-05-01,44
1960,2024-06-01,44
1960,2024-07-01,41
1960,2024-08-01,38
1960,2024-09-01,38
1960,2024-10-01,37
1960,2024-11-01,37
1960,2024-12-01,36
1960,2025-01-01,35
1960,2025-02-01,33
1960,2025-03-01,31
1960,2025-04-01,28
1960,2025-05-01,27
1960,2025-06-01,27
1960,2025-07-01,26
1960,2025-08-01,23
1960,2025-09-01,22
1960,2025-10-01,21
1960,2025-11-01,18
1960,2025-12-01,17
1961,2024-01-01,31
1961,2024-02-01,29
1961,2024-03-01,26
1961,2024-04-01,25
1961,2024-05-01,23
1961,2024-06-01,21
1961,2024-07-01,21
1961,2024-08-01,19
1961,2024-09-01,17
1961,2024-10-01,16
1961,2024-11-01,14
1961,2024-12-01,12
1961,2025-01-01,10
1961,2025-02-01,9
1961,2025-03-01,6
1961,2025-04-01,5
1961,2025-05-01,3
1961,2025-06-01,1
1961,2025-07-01,1
1961,2025-08-01,1
1961,2025-09-01,1
1961,2025-10-01,1
1961,2025-11-01,1
1961,2025-12-01,1
1962,2024-01-01,64
1962,2024-02-01,64
1962,2024-03-01,64
1962,2024-04-01,62
1962,2024-05-01,59
1962,2024-06-01,56
1962,2024-07-01,56
1962,2024-08-01,56
1962,2024-09-01,55
1962,2024-10-01,52
1962,2024-11-01,49
1962,2024-12-01,47
1962,2025-01-01,46
1962,2025-02-01,44
1962,2025-03-01,43
1962,2025-04-01,40
1962,2025-05-01,38
1962,2025-06-01,37
1962,2025-07-01,35
1962,2025-08-01,34
1962,2025-09-01,34
1962,2025-10-01,32
1962,2025-11-01,32
1962,2025-12-01,31
1963,2024-01-01,69
1963,2024-02-01,68
1963,2024-03-01,68
1963,2024-04-01,66
1963,2024-05-01,63
1963,2024-06-01,62
1963,2024-07-01,62
1963,2024-08-01,59
1963,2024-09-01,59
1963,2024-10-01,59
1963,2024-11-01,59
1963,2024-12-01,58
1963,2025-01-01,55
1963,2025-02-01,54
1963,2025-03-01,53
1963,2025-04-01,51
1963,2025-05-01,48
1963,2025-06-01,46
1963,2025-07-01,46
1963,2025-08-01,43
1963,2025-09-01,40
1963,2025-10-01,39
1963,2025-11-01,39
1963,2025-12-01,38
1964,2024-01-01,58
1964,2024-02-01,57
1964,2024-03-01,56
1964,2024-04-01,55
1964,2024-05-01,55
1964,2024-06-01,53
1964,2024-07-01,50
1964,2024-08-01,49
1964,2024-09-01,49
1964,2024-10-01,46
1964,2024-11-01,45
1964,2024-12-01,45
1964,2025-01-01,43
1964,2025-02-01,42
1964,2025-03-01,42
1964,2025-04-01,41
1964,2025-05-01,41
1964,2025-06-01,39
1964,2025-07-01,37
1964,2025-08-01,37
1964,2025-09-01,34
1964,2025-10-01,32
1964,2025-11-01,31
1964,2025-12-01,29
1965,2024-01-01,28
1965,2024-02-01,27
1965,2024-03-01,25
1965,2024-04-01,24
1965,2024-05-01,23
1965,2024-06-01,21
1965,2024-07-01,19
1965,2024-08-01,18
1965,2024-09-01,18
1965,2024-10-01,16
1965,2024-11-01,13
1965,2024-12-01,11
1965,2025-01-01,11
1965,2025-02-01,11
1965,2025-03-01,9
1965,2025-04-01,7
1965,2025-05-01,4
1965,2025-06-01,2
1965,2025-07-01,2
1965,2025-08-01,1
1965,2025-09-01,1
1965,2025-10-01,1
1965,2025-11-01,1
1965,2025-12-01,1
1966,2024-01-01,51
1966,2024-02-01,51
1966,2024-03-01,50
1966,2024-04-01,50
1966,2024-05-01,50
1966,2024-06-01,49
1966,2024-07-01,48
1966,2024-08-01,47
1966,2024-09-01,44
1966,2024-10-01,43
1966,2024-11-01,40
1966,2024-12-01,37
1966,2025-01-01,36
1966,2025-02-01,35
1966,2025-03-01,34
1966,2025-04-01,34
1966,2025-05-01,34
1966,2025-06-01,33
1966,2025-07-01,31
1966,2025-08-01,30
1966,2025-09-01,28
1966,2025-10-01,28
1966,2025-11-01,28
1966,2025-12-01,26
1967,2024-01-01,27
1967,2024-02-01,25
1967,2024-03-01,23
1967,2024-04-01,20
1967,2024-05-01,20
1967,2024-06-01,18
1967,2024-07-01,16
1967,2024-08-01,14
1967,2024-09-01,14
1967,2024-10-01,12
1967,2024-11-01,10
1967,2024-12-01,9
1967,2025-01-01,8
1967,2025-02-01,5
1967,2025-03-01,3
1967,2025-04-01,3
1967,2025-05-01,1
1967,2025-06-01,1
1967,2025-07-01,1
1967,2025-08-01,1
1967,2025-09-01,1
1967,2025-10-01,1
1967,2025-11-01,1
1967,2025-12-01,1
1968,2024-01-01,50
1968,2024-02-01,50
1968,2024-03-01,50
1968,2024-04-01,48
1968,2024-05-01,48
1968,2024-06-01,47
1968,2024-07-01,47
1968,2024-08-01,47
1968,2024-09-01,45
1968,2024-10-01,42
1968,2024-11-01,39
1968,2024-12-01,37
1968,2025-01-01,35
1968,2025-02-01,33
1968,2025-03-01,31
1968,2025-04-01,31
1968,2025-05-01,31
1968,2025-06-01,28
1968,2025-07-01,26
1968,2025-08-01,24
1968,2025-09-01,24
1968,2025-10-01,22
1968,2025-11-01,21
1968,2025-12-01,21
1969,2024-01-01,25
1969,2024-02-01,25
1969,2024-03-01,25
1969,2024-04-01,22
1969,2024-05-01,19
1969,2024-06-01,19
1969,2024-07-01,19
1969,2024-08-01,19
1969,2024-09-01,19
1969,2024-10-01,17
1969,2024-11-01,15
1969,2024-12-01,13
1969,2025-01-01,10
1969,2025-02-01,9
1969,2025-03-01,9
1969,2025-04-01,7
1969,2025-05-01,5
1969,2025-06-01,3
1969,2025-07-01,3
1969,2025-08-01,3
1969,2025-09-01,2
1969,2025-10-01,1
1969,2025-11-01,1
1969,2025-12-01,1
1970,2024-01-01,71
1970,2024-02-01,70
1970,2024-03-01,68
1970,2024-04-01,67
1970,2024-05-01,65
1970,2024-06-01,64
1970,2024-07-01,61
1970,2024-08-01,60
1970,2024-09-01,60
1970,2024-10-01,60
1970,2024-11-01,58
1970,2024-12-01,58
1970,2025-01-01,56
1970,2025-02-01,53
1970,2025-03-01,53
1970,2025-04-01,53
1970,2025-05-01,51
1970,2025-06-01,48
1970,2025-07-01,45
1970,2025-08-01,44
1970,2025-09-01,42
1970,2025-10-01,40
1970,2025-11-01,37
1970,2025-12-01,35
1971,2024-01-01,52
1971,2024-02-01,52
1971,2024-03-01,50
1971,2024-04-01,49
1971,2024-05-01,48
1971,2024-06-01,45
1971,2024-07-01,43
1971,2024-08-01,40
1971,2024-09-01,38
1971,2024-10-01,37
1971,2024-11-01,37
1971,2024-12-01,35
1971,2025-01-01,34
1971,2025-02-01,33
1971,2025-03-01,32
1971,2025-04-01,32
1971,2025-05-01,31
1971,2025-06-01,28
1971,2025-07-01,27
1971,2025-08-01,26
1971,2025-09-01,24
1971,2025-10-01,22
1971,2025-11-01,20
1971,2025-12-01,19
1972,2024-01-01,26
1972,2024-02-01,26
1972,2024-03-01,25
1972,2024-04-01,25
1972,2024-05-01,24
1972,2024-06-01,24
1972,2024-07-01,22
1972,2024-08-01,21
1972,2024-09-01,18
1972,2024-10-01,18
1972,2024-11-01,16
1972,2024-12-01,13
1972,2025-01-01,11
1972,2025-02-01,10
1972,2025-03-01,7
1972,2025-04-01,7
1972,2025-05-01,7
1972,2025-06-01,4
1972,2025-07-01,4
1972,2025-08-01,2
1972,2025-09-01,1
1972,2025-10-01,1
1972,2025-11-01,1
1972,2025-12-01,1
1973,2024-01-01,29
1973,2024-02-01,27
1973,2024-03-01,27
1973,2024-04-01,25
1973,2024-05-01,25
1973,2024-06-01,22
1973,2024-07-01,19
1973,2024-08-01,18
1973,2024-09-01,16
1973,2024-10-01,15
1973,2024-11-01,12
1973,2024-12-01,10
1973,2025-01-01,8
1973,2025-02-01,7
1973,2025-03-01,6
1973,2025-04-01,4
1973,2025-05-01,2
1973,2025-06-01,1
1973,2025-07-01,1
1973,2025-08-01,1
1973,2025-09-01,1
1973,2025-10-01,1
1973,2025-11-01,1
1973,2025-12-01,1
1974,2024-01-01,48
1974,2024-02-01,45
1974,2024-03-01,42
1974,2024-04-01,40
1974,2024-05-01,39
1974,2024-06-01,37
1974,2024-07-01,35
1974,2024-08-01,32
1974,2024-09-01,29
1974,2024-10-01,27
1974,2024-11-01,25
1974,2024-12-01,23
1974,2025-01-01,23
1974,2025-02-01,20
1974,2025-03-01,19
1974,2025-04-01,18
1974,2025-05-01,17
1974,2025-06-01,17
1974,2025-07-01,17
1974,2025-08-01,16
1974,2025-09-01,15
1974,2025-10-01,14
1974,2025-11-01,12
1974,2025-12-01,9
1975,2024-01-01,56
1975,2024-02-01,54
1975,2024-03-01,54
1975,2024-04-01,53
1975,2024-05-01,53
1975,2024-06-01,51
1975,2024-07-01,48
1975,2024-08-01,47
1975,2024-09-01,47
1975,2024-10-01,46
1975,2024-11-01,43
1975,2024-12-01,43
1975,2025-01-01,42
1975,2025-02-01,40
1975,2025-03-01,38
1975,2025-04-01,35
1975,2025-05-01,32
1975,2025-06-01,29
1975,2025-07-01,29
1975,2025-08-01,26
1975,2025-09-01,26
1975,2025-10-01,25
1975,2025-11-01,23
1975,2025-12-01,22
1976,2024-01-01,35
1976,2024-02-01,34
1976,2024-03-01,33
1976,2024-04-01,30
1976,2024-05-01,29
1976,2024-06-01,29
1976,2024-07-01,27
1976,2024-08-01,24
1976,2024-09-01,24
1976,2024-10-01,24
1976,2024-11-01,21
1976,2024-12-01,20
1976,2025-01-01,18
1976,2025-02-01,18
1976,2025-03-01,17
1976,2025-04-01,14
1976,2025-05-01,11
1976,2025-06-01,9
1976,2025-07-01,6
1976,2025-08-01,4
1976,2025-09-01,1
1976,2025-10-01,1
1976,2025-11-01,1
1976,2025-12-01,1
1977,2024-01-01,38
1977,2024-02-01,38
1977,2024-03-01,35
1977,2024-04-01,32
1977,2024-05-01,31
1977,2024-06-01,29
1977,2024-07-01,26
1977,2024-08-01,25
1977,2024-09-01,24
1977,2024-10-01,21
1977,2024-11-01,18
1977,2024-12-01,16
1977,2025-01-01,15
1977,2025-02-01,14
1977,2025-03-01,13
1977,2025-04-01,11
1977,2025-05-01,10
1977,2025-06-01,10
1977,2025-07-01,10
1977,2025-08-01,9
1977,2025-09-01,9
1977,2025-10-01,9
1977,2025-11-01,7
1977,2025-12-01,6
1978,2024-01-01,37
1978,2024-02-01,34
1978,2024-03-01,34
1978,2024-04-01,32
1978,2024-05-01,30
1978,2024-06-01,27
1978,2024-07-01,24
1978,2024-08-01,24
1978,2024-09-01,24
1978,2024-10-01,23
1978,2024-11-01,22
1978,2024-12-01,19
1978,2025-01-01,19
1978,2025-02-01,19
1978,2025-03-01,16
1978,2025-04-01,13
1978,2025-05-01,11
1978,2025-06-01,8
1978,2025-07-01,6
1978,2025-08-01,5
1978,2025-09-01,2
1978,2025-10-01,1
1978,2025-11-01,1
1978,2025-12-01,1
1979,2024-01-01,60
1979,2024-02-01,60
1979,2024-03-01,60
1979,2024-04-01,60
1979,2024-05-01,57
1979,2024-06-01,57
1979,2024-07-01,56
1979,2024-08-01,56
1979,2024-09-01,53
1979,2024-10-01,53
1979,2024-11-01,53
1979,2024-12-01,53
1979,2025-01-01,52
1979,2025-02-01,51
1979,2025-03-01,49
1979,2025-04-01,46
1979,2025-05-01,45
1979,2025-06-01,44
1979,2025-07-01,43
1979,2025-08-01,40
1979,2025-09-01,38
1979,2025-10-01,35
1979,2025-11-01,35
1979,2025-12-01,33
1980,2024-01-01,71
1980,2024-02-01,68
1980,2024-03-01,68
1980,2024-04-01,66
1980,2024-05-01,66
1980,2024-06-01,66
1980,2024-07-01,65
1980,2024-08-01,65
1980,2024-09-01,65
1980,2024-10-01,64
1980,2024-11-01,62
1980,2024-12-01,61
1980,2025-01-01,61
1980,2025-02-01,58
1980,2025-03-01,57
1980,2025-04-01,56
1980,2025-05-01,56
1980,2025-06-01,53
1980,2025-07-01,51
1980,2025-08-01,48
1980,2025-09-01,47
1980,2025-10-01,44
1980,2025-11-01,42
1980,2025-12-01,39
1981,2024-01-01,20
1981,2024-02-01,19
1981,2024-03-01,19
1981,2024-04-01,19
1981,2024-05-01,16
1981,2024-06-01,15
1981,2024-07-01,14
1981,2024-08-01,13
1981,2024-09-01,13
1981,2024-10-01,12
1981,2024-11-01,9
1981,2024-12-01,9
1981,2025-01-01,8
1981,2025-02-01,5
1981,2025-03-01,5
1981,2025-04-01,4
1981,2025-05-01,2
1981,2025-06-01,1
1981,2025-07-01,1
1981,2025-08-01,1
1981,2025-09-01,1
1981,2025-10-01,1
1981,2025-11-01,1
1981,2025-12-01,1
1982,2024-01-01,65
1982,2024-02-01,64
1982,2024-03-01,63
1982,2024-04-01,61
1982,2024-05-01,61
1982,2024-06-01,59
1982,2024-07-01,59
1982,2024-08-01,57
1982,2024-09-01,56
1982,2024-10-01,55
1982,2024-11-01,54
1982,2024-12-01,52
1982,2025-01-01,49
1982,2025-02-01,47
1982,2025-03-01,47
1982,2025-04-01,45
1982,2025-05-01,45
1982,2025-06-01,43
1982,2025-07-01,40
1982,2025-08-01,37
1982,2025-09-01,36
1982,2025-10-01,33
1982,2025-11-01,31
1982,2025-12-01,28
1983,2024-01-01,39
1983,2024-02-01,39
1983,2024-03-01,37
1983,2024-04-01,36
1983,2024-05-01,33
1983,2024-06-01,30
1983,2024-07-01,28
1983,2024-08-01,28
1983,2024-09-01,28
1983,2024-10-01,28
1983,2024-11-01,28
1983,2024-12-01,26
1983,2025-01-01,23
1983,2025-02-01,23
1983,2025-03-01,21
1983,2025-04-01,19
1983,2025-05-01,17
1983,2025-06-01,17
1983,2025-07-01,17
1983,2025-08-01,15
1983,2025-09-01,13
1983,2025-10-01,11
1983,2025-11-01,8
1983,2025-12-01,5
1984,2024-01-01,52
1984,2024-02-01,52
1984,2024-03-01,49
1984,2024-04-01,48
1984,2024-05-01,46
1984,2024-06-01,44
1984,2024-07-01,44
1984,2024-08-01,44
1984,2024-09-01,43
1984,2024-10-01,41
1984,2024-11-01,41
1984,2024-12-01,41
1984,2025-01-01,38
1984,2025-02-01,37
1984,2025-03-01,37
1984,2025-04-01,36
1984,2025-05-01,34
1984,2025-06-01,33
1984,2025-07-01,33
1984,2025-08-01,30
1984,2025-09-01,29
1984,2025-10-01,28
1984,2025-11-01,26
1984,2025-12-01,23
1985,2024-01-01,26
1985,2024-02-01,26
1985,2024-03-01,23
1985,2024-04-01,23
1985,2024-05-01,21
1985,2024-06-01,19
1985,2024-07-01,17
1985,2024-08-01,17
1985,2024-09-01,16
1985,2024-10-01,16
1985,2024-11-01,13
1985,2024-12-01,10
1985,2025-01-01,10
1985,2025-02-01,8
1985,2025-03-01,6
1985,2025-04-01,3
1985,2025-05-01,1
1985,2025-06-01,1
1985,2025-07-01,1
1985,2025-08-01,1
1985,2025-09-01,1
1985,2025-10-01,1
1985,2025-11-01,1
1985,2025-12-01,1
1986,2024-01-01,19
1986,2024-02-01,19
1986,2024-03-01,19
1986,2024-04-01,18
1986,2024-05-01,15
1986,2024-06-01,12
1986,2024-07-01,9
1986,2024-08-01,8
1986,2024-09-01,5
1986,2024-10-01,5
1986,2024-11-01,3
1986,2024-12-01,2
1986,2025-01-01,1
1986,2025-02-01,1
1986,2025-03-01,1
1986,2025-04-01,1
1986,2025-05-01,1
1986,2025-06-01,1
1986,2025-07-01,1
1986,2025-08-01,1
1986,2025-09-01,1
1986,2025-10-01,1
1986,2025-11-01,1
1986,2025-12-01,1
1987,2024-01-01,23
1987,2024-02-01,23
1987,2024-03-01,22
1987,2024-04-01,20
1987,2024-05-01,18
1987,2024-06-01,18
1987,2024-07-01,17
1987,2024-08-01,14
1987,2024-09-01,11
1987,2024-10-01,8
1987,2024-11-01,6
1987,2024-12-01,4
1987,2025-01-01,3
1987,2025-02-01,3
1987,2025-03-01,1
1987,2025-04-01,1
1987,2025-05-01,1
1987,2025-06-01,1
1987,2025-07-01,1
1987,2025-08-01,1
1987,2025-09-01,1
1987,2025-10-01,1
1987,2025-11-01,1
1987,2025-12-01,1
1988,2024-01-01,78
1988,2024-02-01,76
1988,2024-03-01,73
1988,2024-04-01,71
1988,2024-05-01,69
1988,2024-06-01,66
1988,2024-07-01,66
1988,2024-08-01,66
1988,2024-09-01,65
1988,2024-10-01,64
1988,2024-11-01,61
1988,2024-12-01,59
1988,2025-01-01,57
1988,2025-02-01,57
1988,2025-03-01,57
1988,2025-04-01,55
1988,2025-05-01,53
1988,2025-06-01,52
1988,2025-07-01,50
1988,2025-08-01,48
1988,2025-09-01,45
1988,2025-10-01,43
1988,2025-11-01,43
1988,2025-12-01,43
1989,2024-01-01,24
1989,2024-02-01,21
1989,2024-03-01,20
1989,2024-04-01,18
1989,2024-05-01,16
1989,2024-06-01,13
1989,2024-07-01,13
1989,2024-08-01,11
1989,2024-09-01,9
1989,2024-10-01,6
1989,2024-11-01,6
1989,2024-12-01,5
1989,2025-01-01,3
1989,2025-02-01,3
1989,2025-03-01,1
1989,2025-04-01,1
1989,2025-05-01,1
1989,2025-06-01,1
1989,2025-07-01,1
1989,2025-08-01,1
1989,2025-09-01,1
1989,2025-10-01,1
1989,2025-11-01,1
1989,2025-12-01,1
1990,2024-01-01,28
1990,2024-02-01,28
1990,2024-03-01,25
1990,2024-04-01,22
1990,2024-05-01,20
1990,2024-06-01,19
1990,2024-07-01,18
1990,2024-08-01,16
1990,2024-09-01,14
1990,2024-10-01,13
1990,2024-11-01,10
1990,2024-12-01,8
1990,2025-01-01,7
1990,2025-02-01,4
1990,2025-03-01,4
1990,2025-04-01,2
1990,2025-05-01,1
1990,2025-06-01,1
1990,2025-07-01,1
1990,2025-08-01,1
1990,2025-09-01,1
1990,2025-10-01,1
1990,2025-11-01,1
1990,2025-12-01,1
1991,2024-01-01,24
1991,2024-02-01,21
1991,2024-03-01,18
1991,2024-04-01,15
1991,2024-05-01,13
1991,2024-06-01,13
1991,2024-07-01,10
1991,2024-08-01,7
1991,2024-09-01,6
1991,2024-10-01,5
1991,2024-11-01,5
1991,2024-12-01,3
1991,2025-01-01,1
1991,2025-02-01,1
1991,2025-03-01,1
1991,2025-04-01,1
1991,2025-05-01,1
1991,2025-06-01,1
1991,2025-07-01,1
1991,2025-08-01,1
1991,2025-09-01,1
1991,2025-10-01,1
1991,2025-11-01,1
1991,2025-12-01,1
1992,2024-01-01,65
1992,2024-02-01,64
1992,2024-03-01,63
1992,2024-04-01,63
1992,2024-05-01,60
1992,2024-06-01,59
1992,2024-07-01,57
1992,2024-08-01,54
1992,2024-09-01,54
1992,2024-10-01,52
1992,2024-11-01,49
1992,2024-12-01,47
1992,2025-01-01,44
1992,2025-02-01,41
1992,2025-03-01,40
1992,2025-04-01,38
1992,2025-05-01,36
1992,2025-06-01,36
1992,2025-07-01,36
1992,2025-08-01,34
1992,2025-09-01,33
1992,2025-10-01,32
1992,2025-11-01,29
1992,2025-12-01,29
1993,2024-01-01,76
1993,2024-02-01,73
1993,2024-03-01,72
1993,2024-04-01,72
1993,2024-05-01,69
1993,2024-06-01,67
1993,2024-07-01,66
1993,2024-08-01,64
1993,2024-09-01,64
1993,2024-10-01,61
1993,2024-11-01,60
1993,2024-12-01,60
1993,2025-01-01,59
1993,2025-02-01,56
1993,2025-03-01,53
1993,2025-04-01,53
1993,2025-05-01,52
1993,2025-06-01,49
1993,2025-07-01,48
1993,2025-08-01,47
1993,2025-09-01,45
1993,2025-10-01,45
1993,2025-11-01,45
1993,2025-12-01,44
1994,2024-01-01,41
1994,2024-02-01,41
1994,2024-03-01,40
1994,2024-04-01,39
1994,2024-05-01,38
1994,2024-06-01,38
1994,2024-07-01,37
1994,2024-08-01,36
1994,2024-09-01,33
1994,2024-10-01,33
1994,2024-11-01,32
1994,2024-12-01,30
1994,2025-01-01,30
1994,2025-02-01,29
1994,2025-03-01,28
1994,2025-04-01,25
1994,2025-05-01,22
1994,2025-06-01,22
1994,2025-07-01,19
1994,2025-08-01,16
1994,2025-09-01,16
1994,2025-10-01,14
1994,2025-11-01,13
1994,2025-12-01,12
1995,2024-01-01,42
1995,2024-02-01,39
1995,2024-03-01,39
1995,2024-04-01,39
1995,2024-05-01,39
1995,2024-06-01,38
1995,2024-07-01,35
1995,2024-08-01,32
1995,2024-09-01,31
1995,2024-10-01,31
1995,2024-11-01,29
1995,2024-12-01,26
1995,2025-01-01,23
1995,2025-02-01,22
1995,2025-03-01,20
1995,2025-04-01,20
1995,2025-05-01,17
1995,2025-06-01,16
1995,2025-07-01,14
1995,2025-08-01,13
1995,2025-09-01,11
1995,2025-10-01,10
1995,2025-11-01,8
1995,2025-12-01,5
1996,2024-01-01,78
1996,2024-02-01,75
1996,2024-03-01,75
1996,2024-04-01,72
1996,2024-05-01,70
1996,2024-06-01,67
1996,2024-07-01,66
1996,2024-08-01,64
1996,2024-09-01,63
1996,2024-10-01,62
1996,2024-11-01,61
1996,2024-12-01,60
1996,2025-01-01,60
1996,2025-02-01,58
1996,2025-03-01,57
1996,2025-04-01,57
1996,2025-05-01,54
1996,2025-06-01,53
1996,2025-07-01,52
1996,2025-08-01,52
1996,2025-09-01,49
1996,2025-10-01,46
1996,2025-11-01,46
1996,2025-12-01,45
1997,2024-01-01,62
1997,2024-02-01,61
1997,2024-03-01,60
1997,2024-04-01,57
1997,2024-05-01,56
1997,2024-06-01,53
1997,2024-07-01,50
1997,2024-08-01,49
1997,2024-09-01,46
1997,2024-10-01,45
1997,2024-11-01,42
1997,2024-12-01,39
1997,2025-01-01,38
1997,2025-02-01,36
1997,2025-03-01,36
1997,2025-04-01,35
1997,2025-05-01,32
1997,2025-06-01,32
1997,2025-07-01,30
1997,2025-08-01,29
1997,2025-09-01,26
1997,2025-10-01,23
1997,2025-11-01,22
1997,2025-12-01,19
1998,2024-01-01,45
1998,2024-02-01,45
1998,2024-03-01,45
1998,2024-04-01,44
1998,2024-05-01,41
1998,2024-06-01,41
1998,2024-07-01,38
1998,2024-08-01,38
1998,2024-09-01,36
1998,2024-10-01,35
1998,2024-11-01,34
1998,2024-12-01,33
1998,2025-01-01,33
1998,2025-02-01,31
1998,2025-03-01,31
1998,2025-04-01,30
1998,2025-05-01,30
1998,2025-06-01,29
1998,2025-07-01,26
1998,2025-08-01,26
1998,2025-09-01,23
1998,2025-10-01,23
1998,2025-11-01,22
1998,2025-12-01,19
1999,2024-01-01,51
1999,2024-02-01,51
1999,2024-03-01,48
1999,2024-04-01,48
1999,2024-05-01,48
1999,2024-06-01,45
1999,2024-07-01,44
1999,2024-08-01,44
1999,2024-09-01,44
1999,2024-10-01,42
1999,2024-11-01,40
1999,2024-12-01,39
1999,2025-01-01,36
1999,2025-02-01,35
1999,2025-03-01,34
1999,2025-04-01,33
1999,2025-05-01,33
1999,2025-06-01,33
1999,2025-07-01,32
1999,2025-08-01,31
1999,2025-09-01,29
1999,2025-10-01,26
1999,2025-11-01,25
1999,2025-12-01,23
2000,2024-01-01,34
2000,2024-02-01,33
2000,2024-03-01,30
2000,2024-04-01,30
2000,2024-05-01,27
2000,2024-06-01,26
2000,2024-07-01,24
2000,2024-08-01,24
2000,2024-09-01,22
2000,2024-10-01,21
2000,2024-11-01,21
2000,2024-12-01,19
2000,2025-01-01,18
2000,2025-02-01,16
2000,2025-03-01,13
2000,2025-04-01,10
2000,2025-05-01,9
2000,2025-06-01,7
2000,2025-07-01,6
2000,2025-08-01,4
2000,2025-09-01,4
2000,2025-10-01,3
2000,2025-11-01,2
2000,2025-12-01,1
